route,source_file,surface,content_mode,review_tier,review_status,words,text_kind,voice_layer,source
/,src/pages/index.astro,core,authored static page,1,full editorial review,,,,
/about/,src/pages/about.astro,core,authored static page,1,full editorial review,,,,
/about/dpreturns/,src/pages/about/dpreturns.astro,core,authored static page,1,full editorial review,,,,
/about/project/,src/pages/about/project.astro,core,authored static page,1,full editorial review,,,,
/archive/,src/pages/archive/index.astro,hub,authored collection framing,1,full editorial review,,,,
/archive/history/,src/content/archive/history.md,archive,preserved community artifact,2,verify against capture,549,verbatim,frontline,Wayback capture identified by captureUrl
/archive/p492/,src/content/archive/p492.md,archive,preserved community artifact,2,verify against capture,2244,verbatim,frontline,Wayback capture identified by captureUrl
/archive/p501/,src/content/archive/p501.md,archive,preserved community artifact,2,verify against capture,1049,verbatim,frontline,Wayback capture identified by captureUrl
/archive/p513/,src/content/archive/p513.md,archive,preserved community artifact,2,verify against capture,347,verbatim,frontline,Wayback capture identified by captureUrl
/archive/player-quotes/,src/content/archive/player-quotes.md,archive,preserved community artifact,2,verify against capture,145,edited-excerpt,frontline,Wayback capture identified by captureUrl
/archive/topic-705/,src/content/archive/topic-705.md,archive,preserved community artifact,2,verify against capture,652,verbatim,frontline,Wayback capture identified by captureUrl
/archive/topic-724/,src/content/archive/topic-724.md,archive,preserved community artifact,2,verify against capture,150,verbatim,frontline,Wayback capture identified by captureUrl
/archive/topic-731/,src/content/archive/topic-731.md,archive,preserved community artifact,2,verify against capture,2935,verbatim,frontline,Wayback capture identified by captureUrl
/archive/topic-737/,src/content/archive/topic-737.md,archive,preserved community artifact,2,verify against capture,906,verbatim,frontline,Wayback capture identified by captureUrl
/blog/,src/pages/blog/index.astro,hub,authored collection framing,1,full editorial review,,,,
/blog/historical-posts/,src/content/blog/historical-posts.md,blog,authored editorial,1,replace or remove,104,summary,frontline,https://web.archive.org/web/*/http://darkpawns.com/main.html
/blog/resurrection/,src/content/blog/resurrection.md,blog,authored editorial,1,rewrite and source review,241,original,mythic-admin,Dark Pawns repository and Zach
/blog/website-launch/,src/content/blog/website-launch.md,blog,authored editorial,1,rewrite and source review,215,original,mythic-admin,Dark Pawns repository and recovered Wayback captures
/contact/,src/pages/contact.astro,core,authored static page,1,full editorial review,,,,
/credits/,src/pages/credits.astro,core,authored static page,1,full editorial review,,,,
/database/,src/pages/database.astro,core,authored static page,1,full editorial review,,,,
/docs/,src/pages/docs/index.astro,hub,authored collection framing,1,full editorial review,,,,
/docs/agents/,src/pages/docs/[section]/index.astro,docs-hub,generated section index,3,template review,,,,
/docs/agents/dp-agent/,src/content/docs/agents/dp-agent.md,docs,authored technical documentation,3,technical accuracy review,170,,,website-astro/src/content/docs/agents/dp-agent.md
/docs/agents/memory/,src/content/docs/agents/memory.md,docs,authored technical documentation,3,technical accuracy review,183,,,website-astro/src/content/docs/agents/memory.md
/docs/agents/overview/,src/content/docs/agents/overview.md,docs,authored technical documentation,3,technical accuracy review,153,,,website-astro/src/content/docs/agents/overview.md
/docs/agents/protocol/,src/content/docs/agents/protocol.md,docs,authored technical documentation,3,technical accuracy review,206,,,website-astro/src/content/docs/agents/protocol.md
/docs/getting-started/,src/pages/docs/[section]/index.astro,docs-hub,generated section index,3,template review,,,,
/docs/getting-started/local-server/,src/content/docs/getting-started/local-server.md,docs,authored technical documentation,3,technical accuracy review,122,,,website-astro/src/content/docs/getting-started/local-server.md
/docs/research/,src/pages/docs/[section]/index.astro,docs-hub,generated section index,3,template review,,,,
/docs/research/agent-memory/,src/content/docs/research/agent-memory.md,docs,authored technical documentation,3,technical accuracy review,158,,,website-astro/src/content/docs/research/agent-memory.md
/docs/research/port-fidelity/,src/content/docs/research/port-fidelity.md,docs,authored technical documentation,3,technical accuracy review,185,,,website-astro/src/content/docs/research/port-fidelity.md
/docs/server/,src/pages/docs/[section]/index.astro,docs-hub,generated section index,3,template review,,,,
/docs/server/architecture/,src/content/docs/server/architecture.md,docs,authored technical documentation,3,technical accuracy review,246,,,website-astro/src/content/docs/server/architecture.md
/docs/server/contributing/,src/content/docs/server/contributing.md,docs,authored technical documentation,3,technical accuracy review,138,,,website-astro/src/content/docs/server/contributing.md
/help/,src/pages/help/index.astro,hub,authored collection framing,1,full editorial review,,,,
/help/commands/,src/pages/help/[category]/index.astro,help-hub,generated section index,3,template review,,,,
/help/commands/abilities/,src/content/help/commands/abilities.md,help,fidelity-protected reference,4,template-and-sample QA,50,verbatim,engine,
/help/commands/aid-first-first-aid/,src/content/help/commands/aid-first-first-aid.md,help,fidelity-protected reference,4,template-and-sample QA,33,verbatim,engine,
/help/commands/alias-aliases/,src/content/help/commands/alias-aliases.md,help,fidelity-protected reference,4,template-and-sample QA,279,verbatim,engine,
/help/commands/ambush/,src/content/help/commands/ambush.md,help,fidelity-protected reference,4,template-and-sample QA,70,verbatim,engine,
/help/commands/ansi-color/,src/content/help/commands/ansi-color.md,help,fidelity-protected reference,4,template-and-sample QA,141,verbatim,engine,
/help/commands/appraise/,src/content/help/commands/appraise.md,help,fidelity-protected reference,4,template-and-sample QA,35,verbatim,engine,
/help/commands/assist/,src/content/help/commands/assist.md,help,fidelity-protected reference,4,template-and-sample QA,90,verbatim,engine,
/help/commands/auction-channel-channels-gossip-grats-noauction-nogossip-nograts/,src/content/help/commands/auction-channel-channels-gossip-grats-noauction-nogossip-nograts.md,help,fidelity-protected reference,4,template-and-sample QA,134,verbatim,engine,
/help/commands/auto-loot-split/,src/content/help/commands/auto-loot-split.md,help,fidelity-protected reference,4,template-and-sample QA,103,verbatim,engine,
/help/commands/backstab/,src/content/help/commands/backstab.md,help,fidelity-protected reference,4,template-and-sample QA,89,verbatim,engine,
/help/commands/bang-caret/,src/content/help/commands/bang-caret.md,help,fidelity-protected reference,4,template-and-sample QA,88,verbatim,engine,
/help/commands/bank-withdraw-deposit-balance/,src/content/help/commands/bank-withdraw-deposit-balance.md,help,fidelity-protected reference,4,template-and-sample QA,47,verbatim,engine,
/help/commands/bash/,src/content/help/commands/bash.md,help,fidelity-protected reference,4,template-and-sample QA,106,verbatim,engine,
/help/commands/bearhug/,src/content/help/commands/bearhug.md,help,fidelity-protected reference,4,template-and-sample QA,52,verbatim,engine,
/help/commands/behead/,src/content/help/commands/behead.md,help,fidelity-protected reference,4,template-and-sample QA,33,verbatim,engine,
/help/commands/berserk/,src/content/help/commands/berserk.md,help,fidelity-protected reference,4,template-and-sample QA,61,verbatim,engine,
/help/commands/bite/,src/content/help/commands/bite.md,help,fidelity-protected reference,4,template-and-sample QA,65,verbatim,engine,
/help/commands/brief/,src/content/help/commands/brief.md,help,fidelity-protected reference,4,template-and-sample QA,138,verbatim,engine,
/help/commands/bug-typo-idea/,src/content/help/commands/bug-typo-idea.md,help,fidelity-protected reference,4,template-and-sample QA,81,verbatim,engine,
/help/commands/buy/,src/content/help/commands/buy.md,help,fidelity-protected reference,4,template-and-sample QA,122,verbatim,engine,
/help/commands/carve/,src/content/help/commands/carve.md,help,fidelity-protected reference,4,template-and-sample QA,49,verbatim,engine,
/help/commands/charge/,src/content/help/commands/charge.md,help,fidelity-protected reference,4,template-and-sample QA,52,verbatim,engine,
/help/commands/check-mail-receive/,src/content/help/commands/check-mail-receive.md,help,fidelity-protected reference,4,template-and-sample QA,100,verbatim,engine,
/help/commands/circle/,src/content/help/commands/circle.md,help,fidelity-protected reference,4,template-and-sample QA,67,verbatim,engine,
/help/commands/clan-clans/,src/content/help/commands/clan-clans.md,help,fidelity-protected reference,4,template-and-sample QA,495,verbatim,engine,
/help/commands/clear-cls/,src/content/help/commands/clear-cls.md,help,fidelity-protected reference,4,template-and-sample QA,20,verbatim,engine,
/help/commands/commands/,src/content/help/commands/commands.md,help,fidelity-protected reference,4,template-and-sample QA,45,verbatim,engine,
/help/commands/compact/,src/content/help/commands/compact.md,help,fidelity-protected reference,4,template-and-sample QA,37,verbatim,engine,
/help/commands/compare/,src/content/help/commands/compare.md,help,fidelity-protected reference,4,template-and-sample QA,47,verbatim,engine,
/help/commands/consider/,src/content/help/commands/consider.md,help,fidelity-protected reference,4,template-and-sample QA,62,verbatim,engine,
/help/commands/ctell/,src/content/help/commands/ctell.md,help,fidelity-protected reference,4,template-and-sample QA,59,verbatim,engine,
/help/commands/cutthroat/,src/content/help/commands/cutthroat.md,help,fidelity-protected reference,4,template-and-sample QA,49,verbatim,engine,
/help/commands/diagnose/,src/content/help/commands/diagnose.md,help,fidelity-protected reference,4,template-and-sample QA,70,verbatim,engine,
/help/commands/disarm/,src/content/help/commands/disarm.md,help,fidelity-protected reference,4,template-and-sample QA,36,verbatim,engine,
/help/commands/disembowel/,src/content/help/commands/disembowel.md,help,fidelity-protected reference,4,template-and-sample QA,51,verbatim,engine,
/help/commands/dismount/,src/content/help/commands/dismount.md,help,fidelity-protected reference,4,template-and-sample QA,26,verbatim,engine,
/help/commands/display-prompt/,src/content/help/commands/display-prompt.md,help,fidelity-protected reference,4,template-and-sample QA,83,verbatim,engine,
/help/commands/donate/,src/content/help/commands/donate.md,help,fidelity-protected reference,4,template-and-sample QA,93,verbatim,engine,
/help/commands/dragon-kick-dragon/,src/content/help/commands/dragon-kick-dragon.md,help,fidelity-protected reference,4,template-and-sample QA,38,verbatim,engine,
/help/commands/drop/,src/content/help/commands/drop.md,help,fidelity-protected reference,4,template-and-sample QA,82,verbatim,engine,
/help/commands/eat-drink-sip-taste/,src/content/help/commands/eat-drink-sip-taste.md,help,fidelity-protected reference,4,template-and-sample QA,35,verbatim,engine,
/help/commands/emote/,src/content/help/commands/emote.md,help,fidelity-protected reference,4,template-and-sample QA,52,verbatim,engine,
/help/commands/enter/,src/content/help/commands/enter.md,help,fidelity-protected reference,4,template-and-sample QA,39,verbatim,engine,
/help/commands/equipment/,src/content/help/commands/equipment.md,help,fidelity-protected reference,4,template-and-sample QA,37,verbatim,engine,
/help/commands/escape-of-the-mongoose-escape/,src/content/help/commands/escape-of-the-mongoose-escape.md,help,fidelity-protected reference,4,template-and-sample QA,69,verbatim,engine,
/help/commands/evasion/,src/content/help/commands/evasion.md,help,fidelity-protected reference,4,template-and-sample QA,40,verbatim,engine,
/help/commands/examine/,src/content/help/commands/examine.md,help,fidelity-protected reference,4,template-and-sample QA,36,verbatim,engine,
/help/commands/exits/,src/content/help/commands/exits.md,help,fidelity-protected reference,4,template-and-sample QA,53,verbatim,engine,
/help/commands/fill/,src/content/help/commands/fill.md,help,fidelity-protected reference,4,template-and-sample QA,44,verbatim,engine,
/help/commands/finger-whois/,src/content/help/commands/finger-whois.md,help,fidelity-protected reference,4,template-and-sample QA,22,verbatim,engine,
/help/commands/flee/,src/content/help/commands/flee.md,help,fidelity-protected reference,4,template-and-sample QA,95,verbatim,engine,
/help/commands/flesh-alter-flesh-alter/,src/content/help/commands/flesh-alter-flesh-alter.md,help,fidelity-protected reference,4,template-and-sample QA,97,verbatim,engine,
/help/commands/follow/,src/content/help/commands/follow.md,help,fidelity-protected reference,4,template-and-sample QA,39,verbatim,engine,
/help/commands/get-take/,src/content/help/commands/get-take.md,help,fidelity-protected reference,4,template-and-sample QA,84,verbatim,engine,
/help/commands/give/,src/content/help/commands/give.md,help,fidelity-protected reference,4,template-and-sample QA,39,verbatim,engine,
/help/commands/glance/,src/content/help/commands/glance.md,help,fidelity-protected reference,4,template-and-sample QA,32,verbatim,engine,
/help/commands/gold/,src/content/help/commands/gold.md,help,fidelity-protected reference,4,template-and-sample QA,54,verbatim,engine,
/help/commands/grab-hold/,src/content/help/commands/grab-hold.md,help,fidelity-protected reference,4,template-and-sample QA,45,verbatim,engine,
/help/commands/groinrip/,src/content/help/commands/groinrip.md,help,fidelity-protected reference,4,template-and-sample QA,42,verbatim,engine,
/help/commands/group/,src/content/help/commands/group.md,help,fidelity-protected reference,4,template-and-sample QA,256,verbatim,engine,
/help/commands/gsay-gtell/,src/content/help/commands/gsay-gtell.md,help,fidelity-protected reference,4,template-and-sample QA,41,verbatim,engine,
/help/commands/headbutt/,src/content/help/commands/headbutt.md,help,fidelity-protected reference,4,template-and-sample QA,49,verbatim,engine,
/help/commands/help/,src/content/help/commands/help.md,help,fidelity-protected reference,4,template-and-sample QA,92,verbatim,engine,
/help/commands/hide/,src/content/help/commands/hide.md,help,fidelity-protected reference,4,template-and-sample QA,87,verbatim,engine,
/help/commands/house/,src/content/help/commands/house.md,help,fidelity-protected reference,4,template-and-sample QA,224,verbatim,engine,
/help/commands/inactive/,src/content/help/commands/inactive.md,help,fidelity-protected reference,4,template-and-sample QA,34,verbatim,engine,
/help/commands/info-news-policy-version-future/,src/content/help/commands/info-news-policy-version-future.md,help,fidelity-protected reference,4,template-and-sample QA,89,verbatim,engine,
/help/commands/infobar/,src/content/help/commands/infobar.md,help,fidelity-protected reference,4,template-and-sample QA,57,verbatim,engine,
/help/commands/inventory/,src/content/help/commands/inventory.md,help,fidelity-protected reference,4,template-and-sample QA,52,verbatim,engine,
/help/commands/junk/,src/content/help/commands/junk.md,help,fidelity-protected reference,4,template-and-sample QA,81,verbatim,engine,
/help/commands/kabuki/,src/content/help/commands/kabuki.md,help,fidelity-protected reference,4,template-and-sample QA,83,verbatim,engine,
/help/commands/kick/,src/content/help/commands/kick.md,help,fidelity-protected reference,4,template-and-sample QA,62,verbatim,engine,
/help/commands/kill-hit/,src/content/help/commands/kill-hit.md,help,fidelity-protected reference,4,template-and-sample QA,44,verbatim,engine,
/help/commands/kuji-kiri-rin-kyo-toh-sha-kai-jin-retsu-zai-zhen/,src/content/help/commands/kuji-kiri-rin-kyo-toh-sha-kai-jin-retsu-zai-zhen.md,help,fidelity-protected reference,4,template-and-sample QA,130,verbatim,engine,
/help/commands/leave/,src/content/help/commands/leave.md,help,fidelity-protected reference,4,template-and-sample QA,33,verbatim,engine,
/help/commands/levels/,src/content/help/commands/levels.md,help,fidelity-protected reference,4,template-and-sample QA,30,verbatim,engine,
/help/commands/lines/,src/content/help/commands/lines.md,help,fidelity-protected reference,4,template-and-sample QA,69,verbatim,engine,
/help/commands/list/,src/content/help/commands/list.md,help,fidelity-protected reference,4,template-and-sample QA,101,verbatim,engine,
/help/commands/look/,src/content/help/commands/look.md,help,fidelity-protected reference,4,template-and-sample QA,149,verbatim,engine,
/help/commands/motd/,src/content/help/commands/motd.md,help,fidelity-protected reference,4,template-and-sample QA,57,verbatim,engine,
/help/commands/multi-multiplay-multi-play/,src/content/help/commands/multi-multiplay-multi-play.md,help,fidelity-protected reference,4,template-and-sample QA,255,verbatim,engine,
/help/commands/murder/,src/content/help/commands/murder.md,help,fidelity-protected reference,4,template-and-sample QA,42,verbatim,engine,
/help/commands/neckbreak/,src/content/help/commands/neckbreak.md,help,fidelity-protected reference,4,template-and-sample QA,39,verbatim,engine,
/help/commands/newbie/,src/content/help/commands/newbie.md,help,fidelity-protected reference,4,template-and-sample QA,290,verbatim,engine,
/help/commands/norepeat/,src/content/help/commands/norepeat.md,help,fidelity-protected reference,4,template-and-sample QA,66,verbatim,engine,
/help/commands/north-south-east-west-up-down/,src/content/help/commands/north-south-east-west-up-down.md,help,fidelity-protected reference,4,template-and-sample QA,47,verbatim,engine,
/help/commands/noshout/,src/content/help/commands/noshout.md,help,fidelity-protected reference,4,template-and-sample QA,50,verbatim,engine,
/help/commands/nosummon/,src/content/help/commands/nosummon.md,help,fidelity-protected reference,4,template-and-sample QA,44,verbatim,engine,
/help/commands/notell/,src/content/help/commands/notell.md,help,fidelity-protected reference,4,template-and-sample QA,59,verbatim,engine,
/help/commands/offer-rent/,src/content/help/commands/offer-rent.md,help,fidelity-protected reference,4,template-and-sample QA,123,verbatim,engine,
/help/commands/open-close-lock-unlock/,src/content/help/commands/open-close-lock-unlock.md,help,fidelity-protected reference,4,template-and-sample QA,43,verbatim,engine,
/help/commands/order/,src/content/help/commands/order.md,help,fidelity-protected reference,4,template-and-sample QA,52,verbatim,engine,
/help/commands/palm/,src/content/help/commands/palm.md,help,fidelity-protected reference,4,template-and-sample QA,72,verbatim,engine,
/help/commands/parry/,src/content/help/commands/parry.md,help,fidelity-protected reference,4,template-and-sample QA,90,verbatim,engine,
/help/commands/peek/,src/content/help/commands/peek.md,help,fidelity-protected reference,4,template-and-sample QA,65,verbatim,engine,
/help/commands/pick-locks-locks-lockpicks-picks/,src/content/help/commands/pick-locks-locks-lockpicks-picks.md,help,fidelity-protected reference,4,template-and-sample QA,89,verbatim,engine,
/help/commands/point/,src/content/help/commands/point.md,help,fidelity-protected reference,4,template-and-sample QA,29,verbatim,engine,
/help/commands/pour/,src/content/help/commands/pour.md,help,fidelity-protected reference,4,template-and-sample QA,53,verbatim,engine,
/help/commands/practice-practice-train/,src/content/help/commands/practice-practice-train.md,help,fidelity-protected reference,4,template-and-sample QA,152,verbatim,engine,
/help/commands/put/,src/content/help/commands/put.md,help,fidelity-protected reference,4,template-and-sample QA,33,verbatim,engine,
/help/commands/qsay/,src/content/help/commands/qsay.md,help,fidelity-protected reference,4,template-and-sample QA,25,verbatim,engine,
/help/commands/quaff-potion-potions/,src/content/help/commands/quaff-potion-potions.md,help,fidelity-protected reference,4,template-and-sample QA,29,verbatim,engine,
/help/commands/quest/,src/content/help/commands/quest.md,help,fidelity-protected reference,4,template-and-sample QA,94,verbatim,engine,
/help/commands/qui-shutdow/,src/content/help/commands/qui-shutdow.md,help,fidelity-protected reference,4,template-and-sample QA,30,verbatim,engine,
/help/commands/quit/,src/content/help/commands/quit.md,help,fidelity-protected reference,4,template-and-sample QA,162,verbatim,engine,
/help/commands/read/,src/content/help/commands/read.md,help,fidelity-protected reference,4,template-and-sample QA,51,verbatim,engine,
/help/commands/reallyquit/,src/content/help/commands/reallyquit.md,help,fidelity-protected reference,4,template-and-sample QA,59,verbatim,engine,
/help/commands/recall/,src/content/help/commands/recall.md,help,fidelity-protected reference,4,template-and-sample QA,50,verbatim,engine,
/help/commands/recharge-recharger/,src/content/help/commands/recharge-recharger.md,help,fidelity-protected reference,4,template-and-sample QA,39,verbatim,engine,
/help/commands/recite-scroll-scrolls/,src/content/help/commands/recite-scroll-scrolls.md,help,fidelity-protected reference,4,template-and-sample QA,75,verbatim,engine,
/help/commands/remove/,src/content/help/commands/remove.md,help,fidelity-protected reference,4,template-and-sample QA,55,verbatim,engine,
/help/commands/reply/,src/content/help/commands/reply.md,help,fidelity-protected reference,4,template-and-sample QA,98,verbatim,engine,
/help/commands/report/,src/content/help/commands/report.md,help,fidelity-protected reference,4,template-and-sample QA,35,verbatim,engine,
/help/commands/rescue/,src/content/help/commands/rescue.md,help,fidelity-protected reference,4,template-and-sample QA,71,verbatim,engine,
/help/commands/retreat/,src/content/help/commands/retreat.md,help,fidelity-protected reference,4,template-and-sample QA,58,verbatim,engine,
/help/commands/retrieve/,src/content/help/commands/retrieve.md,help,fidelity-protected reference,4,template-and-sample QA,68,verbatim,engine,
/help/commands/review/,src/content/help/commands/review.md,help,fidelity-protected reference,4,template-and-sample QA,23,verbatim,engine,
/help/commands/ride-mount-mounts/,src/content/help/commands/ride-mount-mounts.md,help,fidelity-protected reference,4,template-and-sample QA,27,verbatim,engine,
/help/commands/rsay/,src/content/help/commands/rsay.md,help,fidelity-protected reference,4,template-and-sample QA,40,verbatim,engine,
/help/commands/save/,src/content/help/commands/save.md,help,fidelity-protected reference,4,template-and-sample QA,141,verbatim,engine,
/help/commands/say-tell-ask-whisper-shout-holler/,src/content/help/commands/say-tell-ask-whisper-shout-holler.md,help,fidelity-protected reference,4,template-and-sample QA,128,verbatim,engine,
/help/commands/score/,src/content/help/commands/score.md,help,fidelity-protected reference,4,template-and-sample QA,58,verbatim,engine,
/help/commands/scout/,src/content/help/commands/scout.md,help,fidelity-protected reference,4,template-and-sample QA,60,verbatim,engine,
/help/commands/scrounge/,src/content/help/commands/scrounge.md,help,fidelity-protected reference,4,template-and-sample QA,32,verbatim,engine,
/help/commands/search-secret-doors-door-detect/,src/content/help/commands/search-secret-doors-door-detect.md,help,fidelity-protected reference,4,template-and-sample QA,72,verbatim,engine,
/help/commands/sell/,src/content/help/commands/sell.md,help,fidelity-protected reference,4,template-and-sample QA,87,verbatim,engine,
/help/commands/serpent-kick/,src/content/help/commands/serpent-kick.md,help,fidelity-protected reference,4,template-and-sample QA,52,verbatim,engine,
/help/commands/shadow/,src/content/help/commands/shadow.md,help,fidelity-protected reference,4,template-and-sample QA,49,verbatim,engine,
/help/commands/sharpen/,src/content/help/commands/sharpen.md,help,fidelity-protected reference,4,template-and-sample QA,42,verbatim,engine,
/help/commands/shoot-bow-arrow/,src/content/help/commands/shoot-bow-arrow.md,help,fidelity-protected reference,4,template-and-sample QA,60,verbatim,engine,
/help/commands/sleep/,src/content/help/commands/sleep.md,help,fidelity-protected reference,4,template-and-sample QA,134,verbatim,engine,
/help/commands/sleeper/,src/content/help/commands/sleeper.md,help,fidelity-protected reference,4,template-and-sample QA,71,verbatim,engine,
/help/commands/slug/,src/content/help/commands/slug.md,help,fidelity-protected reference,4,template-and-sample QA,43,verbatim,engine,
/help/commands/smackheads/,src/content/help/commands/smackheads.md,help,fidelity-protected reference,4,template-and-sample QA,63,verbatim,engine,
/help/commands/sneak/,src/content/help/commands/sneak.md,help,fidelity-protected reference,4,template-and-sample QA,68,verbatim,engine,
/help/commands/spike-stake/,src/content/help/commands/spike-stake.md,help,fidelity-protected reference,4,template-and-sample QA,79,verbatim,engine,
/help/commands/split/,src/content/help/commands/split.md,help,fidelity-protected reference,4,template-and-sample QA,100,verbatim,engine,
/help/commands/steal/,src/content/help/commands/steal.md,help,fidelity-protected reference,4,template-and-sample QA,84,verbatim,engine,
/help/commands/stealth/,src/content/help/commands/stealth.md,help,fidelity-protected reference,4,template-and-sample QA,62,verbatim,engine,
/help/commands/strike-of-revenge/,src/content/help/commands/strike-of-revenge.md,help,fidelity-protected reference,4,template-and-sample QA,54,verbatim,engine,
/help/commands/subdue/,src/content/help/commands/subdue.md,help,fidelity-protected reference,4,template-and-sample QA,67,verbatim,engine,
/help/commands/tag-it/,src/content/help/commands/tag-it.md,help,fidelity-protected reference,4,template-and-sample QA,35,verbatim,engine,
/help/commands/think/,src/content/help/commands/think.md,help,fidelity-protected reference,4,template-and-sample QA,22,verbatim,engine,
/help/commands/tiger-punch-tiger/,src/content/help/commands/tiger-punch-tiger.md,help,fidelity-protected reference,4,template-and-sample QA,46,verbatim,engine,
/help/commands/time/,src/content/help/commands/time.md,help,fidelity-protected reference,4,template-and-sample QA,139,verbatim,engine,
/help/commands/title/,src/content/help/commands/title.md,help,fidelity-protected reference,4,template-and-sample QA,61,verbatim,engine,
/help/commands/toggle/,src/content/help/commands/toggle.md,help,fidelity-protected reference,4,template-and-sample QA,97,verbatim,engine,
/help/commands/track/,src/content/help/commands/track.md,help,fidelity-protected reference,4,template-and-sample QA,80,verbatim,engine,
/help/commands/transform/,src/content/help/commands/transform.md,help,fidelity-protected reference,4,template-and-sample QA,74,verbatim,engine,
/help/commands/trip/,src/content/help/commands/trip.md,help,fidelity-protected reference,4,template-and-sample QA,27,verbatim,engine,
/help/commands/turn/,src/content/help/commands/turn.md,help,fidelity-protected reference,4,template-and-sample QA,111,verbatim,engine,
/help/commands/ungroup/,src/content/help/commands/ungroup.md,help,fidelity-protected reference,4,template-and-sample QA,56,verbatim,engine,
/help/commands/use-wand-staff-staffs-wands/,src/content/help/commands/use-wand-staff-staffs-wands.md,help,fidelity-protected reference,4,template-and-sample QA,100,verbatim,engine,
/help/commands/value/,src/content/help/commands/value.md,help,fidelity-protected reference,4,template-and-sample QA,54,verbatim,engine,
/help/commands/visible/,src/content/help/commands/visible.md,help,fidelity-protected reference,4,template-and-sample QA,40,verbatim,engine,
/help/commands/wake-sleeping-rest-sit-stand/,src/content/help/commands/wake-sleeping-rest-sit-stand.md,help,fidelity-protected reference,4,template-and-sample QA,95,verbatim,engine,
/help/commands/wear/,src/content/help/commands/wear.md,help,fidelity-protected reference,4,template-and-sample QA,107,verbatim,engine,
/help/commands/weather/,src/content/help/commands/weather.md,help,fidelity-protected reference,4,template-and-sample QA,44,verbatim,engine,
/help/commands/who/,src/content/help/commands/who.md,help,fidelity-protected reference,4,template-and-sample QA,161,verbatim,engine,
/help/commands/whoami/,src/content/help/commands/whoami.md,help,fidelity-protected reference,4,template-and-sample QA,47,verbatim,engine,
/help/commands/wield/,src/content/help/commands/wield.md,help,fidelity-protected reference,4,template-and-sample QA,53,verbatim,engine,
/help/commands/wimpy/,src/content/help/commands/wimpy.md,help,fidelity-protected reference,4,template-and-sample QA,112,verbatim,engine,
/help/commands/wizlist-immlist/,src/content/help/commands/wizlist-immlist.md,help,fidelity-protected reference,4,template-and-sample QA,39,verbatim,engine,
/help/commands/write/,src/content/help/commands/write.md,help,fidelity-protected reference,4,template-and-sample QA,92,verbatim,engine,
/help/commands/yank/,src/content/help/commands/yank.md,help,fidelity-protected reference,4,template-and-sample QA,28,verbatim,engine,
/help/info/,src/pages/help/[category]/index.astro,help-hub,generated section index,3,template review,,,,
/help/info/ac-armor/,src/content/help/info/ac-armor.md,help,fidelity-protected reference,4,template-and-sample QA,53,verbatim,engine,
/help/info/afk/,src/content/help/info/afk.md,help,fidelity-protected reference,4,template-and-sample QA,59,verbatim,engine,
/help/info/age/,src/content/help/info/age.md,help,fidelity-protected reference,4,template-and-sample QA,46,verbatim,engine,
/help/info/alignment-good-evil-neutral/,src/content/help/info/alignment-good-evil-neutral.md,help,fidelity-protected reference,4,template-and-sample QA,61,verbatim,engine,
/help/info/areas/,src/content/help/info/areas.md,help,fidelity-protected reference,4,template-and-sample QA,54,verbatim,engine,
/help/info/assassin-assassins/,src/content/help/info/assassin-assassins.md,help,fidelity-protected reference,4,template-and-sample QA,123,verbatim,engine,
/help/info/attitude-attitudes-24-atti/,src/content/help/info/attitude-attitudes-24-atti.md,help,fidelity-protected reference,4,template-and-sample QA,36,verbatim,engine,
/help/info/avatar-avatars/,src/content/help/info/avatar-avatars.md,help,fidelity-protected reference,4,template-and-sample QA,170,verbatim,engine,
/help/info/bft/,src/content/help/info/bft.md,help,fidelity-protected reference,4,template-and-sample QA,3,verbatim,engine,
/help/info/boards/,src/content/help/info/boards.md,help,fidelity-protected reference,4,template-and-sample QA,149,verbatim,engine,
/help/info/bribe-hire/,src/content/help/info/bribe-hire.md,help,fidelity-protected reference,4,template-and-sample QA,48,verbatim,engine,
/help/info/broadcast-broadcasts-nobroad/,src/content/help/info/broadcast-broadcasts-nobroad.md,help,fidelity-protected reference,4,template-and-sample QA,24,verbatim,engine,
/help/info/castle-castles/,src/content/help/info/castle-castles.md,help,fidelity-protected reference,4,template-and-sample QA,357,verbatim,engine,
/help/info/change-changes/,src/content/help/info/change-changes.md,help,fidelity-protected reference,4,template-and-sample QA,225,verbatim,engine,
/help/info/charisma-wisdom-intelligence-strength-dexterity-constitution-statistics-stats/,src/content/help/info/charisma-wisdom-intelligence-strength-dexterity-constitution-statistics-stats.md,help,fidelity-protected reference,4,template-and-sample QA,138,verbatim,engine,
/help/info/circlemud/,src/content/help/info/circlemud.md,help,fidelity-protected reference,4,template-and-sample QA,263,verbatim,engine,
/help/info/citizenship/,src/content/help/info/citizenship.md,help,fidelity-protected reference,4,template-and-sample QA,77,verbatim,engine,
/help/info/class-classes/,src/content/help/info/class-classes.md,help,fidelity-protected reference,4,template-and-sample QA,66,verbatim,engine,
/help/info/cleric-clerics/,src/content/help/info/cleric-clerics.md,help,fidelity-protected reference,4,template-and-sample QA,143,verbatim,engine,
/help/info/code-coding/,src/content/help/info/code-coding.md,help,fidelity-protected reference,4,template-and-sample QA,46,verbatim,engine,
/help/info/combat/,src/content/help/info/combat.md,help,fidelity-protected reference,4,template-and-sample QA,189,verbatim,engine,
/help/info/covered-cover-glow-glowing-hum-humming/,src/content/help/info/covered-cover-glow-glowing-hum-humming.md,help,fidelity-protected reference,4,template-and-sample QA,82,verbatim,engine,
/help/info/credits/,src/content/help/info/credits.md,help,fidelity-protected reference,4,template-and-sample QA,20,verbatim,engine,
/help/info/damage-race-slayer/,src/content/help/info/damage-race-slayer.md,help,fidelity-protected reference,4,template-and-sample QA,53,verbatim,engine,
/help/info/darkpawns/,src/content/help/info/darkpawns.md,help,fidelity-protected reference,4,template-and-sample QA,290,verbatim,engine,
/help/info/death-trap-dt/,src/content/help/info/death-trap-dt.md,help,fidelity-protected reference,4,template-and-sample QA,90,verbatim,engine,
/help/info/delete/,src/content/help/info/delete.md,help,fidelity-protected reference,4,template-and-sample QA,25,verbatim,engine,
/help/info/die-death-condie/,src/content/help/info/die-death-condie.md,help,fidelity-protected reference,4,template-and-sample QA,125,verbatim,engine,
/help/info/dream-dreams-nightmare-nightmares/,src/content/help/info/dream-dreams-nightmare-nightmares.md,help,fidelity-protected reference,4,template-and-sample QA,152,verbatim,engine,
/help/info/dwarf/,src/content/help/info/dwarf.md,help,fidelity-protected reference,4,template-and-sample QA,133,verbatim,engine,
/help/info/elf/,src/content/help/info/elf.md,help,fidelity-protected reference,4,template-and-sample QA,101,verbatim,engine,
/help/info/encumbrance-weight-encumberance-pts/,src/content/help/info/encumbrance-weight-encumberance-pts.md,help,fidelity-protected reference,4,template-and-sample QA,67,verbatim,engine,
/help/info/experience-xp/,src/content/help/info/experience-xp.md,help,fidelity-protected reference,4,template-and-sample QA,74,verbatim,engine,
/help/info/faq/,src/content/help/info/faq.md,help,fidelity-protected reference,4,template-and-sample QA,599,verbatim,engine,
/help/info/flags/,src/content/help/info/flags.md,help,fidelity-protected reference,4,template-and-sample QA,158,verbatim,engine,
/help/info/god-gods/,src/content/help/info/god-gods.md,help,fidelity-protected reference,4,template-and-sample QA,40,verbatim,engine,
/help/info/guild-guilds/,src/content/help/info/guild-guilds.md,help,fidelity-protected reference,4,template-and-sample QA,121,verbatim,engine,
/help/info/hitroll-hr-damroll-dr-saving-spell-saving-throw-throw-saving/,src/content/help/info/hitroll-hr-damroll-dr-saving-spell-saving-throw-throw-saving.md,help,fidelity-protected reference,4,template-and-sample QA,96,verbatim,engine,
/help/info/hometown-hometowns/,src/content/help/info/hometown-hometowns.md,help,fidelity-protected reference,4,template-and-sample QA,112,verbatim,engine,
/help/info/human/,src/content/help/info/human.md,help,fidelity-protected reference,4,template-and-sample QA,106,verbatim,engine,
/help/info/identify-identifier/,src/content/help/info/identify-identifier.md,help,fidelity-protected reference,4,template-and-sample QA,29,verbatim,engine,
/help/info/implementor/,src/content/help/info/implementor.md,help,fidelity-protected reference,4,template-and-sample QA,16,verbatim,engine,
/help/info/inn-inns-cryogenic-cryo-reception/,src/content/help/info/inn-inns-cryogenic-cryo-reception.md,help,fidelity-protected reference,4,template-and-sample QA,41,verbatim,engine,
/help/info/jail-guards-guard-cityguard/,src/content/help/info/jail-guards-guard-cityguard.md,help,fidelity-protected reference,4,template-and-sample QA,76,verbatim,engine,
/help/info/kender/,src/content/help/info/kender.md,help,fidelity-protected reference,4,template-and-sample QA,118,verbatim,engine,
/help/info/leg-legend-legends/,src/content/help/info/leg-legend-legends.md,help,fidelity-protected reference,4,template-and-sample QA,37,verbatim,engine,
/help/info/link-linkless/,src/content/help/info/link-linkless.md,help,fidelity-protected reference,4,template-and-sample QA,139,verbatim,engine,
/help/info/lycanthropy-werewolf-werewolves-lycanthrope/,src/content/help/info/lycanthropy-werewolf-werewolves-lycanthrope.md,help,fidelity-protected reference,4,template-and-sample QA,237,verbatim,engine,
/help/info/magic-user-wizard-mage-mages-wizards/,src/content/help/info/magic-user-wizard-mage-mages-wizards.md,help,fidelity-protected reference,4,template-and-sample QA,127,verbatim,engine,
/help/info/magick-magic/,src/content/help/info/magick-magic.md,help,fidelity-protected reference,4,template-and-sample QA,92,verbatim,engine,
/help/info/magus/,src/content/help/info/magus.md,help,fidelity-protected reference,4,template-and-sample QA,152,verbatim,engine,
/help/info/mana/,src/content/help/info/mana.md,help,fidelity-protected reference,4,template-and-sample QA,52,verbatim,engine,
/help/info/map/,src/content/help/info/map.md,help,fidelity-protected reference,4,template-and-sample QA,98,verbatim,engine,
/help/info/minotaur/,src/content/help/info/minotaur.md,help,fidelity-protected reference,4,template-and-sample QA,128,verbatim,engine,
/help/info/mob-mobile-npc-mobs/,src/content/help/info/mob-mobile-npc-mobs.md,help,fidelity-protected reference,4,template-and-sample QA,12,verbatim,engine,
/help/info/moongate-moon/,src/content/help/info/moongate-moon.md,help,fidelity-protected reference,4,template-and-sample QA,147,verbatim,engine,
/help/info/mushroom/,src/content/help/info/mushroom.md,help,fidelity-protected reference,4,template-and-sample QA,28,verbatim,engine,
/help/info/mystic-mystics/,src/content/help/info/mystic-mystics.md,help,fidelity-protected reference,4,template-and-sample QA,163,verbatim,engine,
/help/info/ninja-ninjas/,src/content/help/info/ninja-ninjas.md,help,fidelity-protected reference,4,template-and-sample QA,128,verbatim,engine,
/help/info/nobits/,src/content/help/info/nobits.md,help,fidelity-protected reference,4,template-and-sample QA,32,verbatim,engine,
/help/info/number-attacks/,src/content/help/info/number-attacks.md,help,fidelity-protected reference,4,template-and-sample QA,36,verbatim,engine,
/help/info/obsidian/,src/content/help/info/obsidian.md,help,fidelity-protected reference,4,template-and-sample QA,20,verbatim,engine,
/help/info/outlaw-outlaws/,src/content/help/info/outlaw-outlaws.md,help,fidelity-protected reference,4,template-and-sample QA,87,verbatim,engine,
/help/info/paladin/,src/content/help/info/paladin.md,help,fidelity-protected reference,4,template-and-sample QA,123,verbatim,engine,
/help/info/pk-player-killing-pkill-pkilling-pkiller/,src/content/help/info/pk-player-killing-pkill-pkilling-pkiller.md,help,fidelity-protected reference,4,template-and-sample QA,186,verbatim,engine,
/help/info/psionicist-psionics-psionist-psionic-psionics/,src/content/help/info/psionicist-psionics-psionist-psionic-psionics.md,help,fidelity-protected reference,4,template-and-sample QA,88,verbatim,engine,
/help/info/psteal-player-stealing-pstealing/,src/content/help/info/psteal-player-stealing-pstealing.md,help,fidelity-protected reference,4,template-and-sample QA,168,verbatim,engine,
/help/info/puddle-puddles/,src/content/help/info/puddle-puddles.md,help,fidelity-protected reference,4,template-and-sample QA,30,verbatim,engine,
/help/info/race-races/,src/content/help/info/race-races.md,help,fidelity-protected reference,4,template-and-sample QA,143,verbatim,engine,
/help/info/rakshasa/,src/content/help/info/rakshasa.md,help,fidelity-protected reference,4,template-and-sample QA,93,verbatim,engine,
/help/info/ranger-rangers/,src/content/help/info/ranger-rangers.md,help,fidelity-protected reference,4,template-and-sample QA,132,verbatim,engine,
/help/info/reagent-reagents-components-component/,src/content/help/info/reagent-reagents-components-component.md,help,fidelity-protected reference,4,template-and-sample QA,64,verbatim,engine,
/help/info/reimburse-reimbursement/,src/content/help/info/reimburse-reimbursement.md,help,fidelity-protected reference,4,template-and-sample QA,68,verbatim,engine,
/help/info/remort-immort-remorting-immorting-immortality/,src/content/help/info/remort-immort-remorting-immorting-immortality.md,help,fidelity-protected reference,4,template-and-sample QA,216,verbatim,engine,
/help/info/shops/,src/content/help/info/shops.md,help,fidelity-protected reference,4,template-and-sample QA,128,verbatim,engine,
/help/info/someone/,src/content/help/info/someone.md,help,fidelity-protected reference,4,template-and-sample QA,37,verbatim,engine,
/help/info/spell-spells/,src/content/help/info/spell-spells.md,help,fidelity-protected reference,4,template-and-sample QA,61,verbatim,engine,
/help/info/ssaur/,src/content/help/info/ssaur.md,help,fidelity-protected reference,4,template-and-sample QA,97,verbatim,engine,
/help/info/tank/,src/content/help/info/tank.md,help,fidelity-protected reference,4,template-and-sample QA,21,verbatim,engine,
/help/info/tattoo-tattoos-tatoo-tatoos/,src/content/help/info/tattoo-tattoos-tatoo-tatoos.md,help,fidelity-protected reference,4,template-and-sample QA,77,verbatim,engine,
/help/info/thief-thieves/,src/content/help/info/thief-thieves.md,help,fidelity-protected reference,4,template-and-sample QA,95,verbatim,engine,
/help/info/titan/,src/content/help/info/titan.md,help,fidelity-protected reference,4,template-and-sample QA,24,verbatim,engine,
/help/info/twink/,src/content/help/info/twink.md,help,fidelity-protected reference,4,template-and-sample QA,12,verbatim,engine,
/help/info/vampirism-vampire-vampires/,src/content/help/info/vampirism-vampire-vampires.md,help,fidelity-protected reference,4,template-and-sample QA,235,verbatim,engine,
/help/info/warrior-fighter-warriors/,src/content/help/info/warrior-fighter-warriors.md,help,fidelity-protected reference,4,template-and-sample QA,96,verbatim,engine,
/help/socials/,src/pages/help/[category]/index.astro,help-hub,generated section index,3,template review,,,,
/help/socials/derek-rich-steve-tarrant-hendrik-frontline-fl-orodreth-oro-aralius-ara-hulk/,src/content/help/socials/derek-rich-steve-tarrant-hendrik-frontline-fl-orodreth-oro-aralius-ara-hulk.md,help,fidelity-protected reference,4,template-and-sample QA,14,verbatim,engine,
/help/socials/french/,src/content/help/socials/french.md,help,fidelity-protected reference,4,template-and-sample QA,10,verbatim,engine,
/help/socials/kiss/,src/content/help/socials/kiss.md,help,fidelity-protected reference,4,template-and-sample QA,4,verbatim,engine,
/help/socials/nbk/,src/content/help/socials/nbk.md,help,fidelity-protected reference,4,template-and-sample QA,3,verbatim,engine,
/help/socials/paw/,src/content/help/socials/paw.md,help,fidelity-protected reference,4,template-and-sample QA,11,verbatim,engine,
/help/socials/serapis/,src/content/help/socials/serapis.md,help,fidelity-protected reference,4,template-and-sample QA,8,verbatim,engine,
/help/socials/smile/,src/content/help/socials/smile.md,help,fidelity-protected reference,4,template-and-sample QA,5,verbatim,engine,
/help/socials/socials/,src/content/help/socials/socials.md,help,fidelity-protected reference,4,template-and-sample QA,82,verbatim,engine,
/help/socials/terry-kate/,src/content/help/socials/terry-kate.md,help,fidelity-protected reference,4,template-and-sample QA,4,verbatim,engine,
/help/spells/,src/pages/help/[category]/index.astro,help-hub,generated section index,3,template review,,,,
/help/spells/acid-blast/,src/content/help/spells/acid-blast.md,help,fidelity-protected reference,4,template-and-sample QA,43,verbatim,engine,
/help/spells/adrenaline-boost/,src/content/help/spells/adrenaline-boost.md,help,fidelity-protected reference,4,template-and-sample QA,31,verbatim,engine,
/help/spells/animate-dead-animate-dead/,src/content/help/spells/animate-dead-animate-dead.md,help,fidelity-protected reference,4,template-and-sample QA,43,verbatim,engine,
/help/spells/bless/,src/content/help/spells/bless.md,help,fidelity-protected reference,4,template-and-sample QA,78,verbatim,engine,
/help/spells/blindness/,src/content/help/spells/blindness.md,help,fidelity-protected reference,4,template-and-sample QA,46,verbatim,engine,
/help/spells/burning-hands/,src/content/help/spells/burning-hands.md,help,fidelity-protected reference,4,template-and-sample QA,41,verbatim,engine,
/help/spells/call-lightning/,src/content/help/spells/call-lightning.md,help,fidelity-protected reference,4,template-and-sample QA,67,verbatim,engine,
/help/spells/cast/,src/content/help/spells/cast.md,help,fidelity-protected reference,4,template-and-sample QA,57,verbatim,engine,
/help/spells/cell-adjustment/,src/content/help/spells/cell-adjustment.md,help,fidelity-protected reference,4,template-and-sample QA,32,verbatim,engine,
/help/spells/chameleon/,src/content/help/spells/chameleon.md,help,fidelity-protected reference,4,template-and-sample QA,79,verbatim,engine,
/help/spells/change-density/,src/content/help/spells/change-density.md,help,fidelity-protected reference,4,template-and-sample QA,32,verbatim,engine,
/help/spells/charm-person/,src/content/help/spells/charm-person.md,help,fidelity-protected reference,4,template-and-sample QA,96,verbatim,engine,
/help/spells/chill-touch/,src/content/help/spells/chill-touch.md,help,fidelity-protected reference,4,template-and-sample QA,54,verbatim,engine,
/help/spells/colorspray-color-spray/,src/content/help/spells/colorspray-color-spray.md,help,fidelity-protected reference,4,template-and-sample QA,60,verbatim,engine,
/help/spells/conjure-elemental-conjure-elemental/,src/content/help/spells/conjure-elemental-conjure-elemental.md,help,fidelity-protected reference,4,template-and-sample QA,88,verbatim,engine,
/help/spells/control-weather/,src/content/help/spells/control-weather.md,help,fidelity-protected reference,4,template-and-sample QA,59,verbatim,engine,
/help/spells/create-food/,src/content/help/spells/create-food.md,help,fidelity-protected reference,4,template-and-sample QA,52,verbatim,engine,
/help/spells/create-water/,src/content/help/spells/create-water.md,help,fidelity-protected reference,4,template-and-sample QA,68,verbatim,engine,
/help/spells/cure-blind/,src/content/help/spells/cure-blind.md,help,fidelity-protected reference,4,template-and-sample QA,38,verbatim,engine,
/help/spells/cure-critic/,src/content/help/spells/cure-critic.md,help,fidelity-protected reference,4,template-and-sample QA,22,verbatim,engine,
/help/spells/cure-light/,src/content/help/spells/cure-light.md,help,fidelity-protected reference,4,template-and-sample QA,20,verbatim,engine,
/help/spells/curse/,src/content/help/spells/curse.md,help,fidelity-protected reference,4,template-and-sample QA,80,verbatim,engine,
/help/spells/detect-alignment/,src/content/help/spells/detect-alignment.md,help,fidelity-protected reference,4,template-and-sample QA,52,verbatim,engine,
/help/spells/detect-invisibility/,src/content/help/spells/detect-invisibility.md,help,fidelity-protected reference,4,template-and-sample QA,30,verbatim,engine,
/help/spells/detect-magic/,src/content/help/spells/detect-magic.md,help,fidelity-protected reference,4,template-and-sample QA,32,verbatim,engine,
/help/spells/detect-poison/,src/content/help/spells/detect-poison.md,help,fidelity-protected reference,4,template-and-sample QA,48,verbatim,engine,
/help/spells/disintegration-disintegrate/,src/content/help/spells/disintegration-disintegrate.md,help,fidelity-protected reference,4,template-and-sample QA,44,verbatim,engine,
/help/spells/dispel-evil/,src/content/help/spells/dispel-evil.md,help,fidelity-protected reference,4,template-and-sample QA,60,verbatim,engine,
/help/spells/dispel-good/,src/content/help/spells/dispel-good.md,help,fidelity-protected reference,4,template-and-sample QA,60,verbatim,engine,
/help/spells/divine-intervention-divine-intervention/,src/content/help/spells/divine-intervention-divine-intervention.md,help,fidelity-protected reference,4,template-and-sample QA,47,verbatim,engine,
/help/spells/dominate/,src/content/help/spells/dominate.md,help,fidelity-protected reference,4,template-and-sample QA,54,verbatim,engine,
/help/spells/dream-travel/,src/content/help/spells/dream-travel.md,help,fidelity-protected reference,4,template-and-sample QA,75,verbatim,engine,
/help/spells/earthquake/,src/content/help/spells/earthquake.md,help,fidelity-protected reference,4,template-and-sample QA,45,verbatim,engine,
/help/spells/enchant-armor/,src/content/help/spells/enchant-armor.md,help,fidelity-protected reference,4,template-and-sample QA,80,verbatim,engine,
/help/spells/enchant-weapon/,src/content/help/spells/enchant-weapon.md,help,fidelity-protected reference,4,template-and-sample QA,93,verbatim,engine,
/help/spells/energy-drain/,src/content/help/spells/energy-drain.md,help,fidelity-protected reference,4,template-and-sample QA,35,verbatim,engine,
/help/spells/fireball/,src/content/help/spells/fireball.md,help,fidelity-protected reference,4,template-and-sample QA,44,verbatim,engine,
/help/spells/flame-arrow/,src/content/help/spells/flame-arrow.md,help,fidelity-protected reference,4,template-and-sample QA,43,verbatim,engine,
/help/spells/flame-strike/,src/content/help/spells/flame-strike.md,help,fidelity-protected reference,4,template-and-sample QA,69,verbatim,engine,
/help/spells/flesh-of-stone/,src/content/help/spells/flesh-of-stone.md,help,fidelity-protected reference,4,template-and-sample QA,43,verbatim,engine,
/help/spells/fly/,src/content/help/spells/fly.md,help,fidelity-protected reference,4,template-and-sample QA,32,verbatim,engine,
/help/spells/gate/,src/content/help/spells/gate.md,help,fidelity-protected reference,4,template-and-sample QA,97,verbatim,engine,
/help/spells/glyph-of-summoning/,src/content/help/spells/glyph-of-summoning.md,help,fidelity-protected reference,4,template-and-sample QA,67,verbatim,engine,
/help/spells/greater-perception/,src/content/help/spells/greater-perception.md,help,fidelity-protected reference,4,template-and-sample QA,44,verbatim,engine,
/help/spells/group-heal/,src/content/help/spells/group-heal.md,help,fidelity-protected reference,4,template-and-sample QA,26,verbatim,engine,
/help/spells/group-invisibility-group-invis/,src/content/help/spells/group-invisibility-group-invis.md,help,fidelity-protected reference,4,template-and-sample QA,42,verbatim,engine,
/help/spells/group-recall/,src/content/help/spells/group-recall.md,help,fidelity-protected reference,4,template-and-sample QA,49,verbatim,engine,
/help/spells/harm/,src/content/help/spells/harm.md,help,fidelity-protected reference,4,template-and-sample QA,34,verbatim,engine,
/help/spells/haste/,src/content/help/spells/haste.md,help,fidelity-protected reference,4,template-and-sample QA,34,verbatim,engine,
/help/spells/heal/,src/content/help/spells/heal.md,help,fidelity-protected reference,4,template-and-sample QA,56,verbatim,engine,
/help/spells/hellfire/,src/content/help/spells/hellfire.md,help,fidelity-protected reference,4,template-and-sample QA,36,verbatim,engine,
/help/spells/holy-shield/,src/content/help/spells/holy-shield.md,help,fidelity-protected reference,4,template-and-sample QA,45,verbatim,engine,
/help/spells/holy-ward-ward/,src/content/help/spells/holy-ward-ward.md,help,fidelity-protected reference,4,template-and-sample QA,34,verbatim,engine,
/help/spells/infravision/,src/content/help/spells/infravision.md,help,fidelity-protected reference,4,template-and-sample QA,53,verbatim,engine,
/help/spells/invigorate/,src/content/help/spells/invigorate.md,help,fidelity-protected reference,4,template-and-sample QA,28,verbatim,engine,
/help/spells/invisibility/,src/content/help/spells/invisibility.md,help,fidelity-protected reference,4,template-and-sample QA,45,verbatim,engine,
/help/spells/invulnerability-invuln-globe-globe-of-invulnerability/,src/content/help/spells/invulnerability-invuln-globe-globe-of-invulnerability.md,help,fidelity-protected reference,4,template-and-sample QA,47,verbatim,engine,
/help/spells/lay-hands-lay-hands/,src/content/help/spells/lay-hands-lay-hands.md,help,fidelity-protected reference,4,template-and-sample QA,27,verbatim,engine,
/help/spells/lesser-perception/,src/content/help/spells/lesser-perception.md,help,fidelity-protected reference,4,template-and-sample QA,53,verbatim,engine,
/help/spells/levitate/,src/content/help/spells/levitate.md,help,fidelity-protected reference,4,template-and-sample QA,32,verbatim,engine,
/help/spells/lightning-bolt/,src/content/help/spells/lightning-bolt.md,help,fidelity-protected reference,4,template-and-sample QA,41,verbatim,engine,
/help/spells/mass-dominate/,src/content/help/spells/mass-dominate.md,help,fidelity-protected reference,4,template-and-sample QA,45,verbatim,engine,
/help/spells/mass-heal/,src/content/help/spells/mass-heal.md,help,fidelity-protected reference,4,template-and-sample QA,34,verbatim,engine,
/help/spells/mental-lapse-mental-lapse/,src/content/help/spells/mental-lapse-mental-lapse.md,help,fidelity-protected reference,4,template-and-sample QA,46,verbatim,engine,
/help/spells/metalskin/,src/content/help/spells/metalskin.md,help,fidelity-protected reference,4,template-and-sample QA,27,verbatim,engine,
/help/spells/meteor-swarm-meteor-swarm/,src/content/help/spells/meteor-swarm-meteor-swarm.md,help,fidelity-protected reference,4,template-and-sample QA,55,verbatim,engine,
/help/spells/mind-attack-mindattack/,src/content/help/spells/mind-attack-mindattack.md,help,fidelity-protected reference,4,template-and-sample QA,65,verbatim,engine,
/help/spells/mind-bar-mindbar/,src/content/help/spells/mind-bar-mindbar.md,help,fidelity-protected reference,4,template-and-sample QA,53,verbatim,engine,
/help/spells/mind-blast-mindblast/,src/content/help/spells/mind-blast-mindblast.md,help,fidelity-protected reference,4,template-and-sample QA,35,verbatim,engine,
/help/spells/mind-poke-mindpoke/,src/content/help/spells/mind-poke-mindpoke.md,help,fidelity-protected reference,4,template-and-sample QA,39,verbatim,engine,
/help/spells/mind-sight-mindsight/,src/content/help/spells/mind-sight-mindsight.md,help,fidelity-protected reference,4,template-and-sample QA,92,verbatim,engine,
/help/spells/mirror-image-mirror-image/,src/content/help/spells/mirror-image-mirror-image.md,help,fidelity-protected reference,4,template-and-sample QA,51,verbatim,engine,
/help/spells/poison/,src/content/help/spells/poison.md,help,fidelity-protected reference,4,template-and-sample QA,76,verbatim,engine,
/help/spells/protection-from-evil/,src/content/help/spells/protection-from-evil.md,help,fidelity-protected reference,4,template-and-sample QA,51,verbatim,engine,
/help/spells/protection-from-good/,src/content/help/spells/protection-from-good.md,help,fidelity-protected reference,4,template-and-sample QA,57,verbatim,engine,
/help/spells/psiblast/,src/content/help/spells/psiblast.md,help,fidelity-protected reference,4,template-and-sample QA,64,verbatim,engine,
/help/spells/psychic-shield-psychic/,src/content/help/spells/psychic-shield-psychic.md,help,fidelity-protected reference,4,template-and-sample QA,49,verbatim,engine,
/help/spells/ray-of-disruption-ray-disruption/,src/content/help/spells/ray-of-disruption-ray-disruption.md,help,fidelity-protected reference,4,template-and-sample QA,48,verbatim,engine,
/help/spells/remove-curse/,src/content/help/spells/remove-curse.md,help,fidelity-protected reference,4,template-and-sample QA,29,verbatim,engine,
/help/spells/remove-poison/,src/content/help/spells/remove-poison.md,help,fidelity-protected reference,4,template-and-sample QA,34,verbatim,engine,
/help/spells/sanctuary/,src/content/help/spells/sanctuary.md,help,fidelity-protected reference,4,template-and-sample QA,62,verbatim,engine,
/help/spells/sense-life/,src/content/help/spells/sense-life.md,help,fidelity-protected reference,4,template-and-sample QA,52,verbatim,engine,
/help/spells/shift-reality-shift-reality/,src/content/help/spells/shift-reality-shift-reality.md,help,fidelity-protected reference,4,template-and-sample QA,65,verbatim,engine,
/help/spells/shocking-grasp/,src/content/help/spells/shocking-grasp.md,help,fidelity-protected reference,4,template-and-sample QA,41,verbatim,engine,
/help/spells/slow/,src/content/help/spells/slow.md,help,fidelity-protected reference,4,template-and-sample QA,59,verbatim,engine,
/help/spells/smokescreen-smoke/,src/content/help/spells/smokescreen-smoke.md,help,fidelity-protected reference,4,template-and-sample QA,44,verbatim,engine,
/help/spells/soul-leech/,src/content/help/spells/soul-leech.md,help,fidelity-protected reference,4,template-and-sample QA,47,verbatim,engine,
/help/spells/spell-strength/,src/content/help/spells/spell-strength.md,help,fidelity-protected reference,4,template-and-sample QA,31,verbatim,engine,
/help/spells/summon/,src/content/help/spells/summon.md,help,fidelity-protected reference,4,template-and-sample QA,131,verbatim,engine,
/help/spells/vitality/,src/content/help/spells/vitality.md,help,fidelity-protected reference,4,template-and-sample QA,25,verbatim,engine,
/help/spells/waterbreathe/,src/content/help/spells/waterbreathe.md,help,fidelity-protected reference,4,template-and-sample QA,34,verbatim,engine,
/help/spells/waterwalk/,src/content/help/spells/waterwalk.md,help,fidelity-protected reference,4,template-and-sample QA,25,verbatim,engine,
/help/spells/will/,src/content/help/spells/will.md,help,fidelity-protected reference,4,template-and-sample QA,62,verbatim,engine,
/help/spells/word-of-intellect/,src/content/help/spells/word-of-intellect.md,help,fidelity-protected reference,4,template-and-sample QA,37,verbatim,engine,
/help/spells/word-of-recall/,src/content/help/spells/word-of-recall.md,help,fidelity-protected reference,4,template-and-sample QA,75,verbatim,engine,
/help/spells/zen/,src/content/help/spells/zen.md,help,fidelity-protected reference,4,template-and-sample QA,44,verbatim,engine,
/help/wizhelp/,src/pages/help/[category]/index.astro,help-hub,generated section index,3,template review,,,,
/help/wizhelp/act-flags/,src/content/help/wizhelp/act-flags.md,help,fidelity-protected reference,4,template-and-sample QA,213,verbatim,engine,
/help/wizhelp/action-a-desc/,src/content/help/wizhelp/action-a-desc.md,help,fidelity-protected reference,4,template-and-sample QA,74,verbatim,engine,
/help/wizhelp/advance/,src/content/help/wizhelp/advance.md,help,fidelity-protected reference,4,template-and-sample QA,50,verbatim,engine,
/help/wizhelp/ban-unban/,src/content/help/wizhelp/ban-unban.md,help,fidelity-protected reference,4,template-and-sample QA,109,verbatim,engine,
/help/wizhelp/building-build/,src/content/help/wizhelp/building-build.md,help,fidelity-protected reference,4,template-and-sample QA,744,verbatim,engine,
/help/wizhelp/checkload/,src/content/help/wizhelp/checkload.md,help,fidelity-protected reference,4,template-and-sample QA,34,verbatim,engine,
/help/wizhelp/chosen/,src/content/help/wizhelp/chosen.md,help,fidelity-protected reference,4,template-and-sample QA,67,verbatim,engine,
/help/wizhelp/color-tags/,src/content/help/wizhelp/color-tags.md,help,fidelity-protected reference,4,template-and-sample QA,87,verbatim,engine,
/help/wizhelp/dark/,src/content/help/wizhelp/dark.md,help,fidelity-protected reference,4,template-and-sample QA,27,verbatim,engine,
/help/wizhelp/date/,src/content/help/wizhelp/date.md,help,fidelity-protected reference,4,template-and-sample QA,9,verbatim,engine,
/help/wizhelp/dc/,src/content/help/wizhelp/dc.md,help,fidelity-protected reference,4,template-and-sample QA,79,verbatim,engine,
/help/wizhelp/dig/,src/content/help/wizhelp/dig.md,help,fidelity-protected reference,4,template-and-sample QA,51,verbatim,engine,
/help/wizhelp/echo-gecho-qecho-send/,src/content/help/wizhelp/echo-gecho-qecho-send.md,help,fidelity-protected reference,4,template-and-sample QA,79,verbatim,engine,
/help/wizhelp/flow-room-flow-room-flow-north-flowing/,src/content/help/wizhelp/flow-room-flow-room-flow-north-flowing.md,help,fidelity-protected reference,4,template-and-sample QA,48,verbatim,engine,
/help/wizhelp/force/,src/content/help/wizhelp/force.md,help,fidelity-protected reference,4,template-and-sample QA,69,verbatim,engine,
/help/wizhelp/freeze-thaw/,src/content/help/wizhelp/freeze-thaw.md,help,fidelity-protected reference,4,template-and-sample QA,70,verbatim,engine,
/help/wizhelp/goto-trans-wizteleport/,src/content/help/wizhelp/goto-trans-wizteleport.md,help,fidelity-protected reference,4,template-and-sample QA,115,verbatim,engine,
/help/wizhelp/handbook/,src/content/help/wizhelp/handbook.md,help,fidelity-protected reference,4,template-and-sample QA,13,verbatim,engine,
/help/wizhelp/hcontrol/,src/content/help/wizhelp/hcontrol.md,help,fidelity-protected reference,4,template-and-sample QA,46,verbatim,engine,
/help/wizhelp/holylight/,src/content/help/wizhelp/holylight.md,help,fidelity-protected reference,4,template-and-sample QA,71,verbatim,engine,
/help/wizhelp/home/,src/content/help/wizhelp/home.md,help,fidelity-protected reference,4,template-and-sample QA,27,verbatim,engine,
/help/wizhelp/idlist/,src/content/help/wizhelp/idlist.md,help,fidelity-protected reference,4,template-and-sample QA,30,verbatim,engine,
/help/wizhelp/imotd/,src/content/help/wizhelp/imotd.md,help,fidelity-protected reference,4,template-and-sample QA,38,verbatim,engine,
/help/wizhelp/invis/,src/content/help/wizhelp/invis.md,help,fidelity-protected reference,4,template-and-sample QA,55,verbatim,engine,
/help/wizhelp/last/,src/content/help/wizhelp/last.md,help,fidelity-protected reference,4,template-and-sample QA,43,verbatim,engine,
/help/wizhelp/load/,src/content/help/wizhelp/load.md,help,fidelity-protected reference,4,template-and-sample QA,97,verbatim,engine,
/help/wizhelp/luaedit/,src/content/help/wizhelp/luaedit.md,help,fidelity-protected reference,4,template-and-sample QA,37,verbatim,engine,
/help/wizhelp/mold/,src/content/help/wizhelp/mold.md,help,fidelity-protected reference,4,template-and-sample QA,79,verbatim,engine,
/help/wizhelp/mute/,src/content/help/wizhelp/mute.md,help,fidelity-protected reference,4,template-and-sample QA,38,verbatim,engine,
/help/wizhelp/named/,src/content/help/wizhelp/named.md,help,fidelity-protected reference,4,template-and-sample QA,58,verbatim,engine,
/help/wizhelp/nohassle/,src/content/help/wizhelp/nohassle.md,help,fidelity-protected reference,4,template-and-sample QA,12,verbatim,engine,
/help/wizhelp/noise/,src/content/help/wizhelp/noise.md,help,fidelity-protected reference,4,template-and-sample QA,203,verbatim,engine,
/help/wizhelp/notitle/,src/content/help/wizhelp/notitle.md,help,fidelity-protected reference,4,template-and-sample QA,41,verbatim,engine,
/help/wizhelp/nowiz/,src/content/help/wizhelp/nowiz.md,help,fidelity-protected reference,4,template-and-sample QA,20,verbatim,engine,
/help/wizhelp/olc/,src/content/help/wizhelp/olc.md,help,fidelity-protected reference,4,template-and-sample QA,52,verbatim,engine,
/help/wizhelp/page/,src/content/help/wizhelp/page.md,help,fidelity-protected reference,4,template-and-sample QA,68,verbatim,engine,
/help/wizhelp/pardon/,src/content/help/wizhelp/pardon.md,help,fidelity-protected reference,4,template-and-sample QA,11,verbatim,engine,
/help/wizhelp/poofin-poofout/,src/content/help/wizhelp/poofin-poofout.md,help,fidelity-protected reference,4,template-and-sample QA,103,verbatim,engine,
/help/wizhelp/purge/,src/content/help/wizhelp/purge.md,help,fidelity-protected reference,4,template-and-sample QA,122,verbatim,engine,
/help/wizhelp/purgeplay/,src/content/help/wizhelp/purgeplay.md,help,fidelity-protected reference,4,template-and-sample QA,82,verbatim,engine,
/help/wizhelp/redit-sedit-oedit-medit-zedit-tedit/,src/content/help/wizhelp/redit-sedit-oedit-medit-zedit-tedit.md,help,fidelity-protected reference,4,template-and-sample QA,225,verbatim,engine,
/help/wizhelp/reload/,src/content/help/wizhelp/reload.md,help,fidelity-protected reference,4,template-and-sample QA,109,verbatim,engine,
/help/wizhelp/reroll/,src/content/help/wizhelp/reroll.md,help,fidelity-protected reference,4,template-and-sample QA,27,verbatim,engine,
/help/wizhelp/restore/,src/content/help/wizhelp/restore.md,help,fidelity-protected reference,4,template-and-sample QA,31,verbatim,engine,
/help/wizhelp/return/,src/content/help/wizhelp/return.md,help,fidelity-protected reference,4,template-and-sample QA,26,verbatim,engine,
/help/wizhelp/rlist-mlist-olist-zlist/,src/content/help/wizhelp/rlist-mlist-olist-zlist.md,help,fidelity-protected reference,4,template-and-sample QA,29,verbatim,engine,
/help/wizhelp/roomflags/,src/content/help/wizhelp/roomflags.md,help,fidelity-protected reference,4,template-and-sample QA,24,verbatim,engine,
/help/wizhelp/set/,src/content/help/wizhelp/set.md,help,fidelity-protected reference,4,template-and-sample QA,544,verbatim,engine,
/help/wizhelp/sethunt/,src/content/help/wizhelp/sethunt.md,help,fidelity-protected reference,4,template-and-sample QA,20,verbatim,engine,
/help/wizhelp/show/,src/content/help/wizhelp/show.md,help,fidelity-protected reference,4,template-and-sample QA,163,verbatim,engine,
/help/wizhelp/shutdown/,src/content/help/wizhelp/shutdown.md,help,fidelity-protected reference,4,template-and-sample QA,111,verbatim,engine,
/help/wizhelp/skillset/,src/content/help/wizhelp/skillset.md,help,fidelity-protected reference,4,template-and-sample QA,17,verbatim,engine,
/help/wizhelp/slowns/,src/content/help/wizhelp/slowns.md,help,fidelity-protected reference,4,template-and-sample QA,40,verbatim,engine,
/help/wizhelp/snoop/,src/content/help/wizhelp/snoop.md,help,fidelity-protected reference,4,template-and-sample QA,59,verbatim,engine,
/help/wizhelp/snowball/,src/content/help/wizhelp/snowball.md,help,fidelity-protected reference,4,template-and-sample QA,14,verbatim,engine,
/help/wizhelp/stat/,src/content/help/wizhelp/stat.md,help,fidelity-protected reference,4,template-and-sample QA,131,verbatim,engine,
/help/wizhelp/string/,src/content/help/wizhelp/string.md,help,fidelity-protected reference,4,template-and-sample QA,133,verbatim,engine,
/help/wizhelp/switch/,src/content/help/wizhelp/switch.md,help,fidelity-protected reference,4,template-and-sample QA,44,verbatim,engine,
/help/wizhelp/sysfile/,src/content/help/wizhelp/sysfile.md,help,fidelity-protected reference,4,template-and-sample QA,59,verbatim,engine,
/help/wizhelp/syslog/,src/content/help/wizhelp/syslog.md,help,fidelity-protected reference,4,template-and-sample QA,57,verbatim,engine,
/help/wizhelp/tick/,src/content/help/wizhelp/tick.md,help,fidelity-protected reference,4,template-and-sample QA,7,verbatim,engine,
/help/wizhelp/unaffect/,src/content/help/wizhelp/unaffect.md,help,fidelity-protected reference,4,template-and-sample QA,19,verbatim,engine,
/help/wizhelp/uptime/,src/content/help/wizhelp/uptime.md,help,fidelity-protected reference,4,template-and-sample QA,16,verbatim,engine,
/help/wizhelp/users/,src/content/help/wizhelp/users.md,help,fidelity-protected reference,4,template-and-sample QA,126,verbatim,engine,
/help/wizhelp/vnum/,src/content/help/wizhelp/vnum.md,help,fidelity-protected reference,4,template-and-sample QA,56,verbatim,engine,
/help/wizhelp/vstat/,src/content/help/wizhelp/vstat.md,help,fidelity-protected reference,4,template-and-sample QA,35,verbatim,engine,
/help/wizhelp/where/,src/content/help/wizhelp/where.md,help,fidelity-protected reference,4,template-and-sample QA,25,verbatim,engine,
/help/wizhelp/whod/,src/content/help/wizhelp/whod.md,help,fidelity-protected reference,4,template-and-sample QA,133,verbatim,engine,
/help/wizhelp/wizat/,src/content/help/wizhelp/wizat.md,help,fidelity-protected reference,4,template-and-sample QA,72,verbatim,engine,
/help/wizhelp/wizhelp/,src/content/help/wizhelp/wizhelp.md,help,fidelity-protected reference,4,template-and-sample QA,14,verbatim,engine,
/help/wizhelp/wizlock/,src/content/help/wizhelp/wizlock.md,help,fidelity-protected reference,4,template-and-sample QA,68,verbatim,engine,
/help/wizhelp/wiznet/,src/content/help/wizhelp/wiznet.md,help,fidelity-protected reference,4,template-and-sample QA,63,verbatim,engine,
/help/wizhelp/wnewbie/,src/content/help/wizhelp/wnewbie.md,help,fidelity-protected reference,4,template-and-sample QA,17,verbatim,engine,
/help/wizhelp/zreset/,src/content/help/wizhelp/zreset.md,help,fidelity-protected reference,4,template-and-sample QA,30,verbatim,engine,
/items/,src/pages/items/index.astro,items-index,generated database index,3,template-and-sample QA,,,,
/items/0.json,src/pages/items/[vnum].json.ts,agent-json,generated machine-readable record,3,schema-and-sample QA,,engine data,engine,active world files
/items/0/,src/pages/items/[vnum].astro,items,generated world-file record,3,template-and-sample QA,,engine data,engine,active world files
/items/1.json,src/pages/items/[vnum].json.ts,agent-json,generated machine-readable record,3,schema-and-sample QA,,engine data,engine,active world files
/items/1/,src/pages/items/[vnum].astro,items,generated world-file record,3,template-and-sample QA,,engine data,engine,active world files
/items/1000.json,src/pages/items/[vnum].json.ts,agent-json,generated machine-readable record,3,schema-and-sample QA,,engine data,engine,active world files
/items/1000/,src/pages/items/[vnum].astro,items,generated world-file record,3,template-and-sample QA,,engine data,engine,active world files
/items/1001.json,src/pages/items/[vnum].json.ts,agent-json,generated machine-readable record,3,schema-and-sample QA,,engine data,engine,active world files
/items/1001/,src/pages/items/[vnum].astro,items,generated world-file record,3,template-and-sample QA,,engine data,engine,active world files
/items/10010.json,src/pages/items/[vnum].json.ts,agent-json,generated machine-readable record,3,schema-and-sample QA,,engine data,engine,active world files
/items/10010/,src/pages/items/[vnum].astro,items,generated world-file record,3,template-and-sample QA,,engine data,engine,active world files
/items/10011.json,src/pages/items/[vnum].json.ts,agent-json,generated machine-readable record,3,schema-and-sample QA,,engine data,engine,active world files
/items/10011/,src/pages/items/[vnum].astro,items,generated world-file record,3,template-and-sample QA,,engine data,engine,active world files
/items/1002.json,src/pages/items/[vnum].json.ts,agent-json,generated machine-readable record,3,schema-and-sample QA,,engine data,engine,active world files
/items/1002/,src/pages/items/[vnum].astro,items,generated world-file record,3,template-and-sample QA,,engine data,engine,active world files
/items/1003.json,src/pages/items/[vnum].json.ts,agent-json,generated machine-readable record,3,schema-and-sample QA,,engine data,engine,active world files
/items/1003/,src/pages/items/[vnum].astro,items,generated world-file record,3,template-and-sample QA,,engine data,engine,active world files
/items/1004.json,src/pages/items/[vnum].json.ts,agent-json,generated machine-readable record,3,schema-and-sample QA,,engine data,engine,active world files
/items/1004/,src/pages/items/[vnum].astro,items,generated world-file record,3,template-and-sample QA,,engine data,engine,active world files
/items/1005.json,src/pages/items/[vnum].json.ts,agent-json,generated machine-readable record,3,schema-and-sample QA,,engine data,engine,active world files
/items/1005/,src/pages/items/[vnum].astro,items,generated world-file record,3,template-and-sample QA,,engine data,engine,active world files
/items/1006.json,src/pages/items/[vnum].json.ts,agent-json,generated machine-readable record,3,schema-and-sample QA,,engine data,engine,active world files
/items/1006/,src/pages/items/[vnum].astro,items,generated world-file record,3,template-and-sample QA,,engine data,engine,active world files
/items/1007.json,src/pages/items/[vnum].json.ts,agent-json,generated machine-readable record,3,schema-and-sample QA,,engine data,engine,active world files
/items/1007/,src/pages/items/[vnum].astro,items,generated world-file record,3,template-and-sample QA,,engine data,engine,active world files
/items/1008.json,src/pages/items/[vnum].json.ts,agent-json,generated machine-readable record,3,schema-and-sample QA,,engine data,engine,active world files
/items/1008/,src/pages/items/[vnum].astro,items,generated world-file record,3,template-and-sample QA,,engine data,engine,active world files
/items/1009.json,src/pages/items/[vnum].json.ts,agent-json,generated machine-readable record,3,schema-and-sample QA,,engine data,engine,active world files
/items/1009/,src/pages/items/[vnum].astro,items,generated world-file record,3,template-and-sample QA,,engine data,engine,active world files
/items/101.json,src/pages/items/[vnum].json.ts,agent-json,generated machine-readable record,3,schema-and-sample QA,,engine data,engine,active world files
/items/101/,src/pages/items/[vnum].astro,items,generated world-file record,3,template-and-sample QA,,engine data,engine,active world files
/items/1010.json,src/pages/items/[vnum].json.ts,agent-json,generated machine-readable record,3,schema-and-sample QA,,engine data,engine,active world files
/items/1010/,src/pages/items/[vnum].astro,items,generated world-file record,3,template-and-sample QA,,engine data,engine,active world files
/items/102.json,src/pages/items/[vnum].json.ts,agent-json,generated machine-readable record,3,schema-and-sample QA,,engine data,engine,active world files
/items/102/,src/pages/items/[vnum].astro,items,generated world-file record,3,template-and-sample QA,,engine data,engine,active world files
/items/103.json,src/pages/items/[vnum].json.ts,agent-json,generated machine-readable record,3,schema-and-sample QA,,engine data,engine,active world files
/items/103/,src/pages/items/[vnum].astro,items,generated world-file record,3,template-and-sample QA,,engine data,engine,active world files
/items/104.json,src/pages/items/[vnum].json.ts,agent-json,generated machine-readable record,3,schema-and-sample QA,,engine data,engine,active world files
/items/104/,src/pages/items/[vnum].astro,items,generated world-file record,3,template-and-sample QA,,engine data,engine,active world files
/items/105.json,src/pages/items/[vnum].json.ts,agent-json,generated machine-readable record,3,schema-and-sample QA,,engine data,engine,active world files
/items/105/,src/pages/items/[vnum].astro,items,generated world-file record,3,template-and-sample QA,,engine data,engine,active world files
/items/106.json,src/pages/items/[vnum].json.ts,agent-json,generated machine-readable record,3,schema-and-sample QA,,engine data,engine,active world files
/items/106/,src/pages/items/[vnum].astro,items,generated world-file record,3,template-and-sample QA,,engine data,engine,active world files
/items/107.json,src/pages/items/[vnum].json.ts,agent-json,generated machine-readable record,3,schema-and-sample QA,,engine data,engine,active world files
/items/107/,src/pages/items/[vnum].astro,items,generated world-file record,3,template-and-sample QA,,engine data,engine,active world files
/items/108.json,src/pages/items/[vnum].json.ts,agent-json,generated machine-readable record,3,schema-and-sample QA,,engine data,engine,active world files
/items/108/,src/pages/items/[vnum].astro,items,generated world-file record,3,template-and-sample QA,,engine data,engine,active world files
/items/109.json,src/pages/items/[vnum].json.ts,agent-json,generated machine-readable record,3,schema-and-sample QA,,engine data,engine,active world files
/items/109/,src/pages/items/[vnum].astro,items,generated world-file record,3,template-and-sample QA,,engine data,engine,active world files
/items/11.json,src/pages/items/[vnum].json.ts,agent-json,generated machine-readable record,3,schema-and-sample QA,,engine data,engine,active world files
/items/11/,src/pages/items/[vnum].astro,items,generated world-file record,3,template-and-sample QA,,engine data,engine,active world files
/items/110.json,src/pages/items/[vnum].json.ts,agent-json,generated machine-readable record,3,schema-and-sample QA,,engine data,engine,active world files
/items/110/,src/pages/items/[vnum].astro,items,generated world-file record,3,template-and-sample QA,,engine data,engine,active world files
/items/11000.json,src/pages/items/[vnum].json.ts,agent-json,generated machine-readable record,3,schema-and-sample QA,,engine data,engine,active world files
/items/11000/,src/pages/items/[vnum].astro,items,generated world-file record,3,template-and-sample QA,,engine data,engine,active world files
/items/11001.json,src/pages/items/[vnum].json.ts,agent-json,generated machine-readable record,3,schema-and-sample QA,,engine data,engine,active world files
/items/11001/,src/pages/items/[vnum].astro,items,generated world-file record,3,template-and-sample QA,,engine data,engine,active world files
/items/11002.json,src/pages/items/[vnum].json.ts,agent-json,generated machine-readable record,3,schema-and-sample QA,,engine data,engine,active world files
/items/11002/,src/pages/items/[vnum].astro,items,generated world-file record,3,template-and-sample QA,,engine data,engine,active world files
/items/11003.json,src/pages/items/[vnum].json.ts,agent-json,generated machine-readable record,3,schema-and-sample QA,,engine data,engine,active world files
/items/11003/,src/pages/items/[vnum].astro,items,generated world-file record,3,template-and-sample QA,,engine data,engine,active world files
/items/11004.json,src/pages/items/[vnum].json.ts,agent-json,generated machine-readable record,3,schema-and-sample QA,,engine data,engine,active world files
/items/11004/,src/pages/items/[vnum].astro,items,generated world-file record,3,template-and-sample QA,,engine data,engine,active world files
/items/11005.json,src/pages/items/[vnum].json.ts,agent-json,generated machine-readable record,3,schema-and-sample QA,,engine data,engine,active world files
/items/11005/,src/pages/items/[vnum].astro,items,generated world-file record,3,template-and-sample QA,,engine data,engine,active world files
/items/11006.json,src/pages/items/[vnum].json.ts,agent-json,generated machine-readable record,3,schema-and-sample QA,,engine data,engine,active world files
/items/11006/,src/pages/items/[vnum].astro,items,generated world-file record,3,template-and-sample QA,,engine data,engine,active world files
/items/11007.json,src/pages/items/[vnum].json.ts,agent-json,generated machine-readable record,3,schema-and-sample QA,,engine data,engine,active world files
/items/11007/,src/pages/items/[vnum].astro,items,generated world-file record,3,template-and-sample QA,,engine data,engine,active world files
/items/11008.json,src/pages/items/[vnum].json.ts,agent-json,generated machine-readable record,3,schema-and-sample QA,,engine data,engine,active world files
/items/11008/,src/pages/items/[vnum].astro,items,generated world-file record,3,template-and-sample QA,,engine data,engine,active world files
/items/11009.json,src/pages/items/[vnum].json.ts,agent-json,generated machine-readable record,3,schema-and-sample QA,,engine data,engine,active world files
/items/11009/,src/pages/items/[vnum].astro,items,generated world-file record,3,template-and-sample QA,,engine data,engine,active world files
/items/11010.json,src/pages/items/[vnum].json.ts,agent-json,generated machine-readable record,3,schema-and-sample QA,,engine data,engine,active world files
/items/11010/,src/pages/items/[vnum].astro,items,generated world-file record,3,template-and-sample QA,,engine data,engine,active world files
/items/11011.json,src/pages/items/[vnum].json.ts,agent-json,generated machine-readable record,3,schema-and-sample QA,,engine data,engine,active world files
/items/11011/,src/pages/items/[vnum].astro,items,generated world-file record,3,template-and-sample QA,,engine data,engine,active world files
/items/11012.json,src/pages/items/[vnum].json.ts,agent-json,generated machine-readable record,3,schema-and-sample QA,,engine data,engine,active world files
/items/11012/,src/pages/items/[vnum].astro,items,generated world-file record,3,template-and-sample QA,,engine data,engine,active world files
/items/11013.json,src/pages/items/[vnum].json.ts,agent-json,generated machine-readable record,3,schema-and-sample QA,,engine data,engine,active world files
/items/11013/,src/pages/items/[vnum].astro,items,generated world-file record,3,template-and-sample QA,,engine data,engine,active world files
/items/11014.json,src/pages/items/[vnum].json.ts,agent-json,generated machine-readable record,3,schema-and-sample QA,,engine data,engine,active world files
/items/11014/,src/pages/items/[vnum].astro,items,generated world-file record,3,template-and-sample QA,,engine data,engine,active world files
/items/11015.json,src/pages/items/[vnum].json.ts,agent-json,generated machine-readable record,3,schema-and-sample QA,,engine data,engine,active world files
/items/11015/,src/pages/items/[vnum].astro,items,generated world-file record,3,template-and-sample QA,,engine data,engine,active world files
/items/11016.json,src/pages/items/[vnum].json.ts,agent-json,generated machine-readable record,3,schema-and-sample QA,,engine data,engine,active world files
/items/11016/,src/pages/items/[vnum].astro,items,generated world-file record,3,template-and-sample QA,,engine data,engine,active world files
/items/11017.json,src/pages/items/[vnum].json.ts,agent-json,generated machine-readable record,3,schema-and-sample QA,,engine data,engine,active world files
/items/11017/,src/pages/items/[vnum].astro,items,generated world-file record,3,template-and-sample QA,,engine data,engine,active world files
/items/11018.json,src/pages/items/[vnum].json.ts,agent-json,generated machine-readable record,3,schema-and-sample QA,,engine data,engine,active world files
/items/11018/,src/pages/items/[vnum].astro,items,generated world-file record,3,template-and-sample QA,,engine data,engine,active world files
/items/11019.json,src/pages/items/[vnum].json.ts,agent-json,generated machine-readable record,3,schema-and-sample QA,,engine data,engine,active world files
/items/11019/,src/pages/items/[vnum].astro,items,generated world-file record,3,template-and-sample QA,,engine data,engine,active world files
/items/11020.json,src/pages/items/[vnum].json.ts,agent-json,generated machine-readable record,3,schema-and-sample QA,,engine data,engine,active world files
/items/11020/,src/pages/items/[vnum].astro,items,generated world-file record,3,template-and-sample QA,,engine data,engine,active world files
/items/11021.json,src/pages/items/[vnum].json.ts,agent-json,generated machine-readable record,3,schema-and-sample QA,,engine data,engine,active world files
/items/11021/,src/pages/items/[vnum].astro,items,generated world-file record,3,template-and-sample QA,,engine data,engine,active world files
/items/11022.json,src/pages/items/[vnum].json.ts,agent-json,generated machine-readable record,3,schema-and-sample QA,,engine data,engine,active world files
/items/11022/,src/pages/items/[vnum].astro,items,generated world-file record,3,template-and-sample QA,,engine data,engine,active world files
/items/11023.json,src/pages/items/[vnum].json.ts,agent-json,generated machine-readable record,3,schema-and-sample QA,,engine data,engine,active world files
/items/11023/,src/pages/items/[vnum].astro,items,generated world-file record,3,template-and-sample QA,,engine data,engine,active world files
/items/11024.json,src/pages/items/[vnum].json.ts,agent-json,generated machine-readable record,3,schema-and-sample QA,,engine data,engine,active world files
/items/11024/,src/pages/items/[vnum].astro,items,generated world-file record,3,template-and-sample QA,,engine data,engine,active world files
/items/11025.json,src/pages/items/[vnum].json.ts,agent-json,generated machine-readable record,3,schema-and-sample QA,,engine data,engine,active world files
/items/11025/,src/pages/items/[vnum].astro,items,generated world-file record,3,template-and-sample QA,,engine data,engine,active world files
/items/11026.json,src/pages/items/[vnum].json.ts,agent-json,generated machine-readable record,3,schema-and-sample QA,,engine data,engine,active world files
/items/11026/,src/pages/items/[vnum].astro,items,generated world-file record,3,template-and-sample QA,,engine data,engine,active world files
/items/11027.json,src/pages/items/[vnum].json.ts,agent-json,generated machine-readable record,3,schema-and-sample QA,,engine data,engine,active world files
/items/11027/,src/pages/items/[vnum].astro,items,generated world-file record,3,template-and-sample QA,,engine data,engine,active world files
/items/11028.json,src/pages/items/[vnum].json.ts,agent-json,generated machine-readable record,3,schema-and-sample QA,,engine data,engine,active world files
/items/11028/,src/pages/items/[vnum].astro,items,generated world-file record,3,template-and-sample QA,,engine data,engine,active world files
/items/11029.json,src/pages/items/[vnum].json.ts,agent-json,generated machine-readable record,3,schema-and-sample QA,,engine data,engine,active world files
/items/11029/,src/pages/items/[vnum].astro,items,generated world-file record,3,template-and-sample QA,,engine data,engine,active world files
/items/11030.json,src/pages/items/[vnum].json.ts,agent-json,generated machine-readable record,3,schema-and-sample QA,,engine data,engine,active world files
/items/11030/,src/pages/items/[vnum].astro,items,generated world-file record,3,template-and-sample QA,,engine data,engine,active world files
/items/11031.json,src/pages/items/[vnum].json.ts,agent-json,generated machine-readable record,3,schema-and-sample QA,,engine data,engine,active world files
/items/11031/,src/pages/items/[vnum].astro,items,generated world-file record,3,template-and-sample QA,,engine data,engine,active world files
/items/11032.json,src/pages/items/[vnum].json.ts,agent-json,generated machine-readable record,3,schema-and-sample QA,,engine data,engine,active world files
/items/11032/,src/pages/items/[vnum].astro,items,generated world-file record,3,template-and-sample QA,,engine data,engine,active world files
/items/11033.json,src/pages/items/[vnum].json.ts,agent-json,generated machine-readable record,3,schema-and-sample QA,,engine data,engine,active world files
/items/11033/,src/pages/items/[vnum].astro,items,generated world-file record,3,template-and-sample QA,,engine data,engine,active world files
/items/11034.json,src/pages/items/[vnum].json.ts,agent-json,generated machine-readable record,3,schema-and-sample QA,,engine data,engine,active world files
/items/11034/,src/pages/items/[vnum].astro,items,generated world-file record,3,template-and-sample QA,,engine data,engine,active world files
/items/11035.json,src/pages/items/[vnum].json.ts,agent-json,generated machine-readable record,3,schema-and-sample QA,,engine data,engine,active world files
/items/11035/,src/pages/items/[vnum].astro,items,generated world-file record,3,template-and-sample QA,,engine data,engine,active world files
/items/11036.json,src/pages/items/[vnum].json.ts,agent-json,generated machine-readable record,3,schema-and-sample QA,,engine data,engine,active world files
/items/11036/,src/pages/items/[vnum].astro,items,generated world-file record,3,template-and-sample QA,,engine data,engine,active world files
/items/11037.json,src/pages/items/[vnum].json.ts,agent-json,generated machine-readable record,3,schema-and-sample QA,,engine data,engine,active world files
/items/11037/,src/pages/items/[vnum].astro,items,generated world-file record,3,template-and-sample QA,,engine data,engine,active world files
/items/11038.json,src/pages/items/[vnum].json.ts,agent-json,generated machine-readable record,3,schema-and-sample QA,,engine data,engine,active world files
/items/11038/,src/pages/items/[vnum].astro,items,generated world-file record,3,template-and-sample QA,,engine data,engine,active world files
/items/11039.json,src/pages/items/[vnum].json.ts,agent-json,generated machine-readable record,3,schema-and-sample QA,,engine data,engine,active world files
/items/11039/,src/pages/items/[vnum].astro,items,generated world-file record,3,template-and-sample QA,,engine data,engine,active world files
/items/11040.json,src/pages/items/[vnum].json.ts,agent-json,generated machine-readable record,3,schema-and-sample QA,,engine data,engine,active world files
/items/11040/,src/pages/items/[vnum].astro,items,generated world-file record,3,template-and-sample QA,,engine data,engine,active world files
/items/11041.json,src/pages/items/[vnum].json.ts,agent-json,generated machine-readable record,3,schema-and-sample QA,,engine data,engine,active world files
/items/11041/,src/pages/items/[vnum].astro,items,generated world-file record,3,template-and-sample QA,,engine data,engine,active world files
/items/11042.json,src/pages/items/[vnum].json.ts,agent-json,generated machine-readable record,3,schema-and-sample QA,,engine data,engine,active world files
/items/11042/,src/pages/items/[vnum].astro,items,generated world-file record,3,template-and-sample QA,,engine data,engine,active world files
/items/11043.json,src/pages/items/[vnum].json.ts,agent-json,generated machine-readable record,3,schema-and-sample QA,,engine data,engine,active world files
/items/11043/,src/pages/items/[vnum].astro,items,generated world-file record,3,template-and-sample QA,,engine data,engine,active world files
/items/11044.json,src/pages/items/[vnum].json.ts,agent-json,generated machine-readable record,3,schema-and-sample QA,,engine data,engine,active world files
/items/11044/,src/pages/items/[vnum].astro,items,generated world-file record,3,template-and-sample QA,,engine data,engine,active world files
/items/11045.json,src/pages/items/[vnum].json.ts,agent-json,generated machine-readable record,3,schema-and-sample QA,,engine data,engine,active world files
/items/11045/,src/pages/items/[vnum].astro,items,generated world-file record,3,template-and-sample QA,,engine data,engine,active world files
/items/11046.json,src/pages/items/[vnum].json.ts,agent-json,generated machine-readable record,3,schema-and-sample QA,,engine data,engine,active world files
/items/11046/,src/pages/items/[vnum].astro,items,generated world-file record,3,template-and-sample QA,,engine data,engine,active world files
/items/11047.json,src/pages/items/[vnum].json.ts,agent-json,generated machine-readable record,3,schema-and-sample QA,,engine data,engine,active world files
/items/11047/,src/pages/items/[vnum].astro,items,generated world-file record,3,template-and-sample QA,,engine data,engine,active world files
/items/11048.json,src/pages/items/[vnum].json.ts,agent-json,generated machine-readable record,3,schema-and-sample QA,,engine data,engine,active world files
/items/11048/,src/pages/items/[vnum].astro,items,generated world-file record,3,template-and-sample QA,,engine data,engine,active world files
/items/11049.json,src/pages/items/[vnum].json.ts,agent-json,generated machine-readable record,3,schema-and-sample QA,,engine data,engine,active world files
/items/11049/,src/pages/items/[vnum].astro,items,generated world-file record,3,template-and-sample QA,,engine data,engine,active world files
/items/11050.json,src/pages/items/[vnum].json.ts,agent-json,generated machine-readable record,3,schema-and-sample QA,,engine data,engine,active world files
/items/11050/,src/pages/items/[vnum].astro,items,generated world-file record,3,template-and-sample QA,,engine data,engine,active world files
/items/11051.json,src/pages/items/[vnum].json.ts,agent-json,generated machine-readable record,3,schema-and-sample QA,,engine data,engine,active world files
/items/11051/,src/pages/items/[vnum].astro,items,generated world-file record,3,template-and-sample QA,,engine data,engine,active world files
/items/11052.json,src/pages/items/[vnum].json.ts,agent-json,generated machine-readable record,3,schema-and-sample QA,,engine data,engine,active world files
/items/11052/,src/pages/items/[vnum].astro,items,generated world-file record,3,template-and-sample QA,,engine data,engine,active world files
/items/11053.json,src/pages/items/[vnum].json.ts,agent-json,generated machine-readable record,3,schema-and-sample QA,,engine data,engine,active world files
/items/11053/,src/pages/items/[vnum].astro,items,generated world-file record,3,template-and-sample QA,,engine data,engine,active world files
/items/11054.json,src/pages/items/[vnum].json.ts,agent-json,generated machine-readable record,3,schema-and-sample QA,,engine data,engine,active world files
/items/11054/,src/pages/items/[vnum].astro,items,generated world-file record,3,template-and-sample QA,,engine data,engine,active world files
/items/11055.json,src/pages/items/[vnum].json.ts,agent-json,generated machine-readable record,3,schema-and-sample QA,,engine data,engine,active world files
/items/11055/,src/pages/items/[vnum].astro,items,generated world-file record,3,template-and-sample QA,,engine data,engine,active world files
/items/11056.json,src/pages/items/[vnum].json.ts,agent-json,generated machine-readable record,3,schema-and-sample QA,,engine data,engine,active world files
/items/11056/,src/pages/items/[vnum].astro,items,generated world-file record,3,template-and-sample QA,,engine data,engine,active world files
/items/11057.json,src/pages/items/[vnum].json.ts,agent-json,generated machine-readable record,3,schema-and-sample QA,,engine data,engine,active world files
/items/11057/,src/pages/items/[vnum].astro,items,generated world-file record,3,template-and-sample QA,,engine data,engine,active world files
/items/11058.json,src/pages/items/[vnum].json.ts,agent-json,generated machine-readable record,3,schema-and-sample QA,,engine data,engine,active world files
/items/11058/,src/pages/items/[vnum].astro,items,generated world-file record,3,template-and-sample QA,,engine data,engine,active world files
/items/111.json,src/pages/items/[vnum].json.ts,agent-json,generated machine-readable record,3,schema-and-sample QA,,engine data,engine,active world files
/items/111/,src/pages/items/[vnum].astro,items,generated world-file record,3,template-and-sample QA,,engine data,engine,active world files
/items/112.json,src/pages/items/[vnum].json.ts,agent-json,generated machine-readable record,3,schema-and-sample QA,,engine data,engine,active world files
/items/112/,src/pages/items/[vnum].astro,items,generated world-file record,3,template-and-sample QA,,engine data,engine,active world files
/items/113.json,src/pages/items/[vnum].json.ts,agent-json,generated machine-readable record,3,schema-and-sample QA,,engine data,engine,active world files
/items/113/,src/pages/items/[vnum].astro,items,generated world-file record,3,template-and-sample QA,,engine data,engine,active world files
/items/114.json,src/pages/items/[vnum].json.ts,agent-json,generated machine-readable record,3,schema-and-sample QA,,engine data,engine,active world files
/items/114/,src/pages/items/[vnum].astro,items,generated world-file record,3,template-and-sample QA,,engine data,engine,active world files
/items/115.json,src/pages/items/[vnum].json.ts,agent-json,generated machine-readable record,3,schema-and-sample QA,,engine data,engine,active world files
/items/115/,src/pages/items/[vnum].astro,items,generated world-file record,3,template-and-sample QA,,engine data,engine,active world files
/items/116.json,src/pages/items/[vnum].json.ts,agent-json,generated machine-readable record,3,schema-and-sample QA,,engine data,engine,active world files
/items/116/,src/pages/items/[vnum].astro,items,generated world-file record,3,template-and-sample QA,,engine data,engine,active world files
/items/117.json,src/pages/items/[vnum].json.ts,agent-json,generated machine-readable record,3,schema-and-sample QA,,engine data,engine,active world files
/items/117/,src/pages/items/[vnum].astro,items,generated world-file record,3,template-and-sample QA,,engine data,engine,active world files
/items/11700.json,src/pages/items/[vnum].json.ts,agent-json,generated machine-readable record,3,schema-and-sample QA,,engine data,engine,active world files
/items/11700/,src/pages/items/[vnum].astro,items,generated world-file record,3,template-and-sample QA,,engine data,engine,active world files
/items/11701.json,src/pages/items/[vnum].json.ts,agent-json,generated machine-readable record,3,schema-and-sample QA,,engine data,engine,active world files
/items/11701/,src/pages/items/[vnum].astro,items,generated world-file record,3,template-and-sample QA,,engine data,engine,active world files
/items/11702.json,src/pages/items/[vnum].json.ts,agent-json,generated machine-readable record,3,schema-and-sample QA,,engine data,engine,active world files
/items/11702/,src/pages/items/[vnum].astro,items,generated world-file record,3,template-and-sample QA,,engine data,engine,active world files
/items/11703.json,src/pages/items/[vnum].json.ts,agent-json,generated machine-readable record,3,schema-and-sample QA,,engine data,engine,active world files
/items/11703/,src/pages/items/[vnum].astro,items,generated world-file record,3,template-and-sample QA,,engine data,engine,active world files
/items/11704.json,src/pages/items/[vnum].json.ts,agent-json,generated machine-readable record,3,schema-and-sample QA,,engine data,engine,active world files
/items/11704/,src/pages/items/[vnum].astro,items,generated world-file record,3,template-and-sample QA,,engine data,engine,active world files
/items/11705.json,src/pages/items/[vnum].json.ts,agent-json,generated machine-readable record,3,schema-and-sample QA,,engine data,engine,active world files
/items/11705/,src/pages/items/[vnum].astro,items,generated world-file record,3,template-and-sample QA,,engine data,engine,active world files
/items/11706.json,src/pages/items/[vnum].json.ts,agent-json,generated machine-readable record,3,schema-and-sample QA,,engine data,engine,active world files
/items/11706/,src/pages/items/[vnum].astro,items,generated world-file record,3,template-and-sample QA,,engine data,engine,active world files
/items/11707.json,src/pages/items/[vnum].json.ts,agent-json,generated machine-readable record,3,schema-and-sample QA,,engine data,engine,active world files
/items/11707/,src/pages/items/[vnum].astro,items,generated world-file record,3,template-and-sample QA,,engine data,engine,active world files
/items/11708.json,src/pages/items/[vnum].json.ts,agent-json,generated machine-readable record,3,schema-and-sample QA,,engine data,engine,active world files
/items/11708/,src/pages/items/[vnum].astro,items,generated world-file record,3,template-and-sample QA,,engine data,engine,active world files
/items/11709.json,src/pages/items/[vnum].json.ts,agent-json,generated machine-readable record,3,schema-and-sample QA,,engine data,engine,active world files
/items/11709/,src/pages/items/[vnum].astro,items,generated world-file record,3,template-and-sample QA,,engine data,engine,active world files
/items/118.json,src/pages/items/[vnum].json.ts,agent-json,generated machine-readable record,3,schema-and-sample QA,,engine data,engine,active world files
/items/118/,src/pages/items/[vnum].astro,items,generated world-file record,3,template-and-sample QA,,engine data,engine,active world files
/items/119.json,src/pages/items/[vnum].json.ts,agent-json,generated machine-readable record,3,schema-and-sample QA,,engine data,engine,active world files
/items/119/,src/pages/items/[vnum].astro,items,generated world-file record,3,template-and-sample QA,,engine data,engine,active world files
/items/12.json,src/pages/items/[vnum].json.ts,agent-json,generated machine-readable record,3,schema-and-sample QA,,engine data,engine,active world files
/items/12/,src/pages/items/[vnum].astro,items,generated world-file record,3,template-and-sample QA,,engine data,engine,active world files
/items/120.json,src/pages/items/[vnum].json.ts,agent-json,generated machine-readable record,3,schema-and-sample QA,,engine data,engine,active world files
/items/120/,src/pages/items/[vnum].astro,items,generated world-file record,3,template-and-sample QA,,engine data,engine,active world files
/items/1207.json,src/pages/items/[vnum].json.ts,agent-json,generated machine-readable record,3,schema-and-sample QA,,engine data,engine,active world files
/items/1207/,src/pages/items/[vnum].astro,items,generated world-file record,3,template-and-sample QA,,engine data,engine,active world files
/items/1208.json,src/pages/items/[vnum].json.ts,agent-json,generated machine-readable record,3,schema-and-sample QA,,engine data,engine,active world files
/items/1208/,src/pages/items/[vnum].astro,items,generated world-file record,3,template-and-sample QA,,engine data,engine,active world files
/items/121.json,src/pages/items/[vnum].json.ts,agent-json,generated machine-readable record,3,schema-and-sample QA,,engine data,engine,active world files
/items/121/,src/pages/items/[vnum].astro,items,generated world-file record,3,template-and-sample QA,,engine data,engine,active world files
/items/1210.json,src/pages/items/[vnum].json.ts,agent-json,generated machine-readable record,3,schema-and-sample QA,,engine data,engine,active world files
/items/1210/,src/pages/items/[vnum].astro,items,generated world-file record,3,template-and-sample QA,,engine data,engine,active world files
/items/12100.json,src/pages/items/[vnum].json.ts,agent-json,generated machine-readable record,3,schema-and-sample QA,,engine data,engine,active world files
/items/12100/,src/pages/items/[vnum].astro,items,generated world-file record,3,template-and-sample QA,,engine data,engine,active world files
/items/12101.json,src/pages/items/[vnum].json.ts,agent-json,generated machine-readable record,3,schema-and-sample QA,,engine data,engine,active world files
/items/12101/,src/pages/items/[vnum].astro,items,generated world-file record,3,template-and-sample QA,,engine data,engine,active world files
/items/12102.json,src/pages/items/[vnum].json.ts,agent-json,generated machine-readable record,3,schema-and-sample QA,,engine data,engine,active world files
/items/12102/,src/pages/items/[vnum].astro,items,generated world-file record,3,template-and-sample QA,,engine data,engine,active world files
/items/12103.json,src/pages/items/[vnum].json.ts,agent-json,generated machine-readable record,3,schema-and-sample QA,,engine data,engine,active world files
/items/12103/,src/pages/items/[vnum].astro,items,generated world-file record,3,template-and-sample QA,,engine data,engine,active world files
/items/12104.json,src/pages/items/[vnum].json.ts,agent-json,generated machine-readable record,3,schema-and-sample QA,,engine data,engine,active world files
/items/12104/,src/pages/items/[vnum].astro,items,generated world-file record,3,template-and-sample QA,,engine data,engine,active world files
/items/12105.json,src/pages/items/[vnum].json.ts,agent-json,generated machine-readable record,3,schema-and-sample QA,,engine data,engine,active world files
/items/12105/,src/pages/items/[vnum].astro,items,generated world-file record,3,template-and-sample QA,,engine data,engine,active world files
/items/12106.json,src/pages/items/[vnum].json.ts,agent-json,generated machine-readable record,3,schema-and-sample QA,,engine data,engine,active world files
/items/12106/,src/pages/items/[vnum].astro,items,generated world-file record,3,template-and-sample QA,,engine data,engine,active world files
/items/12107.json,src/pages/items/[vnum].json.ts,agent-json,generated machine-readable record,3,schema-and-sample QA,,engine data,engine,active world files
/items/12107/,src/pages/items/[vnum].astro,items,generated world-file record,3,template-and-sample QA,,engine data,engine,active world files
/items/12108.json,src/pages/items/[vnum].json.ts,agent-json,generated machine-readable record,3,schema-and-sample QA,,engine data,engine,active world files
/items/12108/,src/pages/items/[vnum].astro,items,generated world-file record,3,template-and-sample QA,,engine data,engine,active world files
/items/1211.json,src/pages/items/[vnum].json.ts,agent-json,generated machine-readable record,3,schema-and-sample QA,,engine data,engine,active world files
/items/1211/,src/pages/items/[vnum].astro,items,generated world-file record,3,template-and-sample QA,,engine data,engine,active world files
/items/12110.json,src/pages/items/[vnum].json.ts,agent-json,generated machine-readable record,3,schema-and-sample QA,,engine data,engine,active world files
/items/12110/,src/pages/items/[vnum].astro,items,generated world-file record,3,template-and-sample QA,,engine data,engine,active world files
/items/12111.json,src/pages/items/[vnum].json.ts,agent-json,generated machine-readable record,3,schema-and-sample QA,,engine data,engine,active world files
/items/12111/,src/pages/items/[vnum].astro,items,generated world-file record,3,template-and-sample QA,,engine data,engine,active world files
/items/12112.json,src/pages/items/[vnum].json.ts,agent-json,generated machine-readable record,3,schema-and-sample QA,,engine data,engine,active world files
/items/12112/,src/pages/items/[vnum].astro,items,generated world-file record,3,template-and-sample QA,,engine data,engine,active world files
/items/12115.json,src/pages/items/[vnum].json.ts,agent-json,generated machine-readable record,3,schema-and-sample QA,,engine data,engine,active world files
/items/12115/,src/pages/items/[vnum].astro,items,generated world-file record,3,template-and-sample QA,,engine data,engine,active world files
/items/12116.json,src/pages/items/[vnum].json.ts,agent-json,generated machine-readable record,3,schema-and-sample QA,,engine data,engine,active world files
/items/12116/,src/pages/items/[vnum].astro,items,generated world-file record,3,template-and-sample QA,,engine data,engine,active world files
/items/12117.json,src/pages/items/[vnum].json.ts,agent-json,generated machine-readable record,3,schema-and-sample QA,,engine data,engine,active world files
/items/12117/,src/pages/items/[vnum].astro,items,generated world-file record,3,template-and-sample QA,,engine data,engine,active world files
/items/12118.json,src/pages/items/[vnum].json.ts,agent-json,generated machine-readable record,3,schema-and-sample QA,,engine data,engine,active world files
/items/12118/,src/pages/items/[vnum].astro,items,generated world-file record,3,template-and-sample QA,,engine data,engine,active world files
/items/12119.json,src/pages/items/[vnum].json.ts,agent-json,generated machine-readable record,3,schema-and-sample QA,,engine data,engine,active world files
/items/12119/,src/pages/items/[vnum].astro,items,generated world-file record,3,template-and-sample QA,,engine data,engine,active world files
/items/1212.json,src/pages/items/[vnum].json.ts,agent-json,generated machine-readable record,3,schema-and-sample QA,,engine data,engine,active world files
/items/1212/,src/pages/items/[vnum].astro,items,generated world-file record,3,template-and-sample QA,,engine data,engine,active world files
/items/12120.json,src/pages/items/[vnum].json.ts,agent-json,generated machine-readable record,3,schema-and-sample QA,,engine data,engine,active world files
/items/12120/,src/pages/items/[vnum].astro,items,generated world-file record,3,template-and-sample QA,,engine data,engine,active world files
/items/12121.json,src/pages/items/[vnum].json.ts,agent-json,generated machine-readable record,3,schema-and-sample QA,,engine data,engine,active world files
/items/12121/,src/pages/items/[vnum].astro,items,generated world-file record,3,template-and-sample QA,,engine data,engine,active world files
/items/12122.json,src/pages/items/[vnum].json.ts,agent-json,generated machine-readable record,3,schema-and-sample QA,,engine data,engine,active world files
/items/12122/,src/pages/items/[vnum].astro,items,generated world-file record,3,template-and-sample QA,,engine data,engine,active world files
/items/12123.json,src/pages/items/[vnum].json.ts,agent-json,generated machine-readable record,3,schema-and-sample QA,,engine data,engine,active world files
/items/12123/,src/pages/items/[vnum].astro,items,generated world-file record,3,template-and-sample QA,,engine data,engine,active world files
/items/12126.json,src/pages/items/[vnum].json.ts,agent-json,generated machine-readable record,3,schema-and-sample QA,,engine data,engine,active world files
/items/12126/,src/pages/items/[vnum].astro,items,generated world-file record,3,template-and-sample QA,,engine data,engine,active world files
/items/12127.json,src/pages/items/[vnum].json.ts,agent-json,generated machine-readable record,3,schema-and-sample QA,,engine data,engine,active world files
/items/12127/,src/pages/items/[vnum].astro,items,generated world-file record,3,template-and-sample QA,,engine data,engine,active world files
/items/12128.json,src/pages/items/[vnum].json.ts,agent-json,generated machine-readable record,3,schema-and-sample QA,,engine data,engine,active world files
/items/12128/,src/pages/items/[vnum].astro,items,generated world-file record,3,template-and-sample QA,,engine data,engine,active world files
/items/12129.json,src/pages/items/[vnum].json.ts,agent-json,generated machine-readable record,3,schema-and-sample QA,,engine data,engine,active world files
/items/12129/,src/pages/items/[vnum].astro,items,generated world-file record,3,template-and-sample QA,,engine data,engine,active world files
/items/12130.json,src/pages/items/[vnum].json.ts,agent-json,generated machine-readable record,3,schema-and-sample QA,,engine data,engine,active world files
/items/12130/,src/pages/items/[vnum].astro,items,generated world-file record,3,template-and-sample QA,,engine data,engine,active world files
/items/12131.json,src/pages/items/[vnum].json.ts,agent-json,generated machine-readable record,3,schema-and-sample QA,,engine data,engine,active world files
/items/12131/,src/pages/items/[vnum].astro,items,generated world-file record,3,template-and-sample QA,,engine data,engine,active world files
/items/12132.json,src/pages/items/[vnum].json.ts,agent-json,generated machine-readable record,3,schema-and-sample QA,,engine data,engine,active world files
/items/12132/,src/pages/items/[vnum].astro,items,generated world-file record,3,template-and-sample QA,,engine data,engine,active world files
/items/12133.json,src/pages/items/[vnum].json.ts,agent-json,generated machine-readable record,3,schema-and-sample QA,,engine data,engine,active world files
/items/12133/,src/pages/items/[vnum].astro,items,generated world-file record,3,template-and-sample QA,,engine data,engine,active world files
/items/12134.json,src/pages/items/[vnum].json.ts,agent-json,generated machine-readable record,3,schema-and-sample QA,,engine data,engine,active world files
/items/12134/,src/pages/items/[vnum].astro,items,generated world-file record,3,template-and-sample QA,,engine data,engine,active world files
/items/12135.json,src/pages/items/[vnum].json.ts,agent-json,generated machine-readable record,3,schema-and-sample QA,,engine data,engine,active world files
/items/12135/,src/pages/items/[vnum].astro,items,generated world-file record,3,template-and-sample QA,,engine data,engine,active world files
/items/12136.json,src/pages/items/[vnum].json.ts,agent-json,generated machine-readable record,3,schema-and-sample QA,,engine data,engine,active world files
/items/12136/,src/pages/items/[vnum].astro,items,generated world-file record,3,template-and-sample QA,,engine data,engine,active world files
/items/122.json,src/pages/items/[vnum].json.ts,agent-json,generated machine-readable record,3,schema-and-sample QA,,engine data,engine,active world files
/items/122/,src/pages/items/[vnum].astro,items,generated world-file record,3,template-and-sample QA,,engine data,engine,active world files
/items/12200.json,src/pages/items/[vnum].json.ts,agent-json,generated machine-readable record,3,schema-and-sample QA,,engine data,engine,active world files
/items/12200/,src/pages/items/[vnum].astro,items,generated world-file record,3,template-and-sample QA,,engine data,engine,active world files
/items/12201.json,src/pages/items/[vnum].json.ts,agent-json,generated machine-readable record,3,schema-and-sample QA,,engine data,engine,active world files
/items/12201/,src/pages/items/[vnum].astro,items,generated world-file record,3,template-and-sample QA,,engine data,engine,active world files
/items/1225.json,src/pages/items/[vnum].json.ts,agent-json,generated machine-readable record,3,schema-and-sample QA,,engine data,engine,active world files
/items/1225/,src/pages/items/[vnum].astro,items,generated world-file record,3,template-and-sample QA,,engine data,engine,active world files
/items/1226.json,src/pages/items/[vnum].json.ts,agent-json,generated machine-readable record,3,schema-and-sample QA,,engine data,engine,active world files
/items/1226/,src/pages/items/[vnum].astro,items,generated world-file record,3,template-and-sample QA,,engine data,engine,active world files
/items/1227.json,src/pages/items/[vnum].json.ts,agent-json,generated machine-readable record,3,schema-and-sample QA,,engine data,engine,active world files
/items/1227/,src/pages/items/[vnum].astro,items,generated world-file record,3,template-and-sample QA,,engine data,engine,active world files
/items/1228.json,src/pages/items/[vnum].json.ts,agent-json,generated machine-readable record,3,schema-and-sample QA,,engine data,engine,active world files
/items/1228/,src/pages/items/[vnum].astro,items,generated world-file record,3,template-and-sample QA,,engine data,engine,active world files
/items/1229.json,src/pages/items/[vnum].json.ts,agent-json,generated machine-readable record,3,schema-and-sample QA,,engine data,engine,active world files
/items/1229/,src/pages/items/[vnum].astro,items,generated world-file record,3,template-and-sample QA,,engine data,engine,active world files
/items/123.json,src/pages/items/[vnum].json.ts,agent-json,generated machine-readable record,3,schema-and-sample QA,,engine data,engine,active world files
/items/123/,src/pages/items/[vnum].astro,items,generated world-file record,3,template-and-sample QA,,engine data,engine,active world files
/items/1230.json,src/pages/items/[vnum].json.ts,agent-json,generated machine-readable record,3,schema-and-sample QA,,engine data,engine,active world files
/items/1230/,src/pages/items/[vnum].astro,items,generated world-file record,3,template-and-sample QA,,engine data,engine,active world files
/items/1231.json,src/pages/items/[vnum].json.ts,agent-json,generated machine-readable record,3,schema-and-sample QA,,engine data,engine,active world files
/items/1231/,src/pages/items/[vnum].astro,items,generated world-file record,3,template-and-sample QA,,engine data,engine,active world files
/items/1232.json,src/pages/items/[vnum].json.ts,agent-json,generated machine-readable record,3,schema-and-sample QA,,engine data,engine,active world files
/items/1232/,src/pages/items/[vnum].astro,items,generated world-file record,3,template-and-sample QA,,engine data,engine,active world files
/items/1233.json,src/pages/items/[vnum].json.ts,agent-json,generated machine-readable record,3,schema-and-sample QA,,engine data,engine,active world files
/items/1233/,src/pages/items/[vnum].astro,items,generated world-file record,3,template-and-sample QA,,engine data,engine,active world files
/items/1234.json,src/pages/items/[vnum].json.ts,agent-json,generated machine-readable record,3,schema-and-sample QA,,engine data,engine,active world files
/items/1234/,src/pages/items/[vnum].astro,items,generated world-file record,3,template-and-sample QA,,engine data,engine,active world files
/items/1235.json,src/pages/items/[vnum].json.ts,agent-json,generated machine-readable record,3,schema-and-sample QA,,engine data,engine,active world files
/items/1235/,src/pages/items/[vnum].astro,items,generated world-file record,3,template-and-sample QA,,engine data,engine,active world files
/items/1236.json,src/pages/items/[vnum].json.ts,agent-json,generated machine-readable record,3,schema-and-sample QA,,engine data,engine,active world files
/items/1236/,src/pages/items/[vnum].astro,items,generated world-file record,3,template-and-sample QA,,engine data,engine,active world files
/items/1237.json,src/pages/items/[vnum].json.ts,agent-json,generated machine-readable record,3,schema-and-sample QA,,engine data,engine,active world files
/items/1237/,src/pages/items/[vnum].astro,items,generated world-file record,3,template-and-sample QA,,engine data,engine,active world files
/items/1238.json,src/pages/items/[vnum].json.ts,agent-json,generated machine-readable record,3,schema-and-sample QA,,engine data,engine,active world files
/items/1238/,src/pages/items/[vnum].astro,items,generated world-file record,3,template-and-sample QA,,engine data,engine,active world files
/items/1239.json,src/pages/items/[vnum].json.ts,agent-json,generated machine-readable record,3,schema-and-sample QA,,engine data,engine,active world files
/items/1239/,src/pages/items/[vnum].astro,items,generated world-file record,3,template-and-sample QA,,engine data,engine,active world files
/items/124.json,src/pages/items/[vnum].json.ts,agent-json,generated machine-readable record,3,schema-and-sample QA,,engine data,engine,active world files
/items/124/,src/pages/items/[vnum].astro,items,generated world-file record,3,template-and-sample QA,,engine data,engine,active world files
/items/1240.json,src/pages/items/[vnum].json.ts,agent-json,generated machine-readable record,3,schema-and-sample QA,,engine data,engine,active world files
/items/1240/,src/pages/items/[vnum].astro,items,generated world-file record,3,template-and-sample QA,,engine data,engine,active world files
/items/1241.json,src/pages/items/[vnum].json.ts,agent-json,generated machine-readable record,3,schema-and-sample QA,,engine data,engine,active world files
/items/1241/,src/pages/items/[vnum].astro,items,generated world-file record,3,template-and-sample QA,,engine data,engine,active world files
/items/1242.json,src/pages/items/[vnum].json.ts,agent-json,generated machine-readable record,3,schema-and-sample QA,,engine data,engine,active world files
/items/1242/,src/pages/items/[vnum].astro,items,generated world-file record,3,template-and-sample QA,,engine data,engine,active world files
/items/125.json,src/pages/items/[vnum].json.ts,agent-json,generated machine-readable record,3,schema-and-sample QA,,engine data,engine,active world files
/items/125/,src/pages/items/[vnum].astro,items,generated world-file record,3,template-and-sample QA,,engine data,engine,active world files
/items/126.json,src/pages/items/[vnum].json.ts,agent-json,generated machine-readable record,3,schema-and-sample QA,,engine data,engine,active world files
/items/126/,src/pages/items/[vnum].astro,items,generated world-file record,3,template-and-sample QA,,engine data,engine,active world files
/items/127.json,src/pages/items/[vnum].json.ts,agent-json,generated machine-readable record,3,schema-and-sample QA,,engine data,engine,active world files
/items/127/,src/pages/items/[vnum].astro,items,generated world-file record,3,template-and-sample QA,,engine data,engine,active world files
/items/128.json,src/pages/items/[vnum].json.ts,agent-json,generated machine-readable record,3,schema-and-sample QA,,engine data,engine,active world files
/items/128/,src/pages/items/[vnum].astro,items,generated world-file record,3,template-and-sample QA,,engine data,engine,active world files
/items/12800.json,src/pages/items/[vnum].json.ts,agent-json,generated machine-readable record,3,schema-and-sample QA,,engine data,engine,active world files
/items/12800/,src/pages/items/[vnum].astro,items,generated world-file record,3,template-and-sample QA,,engine data,engine,active world files
/items/12801.json,src/pages/items/[vnum].json.ts,agent-json,generated machine-readable record,3,schema-and-sample QA,,engine data,engine,active world files
/items/12801/,src/pages/items/[vnum].astro,items,generated world-file record,3,template-and-sample QA,,engine data,engine,active world files
/items/12802.json,src/pages/items/[vnum].json.ts,agent-json,generated machine-readable record,3,schema-and-sample QA,,engine data,engine,active world files
/items/12802/,src/pages/items/[vnum].astro,items,generated world-file record,3,template-and-sample QA,,engine data,engine,active world files
/items/12803.json,src/pages/items/[vnum].json.ts,agent-json,generated machine-readable record,3,schema-and-sample QA,,engine data,engine,active world files
/items/12803/,src/pages/items/[vnum].astro,items,generated world-file record,3,template-and-sample QA,,engine data,engine,active world files
/items/12804.json,src/pages/items/[vnum].json.ts,agent-json,generated machine-readable record,3,schema-and-sample QA,,engine data,engine,active world files
/items/12804/,src/pages/items/[vnum].astro,items,generated world-file record,3,template-and-sample QA,,engine data,engine,active world files
/items/12805.json,src/pages/items/[vnum].json.ts,agent-json,generated machine-readable record,3,schema-and-sample QA,,engine data,engine,active world files
/items/12805/,src/pages/items/[vnum].astro,items,generated world-file record,3,template-and-sample QA,,engine data,engine,active world files
/items/12806.json,src/pages/items/[vnum].json.ts,agent-json,generated machine-readable record,3,schema-and-sample QA,,engine data,engine,active world files
/items/12806/,src/pages/items/[vnum].astro,items,generated world-file record,3,template-and-sample QA,,engine data,engine,active world files
/items/12808.json,src/pages/items/[vnum].json.ts,agent-json,generated machine-readable record,3,schema-and-sample QA,,engine data,engine,active world files
/items/12808/,src/pages/items/[vnum].astro,items,generated world-file record,3,template-and-sample QA,,engine data,engine,active world files
/items/12809.json,src/pages/items/[vnum].json.ts,agent-json,generated machine-readable record,3,schema-and-sample QA,,engine data,engine,active world files
/items/12809/,src/pages/items/[vnum].astro,items,generated world-file record,3,template-and-sample QA,,engine data,engine,active world files
/items/12810.json,src/pages/items/[vnum].json.ts,agent-json,generated machine-readable record,3,schema-and-sample QA,,engine data,engine,active world files
/items/12810/,src/pages/items/[vnum].astro,items,generated world-file record,3,template-and-sample QA,,engine data,engine,active world files
/items/12811.json,src/pages/items/[vnum].json.ts,agent-json,generated machine-readable record,3,schema-and-sample QA,,engine data,engine,active world files
/items/12811/,src/pages/items/[vnum].astro,items,generated world-file record,3,template-and-sample QA,,engine data,engine,active world files
/items/12861.json,src/pages/items/[vnum].json.ts,agent-json,generated machine-readable record,3,schema-and-sample QA,,engine data,engine,active world files
/items/12861/,src/pages/items/[vnum].astro,items,generated world-file record,3,template-and-sample QA,,engine data,engine,active world files
/items/12872.json,src/pages/items/[vnum].json.ts,agent-json,generated machine-readable record,3,schema-and-sample QA,,engine data,engine,active world files
/items/12872/,src/pages/items/[vnum].astro,items,generated world-file record,3,template-and-sample QA,,engine data,engine,active world files
/items/129.json,src/pages/items/[vnum].json.ts,agent-json,generated machine-readable record,3,schema-and-sample QA,,engine data,engine,active world files
/items/129/,src/pages/items/[vnum].astro,items,generated world-file record,3,template-and-sample QA,,engine data,engine,active world files
/items/13.json,src/pages/items/[vnum].json.ts,agent-json,generated machine-readable record,3,schema-and-sample QA,,engine data,engine,active world files
/items/13/,src/pages/items/[vnum].astro,items,generated world-file record,3,template-and-sample QA,,engine data,engine,active world files
/items/1300.json,src/pages/items/[vnum].json.ts,agent-json,generated machine-readable record,3,schema-and-sample QA,,engine data,engine,active world files
/items/1300/,src/pages/items/[vnum].astro,items,generated world-file record,3,template-and-sample QA,,engine data,engine,active world files
/items/1301.json,src/pages/items/[vnum].json.ts,agent-json,generated machine-readable record,3,schema-and-sample QA,,engine data,engine,active world files
/items/1301/,src/pages/items/[vnum].astro,items,generated world-file record,3,template-and-sample QA,,engine data,engine,active world files
/items/1302.json,src/pages/items/[vnum].json.ts,agent-json,generated machine-readable record,3,schema-and-sample QA,,engine data,engine,active world files
/items/1302/,src/pages/items/[vnum].astro,items,generated world-file record,3,template-and-sample QA,,engine data,engine,active world files
/items/1303.json,src/pages/items/[vnum].json.ts,agent-json,generated machine-readable record,3,schema-and-sample QA,,engine data,engine,active world files
/items/1303/,src/pages/items/[vnum].astro,items,generated world-file record,3,template-and-sample QA,,engine data,engine,active world files
/items/1304.json,src/pages/items/[vnum].json.ts,agent-json,generated machine-readable record,3,schema-and-sample QA,,engine data,engine,active world files
/items/1304/,src/pages/items/[vnum].astro,items,generated world-file record,3,template-and-sample QA,,engine data,engine,active world files
/items/1305.json,src/pages/items/[vnum].json.ts,agent-json,generated machine-readable record,3,schema-and-sample QA,,engine data,engine,active world files
/items/1305/,src/pages/items/[vnum].astro,items,generated world-file record,3,template-and-sample QA,,engine data,engine,active world files
/items/1306.json,src/pages/items/[vnum].json.ts,agent-json,generated machine-readable record,3,schema-and-sample QA,,engine data,engine,active world files
/items/1306/,src/pages/items/[vnum].astro,items,generated world-file record,3,template-and-sample QA,,engine data,engine,active world files
/items/1307.json,src/pages/items/[vnum].json.ts,agent-json,generated machine-readable record,3,schema-and-sample QA,,engine data,engine,active world files
/items/1307/,src/pages/items/[vnum].astro,items,generated world-file record,3,template-and-sample QA,,engine data,engine,active world files
/items/1308.json,src/pages/items/[vnum].json.ts,agent-json,generated machine-readable record,3,schema-and-sample QA,,engine data,engine,active world files
/items/1308/,src/pages/items/[vnum].astro,items,generated world-file record,3,template-and-sample QA,,engine data,engine,active world files
/items/1309.json,src/pages/items/[vnum].json.ts,agent-json,generated machine-readable record,3,schema-and-sample QA,,engine data,engine,active world files
/items/1309/,src/pages/items/[vnum].astro,items,generated world-file record,3,template-and-sample QA,,engine data,engine,active world files
/items/131.json,src/pages/items/[vnum].json.ts,agent-json,generated machine-readable record,3,schema-and-sample QA,,engine data,engine,active world files
/items/131/,src/pages/items/[vnum].astro,items,generated world-file record,3,template-and-sample QA,,engine data,engine,active world files
/items/1310.json,src/pages/items/[vnum].json.ts,agent-json,generated machine-readable record,3,schema-and-sample QA,,engine data,engine,active world files
/items/1310/,src/pages/items/[vnum].astro,items,generated world-file record,3,template-and-sample QA,,engine data,engine,active world files
/items/13100.json,src/pages/items/[vnum].json.ts,agent-json,generated machine-readable record,3,schema-and-sample QA,,engine data,engine,active world files
/items/13100/,src/pages/items/[vnum].astro,items,generated world-file record,3,template-and-sample QA,,engine data,engine,active world files
/items/13101.json,src/pages/items/[vnum].json.ts,agent-json,generated machine-readable record,3,schema-and-sample QA,,engine data,engine,active world files
/items/13101/,src/pages/items/[vnum].astro,items,generated world-file record,3,template-and-sample QA,,engine data,engine,active world files
/items/13102.json,src/pages/items/[vnum].json.ts,agent-json,generated machine-readable record,3,schema-and-sample QA,,engine data,engine,active world files
/items/13102/,src/pages/items/[vnum].astro,items,generated world-file record,3,template-and-sample QA,,engine data,engine,active world files
/items/13103.json,src/pages/items/[vnum].json.ts,agent-json,generated machine-readable record,3,schema-and-sample QA,,engine data,engine,active world files
/items/13103/,src/pages/items/[vnum].astro,items,generated world-file record,3,template-and-sample QA,,engine data,engine,active world files
/items/13104.json,src/pages/items/[vnum].json.ts,agent-json,generated machine-readable record,3,schema-and-sample QA,,engine data,engine,active world files
/items/13104/,src/pages/items/[vnum].astro,items,generated world-file record,3,template-and-sample QA,,engine data,engine,active world files
/items/13105.json,src/pages/items/[vnum].json.ts,agent-json,generated machine-readable record,3,schema-and-sample QA,,engine data,engine,active world files
/items/13105/,src/pages/items/[vnum].astro,items,generated world-file record,3,template-and-sample QA,,engine data,engine,active world files
/items/13106.json,src/pages/items/[vnum].json.ts,agent-json,generated machine-readable record,3,schema-and-sample QA,,engine data,engine,active world files
/items/13106/,src/pages/items/[vnum].astro,items,generated world-file record,3,template-and-sample QA,,engine data,engine,active world files
/items/13107.json,src/pages/items/[vnum].json.ts,agent-json,generated machine-readable record,3,schema-and-sample QA,,engine data,engine,active world files
/items/13107/,src/pages/items/[vnum].astro,items,generated world-file record,3,template-and-sample QA,,engine data,engine,active world files
/items/13108.json,src/pages/items/[vnum].json.ts,agent-json,generated machine-readable record,3,schema-and-sample QA,,engine data,engine,active world files
/items/13108/,src/pages/items/[vnum].astro,items,generated world-file record,3,template-and-sample QA,,engine data,engine,active world files
/items/13109.json,src/pages/items/[vnum].json.ts,agent-json,generated machine-readable record,3,schema-and-sample QA,,engine data,engine,active world files
/items/13109/,src/pages/items/[vnum].astro,items,generated world-file record,3,template-and-sample QA,,engine data,engine,active world files
/items/1311.json,src/pages/items/[vnum].json.ts,agent-json,generated machine-readable record,3,schema-and-sample QA,,engine data,engine,active world files
/items/1311/,src/pages/items/[vnum].astro,items,generated world-file record,3,template-and-sample QA,,engine data,engine,active world files
/items/13110.json,src/pages/items/[vnum].json.ts,agent-json,generated machine-readable record,3,schema-and-sample QA,,engine data,engine,active world files
/items/13110/,src/pages/items/[vnum].astro,items,generated world-file record,3,template-and-sample QA,,engine data,engine,active world files
/items/13111.json,src/pages/items/[vnum].json.ts,agent-json,generated machine-readable record,3,schema-and-sample QA,,engine data,engine,active world files
/items/13111/,src/pages/items/[vnum].astro,items,generated world-file record,3,template-and-sample QA,,engine data,engine,active world files
/items/1312.json,src/pages/items/[vnum].json.ts,agent-json,generated machine-readable record,3,schema-and-sample QA,,engine data,engine,active world files
/items/1312/,src/pages/items/[vnum].astro,items,generated world-file record,3,template-and-sample QA,,engine data,engine,active world files
/items/1313.json,src/pages/items/[vnum].json.ts,agent-json,generated machine-readable record,3,schema-and-sample QA,,engine data,engine,active world files
/items/1313/,src/pages/items/[vnum].astro,items,generated world-file record,3,template-and-sample QA,,engine data,engine,active world files
/items/1314.json,src/pages/items/[vnum].json.ts,agent-json,generated machine-readable record,3,schema-and-sample QA,,engine data,engine,active world files
/items/1314/,src/pages/items/[vnum].astro,items,generated world-file record,3,template-and-sample QA,,engine data,engine,active world files
/items/1315.json,src/pages/items/[vnum].json.ts,agent-json,generated machine-readable record,3,schema-and-sample QA,,engine data,engine,active world files
/items/1315/,src/pages/items/[vnum].astro,items,generated world-file record,3,template-and-sample QA,,engine data,engine,active world files
/items/1316.json,src/pages/items/[vnum].json.ts,agent-json,generated machine-readable record,3,schema-and-sample QA,,engine data,engine,active world files
/items/1316/,src/pages/items/[vnum].astro,items,generated world-file record,3,template-and-sample QA,,engine data,engine,active world files
/items/1317.json,src/pages/items/[vnum].json.ts,agent-json,generated machine-readable record,3,schema-and-sample QA,,engine data,engine,active world files
/items/1317/,src/pages/items/[vnum].astro,items,generated world-file record,3,template-and-sample QA,,engine data,engine,active world files
/items/13198.json,src/pages/items/[vnum].json.ts,agent-json,generated machine-readable record,3,schema-and-sample QA,,engine data,engine,active world files
/items/13198/,src/pages/items/[vnum].astro,items,generated world-file record,3,template-and-sample QA,,engine data,engine,active world files
/items/13199.json,src/pages/items/[vnum].json.ts,agent-json,generated machine-readable record,3,schema-and-sample QA,,engine data,engine,active world files
/items/13199/,src/pages/items/[vnum].astro,items,generated world-file record,3,template-and-sample QA,,engine data,engine,active world files
/items/132.json,src/pages/items/[vnum].json.ts,agent-json,generated machine-readable record,3,schema-and-sample QA,,engine data,engine,active world files
/items/132/,src/pages/items/[vnum].astro,items,generated world-file record,3,template-and-sample QA,,engine data,engine,active world files
/items/133.json,src/pages/items/[vnum].json.ts,agent-json,generated machine-readable record,3,schema-and-sample QA,,engine data,engine,active world files
/items/133/,src/pages/items/[vnum].astro,items,generated world-file record,3,template-and-sample QA,,engine data,engine,active world files
/items/13300.json,src/pages/items/[vnum].json.ts,agent-json,generated machine-readable record,3,schema-and-sample QA,,engine data,engine,active world files
/items/13300/,src/pages/items/[vnum].astro,items,generated world-file record,3,template-and-sample QA,,engine data,engine,active world files
/items/13301.json,src/pages/items/[vnum].json.ts,agent-json,generated machine-readable record,3,schema-and-sample QA,,engine data,engine,active world files
/items/13301/,src/pages/items/[vnum].astro,items,generated world-file record,3,template-and-sample QA,,engine data,engine,active world files
/items/13302.json,src/pages/items/[vnum].json.ts,agent-json,generated machine-readable record,3,schema-and-sample QA,,engine data,engine,active world files
/items/13302/,src/pages/items/[vnum].astro,items,generated world-file record,3,template-and-sample QA,,engine data,engine,active world files
/items/13303.json,src/pages/items/[vnum].json.ts,agent-json,generated machine-readable record,3,schema-and-sample QA,,engine data,engine,active world files
/items/13303/,src/pages/items/[vnum].astro,items,generated world-file record,3,template-and-sample QA,,engine data,engine,active world files
/items/13304.json,src/pages/items/[vnum].json.ts,agent-json,generated machine-readable record,3,schema-and-sample QA,,engine data,engine,active world files
/items/13304/,src/pages/items/[vnum].astro,items,generated world-file record,3,template-and-sample QA,,engine data,engine,active world files
/items/13333.json,src/pages/items/[vnum].json.ts,agent-json,generated machine-readable record,3,schema-and-sample QA,,engine data,engine,active world files
/items/13333/,src/pages/items/[vnum].astro,items,generated world-file record,3,template-and-sample QA,,engine data,engine,active world files
/items/13342.json,src/pages/items/[vnum].json.ts,agent-json,generated machine-readable record,3,schema-and-sample QA,,engine data,engine,active world files
/items/13342/,src/pages/items/[vnum].astro,items,generated world-file record,3,template-and-sample QA,,engine data,engine,active world files
/items/13344.json,src/pages/items/[vnum].json.ts,agent-json,generated machine-readable record,3,schema-and-sample QA,,engine data,engine,active world files
/items/13344/,src/pages/items/[vnum].astro,items,generated world-file record,3,template-and-sample QA,,engine data,engine,active world files
/items/13351.json,src/pages/items/[vnum].json.ts,agent-json,generated machine-readable record,3,schema-and-sample QA,,engine data,engine,active world files
/items/13351/,src/pages/items/[vnum].astro,items,generated world-file record,3,template-and-sample QA,,engine data,engine,active world files
/items/134.json,src/pages/items/[vnum].json.ts,agent-json,generated machine-readable record,3,schema-and-sample QA,,engine data,engine,active world files
/items/134/,src/pages/items/[vnum].astro,items,generated world-file record,3,template-and-sample QA,,engine data,engine,active world files
/items/135.json,src/pages/items/[vnum].json.ts,agent-json,generated machine-readable record,3,schema-and-sample QA,,engine data,engine,active world files
/items/135/,src/pages/items/[vnum].astro,items,generated world-file record,3,template-and-sample QA,,engine data,engine,active world files
/items/136.json,src/pages/items/[vnum].json.ts,agent-json,generated machine-readable record,3,schema-and-sample QA,,engine data,engine,active world files
/items/136/,src/pages/items/[vnum].astro,items,generated world-file record,3,template-and-sample QA,,engine data,engine,active world files
/items/137.json,src/pages/items/[vnum].json.ts,agent-json,generated machine-readable record,3,schema-and-sample QA,,engine data,engine,active world files
/items/137/,src/pages/items/[vnum].astro,items,generated world-file record,3,template-and-sample QA,,engine data,engine,active world files
/items/138.json,src/pages/items/[vnum].json.ts,agent-json,generated machine-readable record,3,schema-and-sample QA,,engine data,engine,active world files
/items/138/,src/pages/items/[vnum].astro,items,generated world-file record,3,template-and-sample QA,,engine data,engine,active world files
/items/139.json,src/pages/items/[vnum].json.ts,agent-json,generated machine-readable record,3,schema-and-sample QA,,engine data,engine,active world files
/items/139/,src/pages/items/[vnum].astro,items,generated world-file record,3,template-and-sample QA,,engine data,engine,active world files
/items/14.json,src/pages/items/[vnum].json.ts,agent-json,generated machine-readable record,3,schema-and-sample QA,,engine data,engine,active world files
/items/14/,src/pages/items/[vnum].astro,items,generated world-file record,3,template-and-sample QA,,engine data,engine,active world files
/items/14001.json,src/pages/items/[vnum].json.ts,agent-json,generated machine-readable record,3,schema-and-sample QA,,engine data,engine,active world files
/items/14001/,src/pages/items/[vnum].astro,items,generated world-file record,3,template-and-sample QA,,engine data,engine,active world files
/items/14002.json,src/pages/items/[vnum].json.ts,agent-json,generated machine-readable record,3,schema-and-sample QA,,engine data,engine,active world files
/items/14002/,src/pages/items/[vnum].astro,items,generated world-file record,3,template-and-sample QA,,engine data,engine,active world files
/items/14003.json,src/pages/items/[vnum].json.ts,agent-json,generated machine-readable record,3,schema-and-sample QA,,engine data,engine,active world files
/items/14003/,src/pages/items/[vnum].astro,items,generated world-file record,3,template-and-sample QA,,engine data,engine,active world files
/items/14004.json,src/pages/items/[vnum].json.ts,agent-json,generated machine-readable record,3,schema-and-sample QA,,engine data,engine,active world files
/items/14004/,src/pages/items/[vnum].astro,items,generated world-file record,3,template-and-sample QA,,engine data,engine,active world files
/items/14005.json,src/pages/items/[vnum].json.ts,agent-json,generated machine-readable record,3,schema-and-sample QA,,engine data,engine,active world files
/items/14005/,src/pages/items/[vnum].astro,items,generated world-file record,3,template-and-sample QA,,engine data,engine,active world files
/items/14006.json,src/pages/items/[vnum].json.ts,agent-json,generated machine-readable record,3,schema-and-sample QA,,engine data,engine,active world files
/items/14006/,src/pages/items/[vnum].astro,items,generated world-file record,3,template-and-sample QA,,engine data,engine,active world files
/items/14007.json,src/pages/items/[vnum].json.ts,agent-json,generated machine-readable record,3,schema-and-sample QA,,engine data,engine,active world files
/items/14007/,src/pages/items/[vnum].astro,items,generated world-file record,3,template-and-sample QA,,engine data,engine,active world files
/items/14008.json,src/pages/items/[vnum].json.ts,agent-json,generated machine-readable record,3,schema-and-sample QA,,engine data,engine,active world files
/items/14008/,src/pages/items/[vnum].astro,items,generated world-file record,3,template-and-sample QA,,engine data,engine,active world files
/items/14009.json,src/pages/items/[vnum].json.ts,agent-json,generated machine-readable record,3,schema-and-sample QA,,engine data,engine,active world files
/items/14009/,src/pages/items/[vnum].astro,items,generated world-file record,3,template-and-sample QA,,engine data,engine,active world files
/items/14010.json,src/pages/items/[vnum].json.ts,agent-json,generated machine-readable record,3,schema-and-sample QA,,engine data,engine,active world files
/items/14010/,src/pages/items/[vnum].astro,items,generated world-file record,3,template-and-sample QA,,engine data,engine,active world files
/items/141.json,src/pages/items/[vnum].json.ts,agent-json,generated machine-readable record,3,schema-and-sample QA,,engine data,engine,active world files
/items/141/,src/pages/items/[vnum].astro,items,generated world-file record,3,template-and-sample QA,,engine data,engine,active world files
/items/14100.json,src/pages/items/[vnum].json.ts,agent-json,generated machine-readable record,3,schema-and-sample QA,,engine data,engine,active world files
/items/14100/,src/pages/items/[vnum].astro,items,generated world-file record,3,template-and-sample QA,,engine data,engine,active world files
/items/14101.json,src/pages/items/[vnum].json.ts,agent-json,generated machine-readable record,3,schema-and-sample QA,,engine data,engine,active world files
/items/14101/,src/pages/items/[vnum].astro,items,generated world-file record,3,template-and-sample QA,,engine data,engine,active world files
/items/14102.json,src/pages/items/[vnum].json.ts,agent-json,generated machine-readable record,3,schema-and-sample QA,,engine data,engine,active world files
/items/14102/,src/pages/items/[vnum].astro,items,generated world-file record,3,template-and-sample QA,,engine data,engine,active world files
/items/14120.json,src/pages/items/[vnum].json.ts,agent-json,generated machine-readable record,3,schema-and-sample QA,,engine data,engine,active world files
/items/14120/,src/pages/items/[vnum].astro,items,generated world-file record,3,template-and-sample QA,,engine data,engine,active world files
/items/14121.json,src/pages/items/[vnum].json.ts,agent-json,generated machine-readable record,3,schema-and-sample QA,,engine data,engine,active world files
/items/14121/,src/pages/items/[vnum].astro,items,generated world-file record,3,template-and-sample QA,,engine data,engine,active world files
/items/14122.json,src/pages/items/[vnum].json.ts,agent-json,generated machine-readable record,3,schema-and-sample QA,,engine data,engine,active world files
/items/14122/,src/pages/items/[vnum].astro,items,generated world-file record,3,template-and-sample QA,,engine data,engine,active world files
/items/14123.json,src/pages/items/[vnum].json.ts,agent-json,generated machine-readable record,3,schema-and-sample QA,,engine data,engine,active world files
/items/14123/,src/pages/items/[vnum].astro,items,generated world-file record,3,template-and-sample QA,,engine data,engine,active world files
/items/14124.json,src/pages/items/[vnum].json.ts,agent-json,generated machine-readable record,3,schema-and-sample QA,,engine data,engine,active world files
/items/14124/,src/pages/items/[vnum].astro,items,generated world-file record,3,template-and-sample QA,,engine data,engine,active world files
/items/14125.json,src/pages/items/[vnum].json.ts,agent-json,generated machine-readable record,3,schema-and-sample QA,,engine data,engine,active world files
/items/14125/,src/pages/items/[vnum].astro,items,generated world-file record,3,template-and-sample QA,,engine data,engine,active world files
/items/14126.json,src/pages/items/[vnum].json.ts,agent-json,generated machine-readable record,3,schema-and-sample QA,,engine data,engine,active world files
/items/14126/,src/pages/items/[vnum].astro,items,generated world-file record,3,template-and-sample QA,,engine data,engine,active world files
/items/14127.json,src/pages/items/[vnum].json.ts,agent-json,generated machine-readable record,3,schema-and-sample QA,,engine data,engine,active world files
/items/14127/,src/pages/items/[vnum].astro,items,generated world-file record,3,template-and-sample QA,,engine data,engine,active world files
/items/14128.json,src/pages/items/[vnum].json.ts,agent-json,generated machine-readable record,3,schema-and-sample QA,,engine data,engine,active world files
/items/14128/,src/pages/items/[vnum].astro,items,generated world-file record,3,template-and-sample QA,,engine data,engine,active world files
/items/14129.json,src/pages/items/[vnum].json.ts,agent-json,generated machine-readable record,3,schema-and-sample QA,,engine data,engine,active world files
/items/14129/,src/pages/items/[vnum].astro,items,generated world-file record,3,template-and-sample QA,,engine data,engine,active world files
/items/14130.json,src/pages/items/[vnum].json.ts,agent-json,generated machine-readable record,3,schema-and-sample QA,,engine data,engine,active world files
/items/14130/,src/pages/items/[vnum].astro,items,generated world-file record,3,template-and-sample QA,,engine data,engine,active world files
/items/142.json,src/pages/items/[vnum].json.ts,agent-json,generated machine-readable record,3,schema-and-sample QA,,engine data,engine,active world files
/items/142/,src/pages/items/[vnum].astro,items,generated world-file record,3,template-and-sample QA,,engine data,engine,active world files
/items/14200.json,src/pages/items/[vnum].json.ts,agent-json,generated machine-readable record,3,schema-and-sample QA,,engine data,engine,active world files
/items/14200/,src/pages/items/[vnum].astro,items,generated world-file record,3,template-and-sample QA,,engine data,engine,active world files
/items/14201.json,src/pages/items/[vnum].json.ts,agent-json,generated machine-readable record,3,schema-and-sample QA,,engine data,engine,active world files
/items/14201/,src/pages/items/[vnum].astro,items,generated world-file record,3,template-and-sample QA,,engine data,engine,active world files
/items/14202.json,src/pages/items/[vnum].json.ts,agent-json,generated machine-readable record,3,schema-and-sample QA,,engine data,engine,active world files
/items/14202/,src/pages/items/[vnum].astro,items,generated world-file record,3,template-and-sample QA,,engine data,engine,active world files
/items/14203.json,src/pages/items/[vnum].json.ts,agent-json,generated machine-readable record,3,schema-and-sample QA,,engine data,engine,active world files
/items/14203/,src/pages/items/[vnum].astro,items,generated world-file record,3,template-and-sample QA,,engine data,engine,active world files
/items/14204.json,src/pages/items/[vnum].json.ts,agent-json,generated machine-readable record,3,schema-and-sample QA,,engine data,engine,active world files
/items/14204/,src/pages/items/[vnum].astro,items,generated world-file record,3,template-and-sample QA,,engine data,engine,active world files
/items/14205.json,src/pages/items/[vnum].json.ts,agent-json,generated machine-readable record,3,schema-and-sample QA,,engine data,engine,active world files
/items/14205/,src/pages/items/[vnum].astro,items,generated world-file record,3,template-and-sample QA,,engine data,engine,active world files
/items/14206.json,src/pages/items/[vnum].json.ts,agent-json,generated machine-readable record,3,schema-and-sample QA,,engine data,engine,active world files
/items/14206/,src/pages/items/[vnum].astro,items,generated world-file record,3,template-and-sample QA,,engine data,engine,active world files
/items/14207.json,src/pages/items/[vnum].json.ts,agent-json,generated machine-readable record,3,schema-and-sample QA,,engine data,engine,active world files
/items/14207/,src/pages/items/[vnum].astro,items,generated world-file record,3,template-and-sample QA,,engine data,engine,active world files
/items/14208.json,src/pages/items/[vnum].json.ts,agent-json,generated machine-readable record,3,schema-and-sample QA,,engine data,engine,active world files
/items/14208/,src/pages/items/[vnum].astro,items,generated world-file record,3,template-and-sample QA,,engine data,engine,active world files
/items/14209.json,src/pages/items/[vnum].json.ts,agent-json,generated machine-readable record,3,schema-and-sample QA,,engine data,engine,active world files
/items/14209/,src/pages/items/[vnum].astro,items,generated world-file record,3,template-and-sample QA,,engine data,engine,active world files
/items/14210.json,src/pages/items/[vnum].json.ts,agent-json,generated machine-readable record,3,schema-and-sample QA,,engine data,engine,active world files
/items/14210/,src/pages/items/[vnum].astro,items,generated world-file record,3,template-and-sample QA,,engine data,engine,active world files
/items/14211.json,src/pages/items/[vnum].json.ts,agent-json,generated machine-readable record,3,schema-and-sample QA,,engine data,engine,active world files
/items/14211/,src/pages/items/[vnum].astro,items,generated world-file record,3,template-and-sample QA,,engine data,engine,active world files
/items/14212.json,src/pages/items/[vnum].json.ts,agent-json,generated machine-readable record,3,schema-and-sample QA,,engine data,engine,active world files
/items/14212/,src/pages/items/[vnum].astro,items,generated world-file record,3,template-and-sample QA,,engine data,engine,active world files
/items/14213.json,src/pages/items/[vnum].json.ts,agent-json,generated machine-readable record,3,schema-and-sample QA,,engine data,engine,active world files
/items/14213/,src/pages/items/[vnum].astro,items,generated world-file record,3,template-and-sample QA,,engine data,engine,active world files
/items/14214.json,src/pages/items/[vnum].json.ts,agent-json,generated machine-readable record,3,schema-and-sample QA,,engine data,engine,active world files
/items/14214/,src/pages/items/[vnum].astro,items,generated world-file record,3,template-and-sample QA,,engine data,engine,active world files
/items/14215.json,src/pages/items/[vnum].json.ts,agent-json,generated machine-readable record,3,schema-and-sample QA,,engine data,engine,active world files
/items/14215/,src/pages/items/[vnum].astro,items,generated world-file record,3,template-and-sample QA,,engine data,engine,active world files
/items/14216.json,src/pages/items/[vnum].json.ts,agent-json,generated machine-readable record,3,schema-and-sample QA,,engine data,engine,active world files
/items/14216/,src/pages/items/[vnum].astro,items,generated world-file record,3,template-and-sample QA,,engine data,engine,active world files
/items/14217.json,src/pages/items/[vnum].json.ts,agent-json,generated machine-readable record,3,schema-and-sample QA,,engine data,engine,active world files
/items/14217/,src/pages/items/[vnum].astro,items,generated world-file record,3,template-and-sample QA,,engine data,engine,active world files
/items/14218.json,src/pages/items/[vnum].json.ts,agent-json,generated machine-readable record,3,schema-and-sample QA,,engine data,engine,active world files
/items/14218/,src/pages/items/[vnum].astro,items,generated world-file record,3,template-and-sample QA,,engine data,engine,active world files
/items/14219.json,src/pages/items/[vnum].json.ts,agent-json,generated machine-readable record,3,schema-and-sample QA,,engine data,engine,active world files
/items/14219/,src/pages/items/[vnum].astro,items,generated world-file record,3,template-and-sample QA,,engine data,engine,active world files
/items/14220.json,src/pages/items/[vnum].json.ts,agent-json,generated machine-readable record,3,schema-and-sample QA,,engine data,engine,active world files
/items/14220/,src/pages/items/[vnum].astro,items,generated world-file record,3,template-and-sample QA,,engine data,engine,active world files
/items/14221.json,src/pages/items/[vnum].json.ts,agent-json,generated machine-readable record,3,schema-and-sample QA,,engine data,engine,active world files
/items/14221/,src/pages/items/[vnum].astro,items,generated world-file record,3,template-and-sample QA,,engine data,engine,active world files
/items/14222.json,src/pages/items/[vnum].json.ts,agent-json,generated machine-readable record,3,schema-and-sample QA,,engine data,engine,active world files
/items/14222/,src/pages/items/[vnum].astro,items,generated world-file record,3,template-and-sample QA,,engine data,engine,active world files
/items/14223.json,src/pages/items/[vnum].json.ts,agent-json,generated machine-readable record,3,schema-and-sample QA,,engine data,engine,active world files
/items/14223/,src/pages/items/[vnum].astro,items,generated world-file record,3,template-and-sample QA,,engine data,engine,active world files
/items/14225.json,src/pages/items/[vnum].json.ts,agent-json,generated machine-readable record,3,schema-and-sample QA,,engine data,engine,active world files
/items/14225/,src/pages/items/[vnum].astro,items,generated world-file record,3,template-and-sample QA,,engine data,engine,active world files
/items/14229.json,src/pages/items/[vnum].json.ts,agent-json,generated machine-readable record,3,schema-and-sample QA,,engine data,engine,active world files
/items/14229/,src/pages/items/[vnum].astro,items,generated world-file record,3,template-and-sample QA,,engine data,engine,active world files
/items/143.json,src/pages/items/[vnum].json.ts,agent-json,generated machine-readable record,3,schema-and-sample QA,,engine data,engine,active world files
/items/143/,src/pages/items/[vnum].astro,items,generated world-file record,3,template-and-sample QA,,engine data,engine,active world files
/items/14300.json,src/pages/items/[vnum].json.ts,agent-json,generated machine-readable record,3,schema-and-sample QA,,engine data,engine,active world files
/items/14300/,src/pages/items/[vnum].astro,items,generated world-file record,3,template-and-sample QA,,engine data,engine,active world files
/items/14301.json,src/pages/items/[vnum].json.ts,agent-json,generated machine-readable record,3,schema-and-sample QA,,engine data,engine,active world files
/items/14301/,src/pages/items/[vnum].astro,items,generated world-file record,3,template-and-sample QA,,engine data,engine,active world files
/items/14302.json,src/pages/items/[vnum].json.ts,agent-json,generated machine-readable record,3,schema-and-sample QA,,engine data,engine,active world files
/items/14302/,src/pages/items/[vnum].astro,items,generated world-file record,3,template-and-sample QA,,engine data,engine,active world files
/items/14303.json,src/pages/items/[vnum].json.ts,agent-json,generated machine-readable record,3,schema-and-sample QA,,engine data,engine,active world files
/items/14303/,src/pages/items/[vnum].astro,items,generated world-file record,3,template-and-sample QA,,engine data,engine,active world files
/items/14304.json,src/pages/items/[vnum].json.ts,agent-json,generated machine-readable record,3,schema-and-sample QA,,engine data,engine,active world files
/items/14304/,src/pages/items/[vnum].astro,items,generated world-file record,3,template-and-sample QA,,engine data,engine,active world files
/items/14305.json,src/pages/items/[vnum].json.ts,agent-json,generated machine-readable record,3,schema-and-sample QA,,engine data,engine,active world files
/items/14305/,src/pages/items/[vnum].astro,items,generated world-file record,3,template-and-sample QA,,engine data,engine,active world files
/items/14306.json,src/pages/items/[vnum].json.ts,agent-json,generated machine-readable record,3,schema-and-sample QA,,engine data,engine,active world files
/items/14306/,src/pages/items/[vnum].astro,items,generated world-file record,3,template-and-sample QA,,engine data,engine,active world files
/items/14307.json,src/pages/items/[vnum].json.ts,agent-json,generated machine-readable record,3,schema-and-sample QA,,engine data,engine,active world files
/items/14307/,src/pages/items/[vnum].astro,items,generated world-file record,3,template-and-sample QA,,engine data,engine,active world files
/items/14308.json,src/pages/items/[vnum].json.ts,agent-json,generated machine-readable record,3,schema-and-sample QA,,engine data,engine,active world files
/items/14308/,src/pages/items/[vnum].astro,items,generated world-file record,3,template-and-sample QA,,engine data,engine,active world files
/items/14309.json,src/pages/items/[vnum].json.ts,agent-json,generated machine-readable record,3,schema-and-sample QA,,engine data,engine,active world files
/items/14309/,src/pages/items/[vnum].astro,items,generated world-file record,3,template-and-sample QA,,engine data,engine,active world files
/items/14310.json,src/pages/items/[vnum].json.ts,agent-json,generated machine-readable record,3,schema-and-sample QA,,engine data,engine,active world files
/items/14310/,src/pages/items/[vnum].astro,items,generated world-file record,3,template-and-sample QA,,engine data,engine,active world files
/items/14311.json,src/pages/items/[vnum].json.ts,agent-json,generated machine-readable record,3,schema-and-sample QA,,engine data,engine,active world files
/items/14311/,src/pages/items/[vnum].astro,items,generated world-file record,3,template-and-sample QA,,engine data,engine,active world files
/items/14312.json,src/pages/items/[vnum].json.ts,agent-json,generated machine-readable record,3,schema-and-sample QA,,engine data,engine,active world files
/items/14312/,src/pages/items/[vnum].astro,items,generated world-file record,3,template-and-sample QA,,engine data,engine,active world files
/items/14313.json,src/pages/items/[vnum].json.ts,agent-json,generated machine-readable record,3,schema-and-sample QA,,engine data,engine,active world files
/items/14313/,src/pages/items/[vnum].astro,items,generated world-file record,3,template-and-sample QA,,engine data,engine,active world files
/items/14314.json,src/pages/items/[vnum].json.ts,agent-json,generated machine-readable record,3,schema-and-sample QA,,engine data,engine,active world files
/items/14314/,src/pages/items/[vnum].astro,items,generated world-file record,3,template-and-sample QA,,engine data,engine,active world files
/items/14315.json,src/pages/items/[vnum].json.ts,agent-json,generated machine-readable record,3,schema-and-sample QA,,engine data,engine,active world files
/items/14315/,src/pages/items/[vnum].astro,items,generated world-file record,3,template-and-sample QA,,engine data,engine,active world files
/items/14316.json,src/pages/items/[vnum].json.ts,agent-json,generated machine-readable record,3,schema-and-sample QA,,engine data,engine,active world files
/items/14316/,src/pages/items/[vnum].astro,items,generated world-file record,3,template-and-sample QA,,engine data,engine,active world files
/items/144.json,src/pages/items/[vnum].json.ts,agent-json,generated machine-readable record,3,schema-and-sample QA,,engine data,engine,active world files
/items/144/,src/pages/items/[vnum].astro,items,generated world-file record,3,template-and-sample QA,,engine data,engine,active world files
/items/14400.json,src/pages/items/[vnum].json.ts,agent-json,generated machine-readable record,3,schema-and-sample QA,,engine data,engine,active world files
/items/14400/,src/pages/items/[vnum].astro,items,generated world-file record,3,template-and-sample QA,,engine data,engine,active world files
/items/14401.json,src/pages/items/[vnum].json.ts,agent-json,generated machine-readable record,3,schema-and-sample QA,,engine data,engine,active world files
/items/14401/,src/pages/items/[vnum].astro,items,generated world-file record,3,template-and-sample QA,,engine data,engine,active world files
/items/14402.json,src/pages/items/[vnum].json.ts,agent-json,generated machine-readable record,3,schema-and-sample QA,,engine data,engine,active world files
/items/14402/,src/pages/items/[vnum].astro,items,generated world-file record,3,template-and-sample QA,,engine data,engine,active world files
/items/14403.json,src/pages/items/[vnum].json.ts,agent-json,generated machine-readable record,3,schema-and-sample QA,,engine data,engine,active world files
/items/14403/,src/pages/items/[vnum].astro,items,generated world-file record,3,template-and-sample QA,,engine data,engine,active world files
/items/14404.json,src/pages/items/[vnum].json.ts,agent-json,generated machine-readable record,3,schema-and-sample QA,,engine data,engine,active world files
/items/14404/,src/pages/items/[vnum].astro,items,generated world-file record,3,template-and-sample QA,,engine data,engine,active world files
/items/14405.json,src/pages/items/[vnum].json.ts,agent-json,generated machine-readable record,3,schema-and-sample QA,,engine data,engine,active world files
/items/14405/,src/pages/items/[vnum].astro,items,generated world-file record,3,template-and-sample QA,,engine data,engine,active world files
/items/14406.json,src/pages/items/[vnum].json.ts,agent-json,generated machine-readable record,3,schema-and-sample QA,,engine data,engine,active world files
/items/14406/,src/pages/items/[vnum].astro,items,generated world-file record,3,template-and-sample QA,,engine data,engine,active world files
/items/14407.json,src/pages/items/[vnum].json.ts,agent-json,generated machine-readable record,3,schema-and-sample QA,,engine data,engine,active world files
/items/14407/,src/pages/items/[vnum].astro,items,generated world-file record,3,template-and-sample QA,,engine data,engine,active world files
/items/14408.json,src/pages/items/[vnum].json.ts,agent-json,generated machine-readable record,3,schema-and-sample QA,,engine data,engine,active world files
/items/14408/,src/pages/items/[vnum].astro,items,generated world-file record,3,template-and-sample QA,,engine data,engine,active world files
/items/14409.json,src/pages/items/[vnum].json.ts,agent-json,generated machine-readable record,3,schema-and-sample QA,,engine data,engine,active world files
/items/14409/,src/pages/items/[vnum].astro,items,generated world-file record,3,template-and-sample QA,,engine data,engine,active world files
/items/14410.json,src/pages/items/[vnum].json.ts,agent-json,generated machine-readable record,3,schema-and-sample QA,,engine data,engine,active world files
/items/14410/,src/pages/items/[vnum].astro,items,generated world-file record,3,template-and-sample QA,,engine data,engine,active world files
/items/14411.json,src/pages/items/[vnum].json.ts,agent-json,generated machine-readable record,3,schema-and-sample QA,,engine data,engine,active world files
/items/14411/,src/pages/items/[vnum].astro,items,generated world-file record,3,template-and-sample QA,,engine data,engine,active world files
/items/14412.json,src/pages/items/[vnum].json.ts,agent-json,generated machine-readable record,3,schema-and-sample QA,,engine data,engine,active world files
/items/14412/,src/pages/items/[vnum].astro,items,generated world-file record,3,template-and-sample QA,,engine data,engine,active world files
/items/14413.json,src/pages/items/[vnum].json.ts,agent-json,generated machine-readable record,3,schema-and-sample QA,,engine data,engine,active world files
/items/14413/,src/pages/items/[vnum].astro,items,generated world-file record,3,template-and-sample QA,,engine data,engine,active world files
/items/14414.json,src/pages/items/[vnum].json.ts,agent-json,generated machine-readable record,3,schema-and-sample QA,,engine data,engine,active world files
/items/14414/,src/pages/items/[vnum].astro,items,generated world-file record,3,template-and-sample QA,,engine data,engine,active world files
/items/14415.json,src/pages/items/[vnum].json.ts,agent-json,generated machine-readable record,3,schema-and-sample QA,,engine data,engine,active world files
/items/14415/,src/pages/items/[vnum].astro,items,generated world-file record,3,template-and-sample QA,,engine data,engine,active world files
/items/14416.json,src/pages/items/[vnum].json.ts,agent-json,generated machine-readable record,3,schema-and-sample QA,,engine data,engine,active world files
/items/14416/,src/pages/items/[vnum].astro,items,generated world-file record,3,template-and-sample QA,,engine data,engine,active world files
/items/14417.json,src/pages/items/[vnum].json.ts,agent-json,generated machine-readable record,3,schema-and-sample QA,,engine data,engine,active world files
/items/14417/,src/pages/items/[vnum].astro,items,generated world-file record,3,template-and-sample QA,,engine data,engine,active world files
/items/14418.json,src/pages/items/[vnum].json.ts,agent-json,generated machine-readable record,3,schema-and-sample QA,,engine data,engine,active world files
/items/14418/,src/pages/items/[vnum].astro,items,generated world-file record,3,template-and-sample QA,,engine data,engine,active world files
/items/14419.json,src/pages/items/[vnum].json.ts,agent-json,generated machine-readable record,3,schema-and-sample QA,,engine data,engine,active world files
/items/14419/,src/pages/items/[vnum].astro,items,generated world-file record,3,template-and-sample QA,,engine data,engine,active world files
/items/14420.json,src/pages/items/[vnum].json.ts,agent-json,generated machine-readable record,3,schema-and-sample QA,,engine data,engine,active world files
/items/14420/,src/pages/items/[vnum].astro,items,generated world-file record,3,template-and-sample QA,,engine data,engine,active world files
/items/14421.json,src/pages/items/[vnum].json.ts,agent-json,generated machine-readable record,3,schema-and-sample QA,,engine data,engine,active world files
/items/14421/,src/pages/items/[vnum].astro,items,generated world-file record,3,template-and-sample QA,,engine data,engine,active world files
/items/14422.json,src/pages/items/[vnum].json.ts,agent-json,generated machine-readable record,3,schema-and-sample QA,,engine data,engine,active world files
/items/14422/,src/pages/items/[vnum].astro,items,generated world-file record,3,template-and-sample QA,,engine data,engine,active world files
/items/14423.json,src/pages/items/[vnum].json.ts,agent-json,generated machine-readable record,3,schema-and-sample QA,,engine data,engine,active world files
/items/14423/,src/pages/items/[vnum].astro,items,generated world-file record,3,template-and-sample QA,,engine data,engine,active world files
/items/14424.json,src/pages/items/[vnum].json.ts,agent-json,generated machine-readable record,3,schema-and-sample QA,,engine data,engine,active world files
/items/14424/,src/pages/items/[vnum].astro,items,generated world-file record,3,template-and-sample QA,,engine data,engine,active world files
/items/14425.json,src/pages/items/[vnum].json.ts,agent-json,generated machine-readable record,3,schema-and-sample QA,,engine data,engine,active world files
/items/14425/,src/pages/items/[vnum].astro,items,generated world-file record,3,template-and-sample QA,,engine data,engine,active world files
/items/14426.json,src/pages/items/[vnum].json.ts,agent-json,generated machine-readable record,3,schema-and-sample QA,,engine data,engine,active world files
/items/14426/,src/pages/items/[vnum].astro,items,generated world-file record,3,template-and-sample QA,,engine data,engine,active world files
/items/14427.json,src/pages/items/[vnum].json.ts,agent-json,generated machine-readable record,3,schema-and-sample QA,,engine data,engine,active world files
/items/14427/,src/pages/items/[vnum].astro,items,generated world-file record,3,template-and-sample QA,,engine data,engine,active world files
/items/14428.json,src/pages/items/[vnum].json.ts,agent-json,generated machine-readable record,3,schema-and-sample QA,,engine data,engine,active world files
/items/14428/,src/pages/items/[vnum].astro,items,generated world-file record,3,template-and-sample QA,,engine data,engine,active world files
/items/14429.json,src/pages/items/[vnum].json.ts,agent-json,generated machine-readable record,3,schema-and-sample QA,,engine data,engine,active world files
/items/14429/,src/pages/items/[vnum].astro,items,generated world-file record,3,template-and-sample QA,,engine data,engine,active world files
/items/14430.json,src/pages/items/[vnum].json.ts,agent-json,generated machine-readable record,3,schema-and-sample QA,,engine data,engine,active world files
/items/14430/,src/pages/items/[vnum].astro,items,generated world-file record,3,template-and-sample QA,,engine data,engine,active world files
/items/14431.json,src/pages/items/[vnum].json.ts,agent-json,generated machine-readable record,3,schema-and-sample QA,,engine data,engine,active world files
/items/14431/,src/pages/items/[vnum].astro,items,generated world-file record,3,template-and-sample QA,,engine data,engine,active world files
/items/14432.json,src/pages/items/[vnum].json.ts,agent-json,generated machine-readable record,3,schema-and-sample QA,,engine data,engine,active world files
/items/14432/,src/pages/items/[vnum].astro,items,generated world-file record,3,template-and-sample QA,,engine data,engine,active world files
/items/14433.json,src/pages/items/[vnum].json.ts,agent-json,generated machine-readable record,3,schema-and-sample QA,,engine data,engine,active world files
/items/14433/,src/pages/items/[vnum].astro,items,generated world-file record,3,template-and-sample QA,,engine data,engine,active world files
/items/14434.json,src/pages/items/[vnum].json.ts,agent-json,generated machine-readable record,3,schema-and-sample QA,,engine data,engine,active world files
/items/14434/,src/pages/items/[vnum].astro,items,generated world-file record,3,template-and-sample QA,,engine data,engine,active world files
/items/14435.json,src/pages/items/[vnum].json.ts,agent-json,generated machine-readable record,3,schema-and-sample QA,,engine data,engine,active world files
/items/14435/,src/pages/items/[vnum].astro,items,generated world-file record,3,template-and-sample QA,,engine data,engine,active world files
/items/14436.json,src/pages/items/[vnum].json.ts,agent-json,generated machine-readable record,3,schema-and-sample QA,,engine data,engine,active world files
/items/14436/,src/pages/items/[vnum].astro,items,generated world-file record,3,template-and-sample QA,,engine data,engine,active world files
/items/14437.json,src/pages/items/[vnum].json.ts,agent-json,generated machine-readable record,3,schema-and-sample QA,,engine data,engine,active world files
/items/14437/,src/pages/items/[vnum].astro,items,generated world-file record,3,template-and-sample QA,,engine data,engine,active world files
/items/14438.json,src/pages/items/[vnum].json.ts,agent-json,generated machine-readable record,3,schema-and-sample QA,,engine data,engine,active world files
/items/14438/,src/pages/items/[vnum].astro,items,generated world-file record,3,template-and-sample QA,,engine data,engine,active world files
/items/14439.json,src/pages/items/[vnum].json.ts,agent-json,generated machine-readable record,3,schema-and-sample QA,,engine data,engine,active world files
/items/14439/,src/pages/items/[vnum].astro,items,generated world-file record,3,template-and-sample QA,,engine data,engine,active world files
/items/14440.json,src/pages/items/[vnum].json.ts,agent-json,generated machine-readable record,3,schema-and-sample QA,,engine data,engine,active world files
/items/14440/,src/pages/items/[vnum].astro,items,generated world-file record,3,template-and-sample QA,,engine data,engine,active world files
/items/14441.json,src/pages/items/[vnum].json.ts,agent-json,generated machine-readable record,3,schema-and-sample QA,,engine data,engine,active world files
/items/14441/,src/pages/items/[vnum].astro,items,generated world-file record,3,template-and-sample QA,,engine data,engine,active world files
/items/14442.json,src/pages/items/[vnum].json.ts,agent-json,generated machine-readable record,3,schema-and-sample QA,,engine data,engine,active world files
/items/14442/,src/pages/items/[vnum].astro,items,generated world-file record,3,template-and-sample QA,,engine data,engine,active world files
/items/145.json,src/pages/items/[vnum].json.ts,agent-json,generated machine-readable record,3,schema-and-sample QA,,engine data,engine,active world files
/items/145/,src/pages/items/[vnum].astro,items,generated world-file record,3,template-and-sample QA,,engine data,engine,active world files
/items/14500.json,src/pages/items/[vnum].json.ts,agent-json,generated machine-readable record,3,schema-and-sample QA,,engine data,engine,active world files
/items/14500/,src/pages/items/[vnum].astro,items,generated world-file record,3,template-and-sample QA,,engine data,engine,active world files
/items/14501.json,src/pages/items/[vnum].json.ts,agent-json,generated machine-readable record,3,schema-and-sample QA,,engine data,engine,active world files
/items/14501/,src/pages/items/[vnum].astro,items,generated world-file record,3,template-and-sample QA,,engine data,engine,active world files
/items/14502.json,src/pages/items/[vnum].json.ts,agent-json,generated machine-readable record,3,schema-and-sample QA,,engine data,engine,active world files
/items/14502/,src/pages/items/[vnum].astro,items,generated world-file record,3,template-and-sample QA,,engine data,engine,active world files
/items/14503.json,src/pages/items/[vnum].json.ts,agent-json,generated machine-readable record,3,schema-and-sample QA,,engine data,engine,active world files
/items/14503/,src/pages/items/[vnum].astro,items,generated world-file record,3,template-and-sample QA,,engine data,engine,active world files
/items/14504.json,src/pages/items/[vnum].json.ts,agent-json,generated machine-readable record,3,schema-and-sample QA,,engine data,engine,active world files
/items/14504/,src/pages/items/[vnum].astro,items,generated world-file record,3,template-and-sample QA,,engine data,engine,active world files
/items/14531.json,src/pages/items/[vnum].json.ts,agent-json,generated machine-readable record,3,schema-and-sample QA,,engine data,engine,active world files
/items/14531/,src/pages/items/[vnum].astro,items,generated world-file record,3,template-and-sample QA,,engine data,engine,active world files
/items/14532.json,src/pages/items/[vnum].json.ts,agent-json,generated machine-readable record,3,schema-and-sample QA,,engine data,engine,active world files
/items/14532/,src/pages/items/[vnum].astro,items,generated world-file record,3,template-and-sample QA,,engine data,engine,active world files
/items/14533.json,src/pages/items/[vnum].json.ts,agent-json,generated machine-readable record,3,schema-and-sample QA,,engine data,engine,active world files
/items/14533/,src/pages/items/[vnum].astro,items,generated world-file record,3,template-and-sample QA,,engine data,engine,active world files
/items/14534.json,src/pages/items/[vnum].json.ts,agent-json,generated machine-readable record,3,schema-and-sample QA,,engine data,engine,active world files
/items/14534/,src/pages/items/[vnum].astro,items,generated world-file record,3,template-and-sample QA,,engine data,engine,active world files
/items/14535.json,src/pages/items/[vnum].json.ts,agent-json,generated machine-readable record,3,schema-and-sample QA,,engine data,engine,active world files
/items/14535/,src/pages/items/[vnum].astro,items,generated world-file record,3,template-and-sample QA,,engine data,engine,active world files
/items/146.json,src/pages/items/[vnum].json.ts,agent-json,generated machine-readable record,3,schema-and-sample QA,,engine data,engine,active world files
/items/146/,src/pages/items/[vnum].astro,items,generated world-file record,3,template-and-sample QA,,engine data,engine,active world files
/items/147.json,src/pages/items/[vnum].json.ts,agent-json,generated machine-readable record,3,schema-and-sample QA,,engine data,engine,active world files
/items/147/,src/pages/items/[vnum].astro,items,generated world-file record,3,template-and-sample QA,,engine data,engine,active world files
/items/148.json,src/pages/items/[vnum].json.ts,agent-json,generated machine-readable record,3,schema-and-sample QA,,engine data,engine,active world files
/items/148/,src/pages/items/[vnum].astro,items,generated world-file record,3,template-and-sample QA,,engine data,engine,active world files
/items/149.json,src/pages/items/[vnum].json.ts,agent-json,generated machine-readable record,3,schema-and-sample QA,,engine data,engine,active world files
/items/149/,src/pages/items/[vnum].astro,items,generated world-file record,3,template-and-sample QA,,engine data,engine,active world files
/items/15.json,src/pages/items/[vnum].json.ts,agent-json,generated machine-readable record,3,schema-and-sample QA,,engine data,engine,active world files
/items/15/,src/pages/items/[vnum].astro,items,generated world-file record,3,template-and-sample QA,,engine data,engine,active world files
/items/150.json,src/pages/items/[vnum].json.ts,agent-json,generated machine-readable record,3,schema-and-sample QA,,engine data,engine,active world files
/items/150/,src/pages/items/[vnum].astro,items,generated world-file record,3,template-and-sample QA,,engine data,engine,active world files
/items/151.json,src/pages/items/[vnum].json.ts,agent-json,generated machine-readable record,3,schema-and-sample QA,,engine data,engine,active world files
/items/151/,src/pages/items/[vnum].astro,items,generated world-file record,3,template-and-sample QA,,engine data,engine,active world files
/items/15101.json,src/pages/items/[vnum].json.ts,agent-json,generated machine-readable record,3,schema-and-sample QA,,engine data,engine,active world files
/items/15101/,src/pages/items/[vnum].astro,items,generated world-file record,3,template-and-sample QA,,engine data,engine,active world files
/items/15102.json,src/pages/items/[vnum].json.ts,agent-json,generated machine-readable record,3,schema-and-sample QA,,engine data,engine,active world files
/items/15102/,src/pages/items/[vnum].astro,items,generated world-file record,3,template-and-sample QA,,engine data,engine,active world files
/items/15103.json,src/pages/items/[vnum].json.ts,agent-json,generated machine-readable record,3,schema-and-sample QA,,engine data,engine,active world files
/items/15103/,src/pages/items/[vnum].astro,items,generated world-file record,3,template-and-sample QA,,engine data,engine,active world files
/items/15104.json,src/pages/items/[vnum].json.ts,agent-json,generated machine-readable record,3,schema-and-sample QA,,engine data,engine,active world files
/items/15104/,src/pages/items/[vnum].astro,items,generated world-file record,3,template-and-sample QA,,engine data,engine,active world files
/items/15150.json,src/pages/items/[vnum].json.ts,agent-json,generated machine-readable record,3,schema-and-sample QA,,engine data,engine,active world files
/items/15150/,src/pages/items/[vnum].astro,items,generated world-file record,3,template-and-sample QA,,engine data,engine,active world files
/items/152.json,src/pages/items/[vnum].json.ts,agent-json,generated machine-readable record,3,schema-and-sample QA,,engine data,engine,active world files
/items/152/,src/pages/items/[vnum].astro,items,generated world-file record,3,template-and-sample QA,,engine data,engine,active world files
/items/153.json,src/pages/items/[vnum].json.ts,agent-json,generated machine-readable record,3,schema-and-sample QA,,engine data,engine,active world files
/items/153/,src/pages/items/[vnum].astro,items,generated world-file record,3,template-and-sample QA,,engine data,engine,active world files
/items/154.json,src/pages/items/[vnum].json.ts,agent-json,generated machine-readable record,3,schema-and-sample QA,,engine data,engine,active world files
/items/154/,src/pages/items/[vnum].astro,items,generated world-file record,3,template-and-sample QA,,engine data,engine,active world files
/items/155.json,src/pages/items/[vnum].json.ts,agent-json,generated machine-readable record,3,schema-and-sample QA,,engine data,engine,active world files
/items/155/,src/pages/items/[vnum].astro,items,generated world-file record,3,template-and-sample QA,,engine data,engine,active world files
/items/156.json,src/pages/items/[vnum].json.ts,agent-json,generated machine-readable record,3,schema-and-sample QA,,engine data,engine,active world files
/items/156/,src/pages/items/[vnum].astro,items,generated world-file record,3,template-and-sample QA,,engine data,engine,active world files
/items/157.json,src/pages/items/[vnum].json.ts,agent-json,generated machine-readable record,3,schema-and-sample QA,,engine data,engine,active world files
/items/157/,src/pages/items/[vnum].astro,items,generated world-file record,3,template-and-sample QA,,engine data,engine,active world files
/items/158.json,src/pages/items/[vnum].json.ts,agent-json,generated machine-readable record,3,schema-and-sample QA,,engine data,engine,active world files
/items/158/,src/pages/items/[vnum].astro,items,generated world-file record,3,template-and-sample QA,,engine data,engine,active world files
/items/15801.json,src/pages/items/[vnum].json.ts,agent-json,generated machine-readable record,3,schema-and-sample QA,,engine data,engine,active world files
/items/15801/,src/pages/items/[vnum].astro,items,generated world-file record,3,template-and-sample QA,,engine data,engine,active world files
/items/15802.json,src/pages/items/[vnum].json.ts,agent-json,generated machine-readable record,3,schema-and-sample QA,,engine data,engine,active world files
/items/15802/,src/pages/items/[vnum].astro,items,generated world-file record,3,template-and-sample QA,,engine data,engine,active world files
/items/15803.json,src/pages/items/[vnum].json.ts,agent-json,generated machine-readable record,3,schema-and-sample QA,,engine data,engine,active world files
/items/15803/,src/pages/items/[vnum].astro,items,generated world-file record,3,template-and-sample QA,,engine data,engine,active world files
/items/15804.json,src/pages/items/[vnum].json.ts,agent-json,generated machine-readable record,3,schema-and-sample QA,,engine data,engine,active world files
/items/15804/,src/pages/items/[vnum].astro,items,generated world-file record,3,template-and-sample QA,,engine data,engine,active world files
/items/15805.json,src/pages/items/[vnum].json.ts,agent-json,generated machine-readable record,3,schema-and-sample QA,,engine data,engine,active world files
/items/15805/,src/pages/items/[vnum].astro,items,generated world-file record,3,template-and-sample QA,,engine data,engine,active world files
/items/15806.json,src/pages/items/[vnum].json.ts,agent-json,generated machine-readable record,3,schema-and-sample QA,,engine data,engine,active world files
/items/15806/,src/pages/items/[vnum].astro,items,generated world-file record,3,template-and-sample QA,,engine data,engine,active world files
/items/15807.json,src/pages/items/[vnum].json.ts,agent-json,generated machine-readable record,3,schema-and-sample QA,,engine data,engine,active world files
/items/15807/,src/pages/items/[vnum].astro,items,generated world-file record,3,template-and-sample QA,,engine data,engine,active world files
/items/15808.json,src/pages/items/[vnum].json.ts,agent-json,generated machine-readable record,3,schema-and-sample QA,,engine data,engine,active world files
/items/15808/,src/pages/items/[vnum].astro,items,generated world-file record,3,template-and-sample QA,,engine data,engine,active world files
/items/15809.json,src/pages/items/[vnum].json.ts,agent-json,generated machine-readable record,3,schema-and-sample QA,,engine data,engine,active world files
/items/15809/,src/pages/items/[vnum].astro,items,generated world-file record,3,template-and-sample QA,,engine data,engine,active world files
/items/15810.json,src/pages/items/[vnum].json.ts,agent-json,generated machine-readable record,3,schema-and-sample QA,,engine data,engine,active world files
/items/15810/,src/pages/items/[vnum].astro,items,generated world-file record,3,template-and-sample QA,,engine data,engine,active world files
/items/15811.json,src/pages/items/[vnum].json.ts,agent-json,generated machine-readable record,3,schema-and-sample QA,,engine data,engine,active world files
/items/15811/,src/pages/items/[vnum].astro,items,generated world-file record,3,template-and-sample QA,,engine data,engine,active world files
/items/15812.json,src/pages/items/[vnum].json.ts,agent-json,generated machine-readable record,3,schema-and-sample QA,,engine data,engine,active world files
/items/15812/,src/pages/items/[vnum].astro,items,generated world-file record,3,template-and-sample QA,,engine data,engine,active world files
/items/15813.json,src/pages/items/[vnum].json.ts,agent-json,generated machine-readable record,3,schema-and-sample QA,,engine data,engine,active world files
/items/15813/,src/pages/items/[vnum].astro,items,generated world-file record,3,template-and-sample QA,,engine data,engine,active world files
/items/15814.json,src/pages/items/[vnum].json.ts,agent-json,generated machine-readable record,3,schema-and-sample QA,,engine data,engine,active world files
/items/15814/,src/pages/items/[vnum].astro,items,generated world-file record,3,template-and-sample QA,,engine data,engine,active world files
/items/15815.json,src/pages/items/[vnum].json.ts,agent-json,generated machine-readable record,3,schema-and-sample QA,,engine data,engine,active world files
/items/15815/,src/pages/items/[vnum].astro,items,generated world-file record,3,template-and-sample QA,,engine data,engine,active world files
/items/15816.json,src/pages/items/[vnum].json.ts,agent-json,generated machine-readable record,3,schema-and-sample QA,,engine data,engine,active world files
/items/15816/,src/pages/items/[vnum].astro,items,generated world-file record,3,template-and-sample QA,,engine data,engine,active world files
/items/15817.json,src/pages/items/[vnum].json.ts,agent-json,generated machine-readable record,3,schema-and-sample QA,,engine data,engine,active world files
/items/15817/,src/pages/items/[vnum].astro,items,generated world-file record,3,template-and-sample QA,,engine data,engine,active world files
/items/15818.json,src/pages/items/[vnum].json.ts,agent-json,generated machine-readable record,3,schema-and-sample QA,,engine data,engine,active world files
/items/15818/,src/pages/items/[vnum].astro,items,generated world-file record,3,template-and-sample QA,,engine data,engine,active world files
/items/15819.json,src/pages/items/[vnum].json.ts,agent-json,generated machine-readable record,3,schema-and-sample QA,,engine data,engine,active world files
/items/15819/,src/pages/items/[vnum].astro,items,generated world-file record,3,template-and-sample QA,,engine data,engine,active world files
/items/15820.json,src/pages/items/[vnum].json.ts,agent-json,generated machine-readable record,3,schema-and-sample QA,,engine data,engine,active world files
/items/15820/,src/pages/items/[vnum].astro,items,generated world-file record,3,template-and-sample QA,,engine data,engine,active world files
/items/15821.json,src/pages/items/[vnum].json.ts,agent-json,generated machine-readable record,3,schema-and-sample QA,,engine data,engine,active world files
/items/15821/,src/pages/items/[vnum].astro,items,generated world-file record,3,template-and-sample QA,,engine data,engine,active world files
/items/15822.json,src/pages/items/[vnum].json.ts,agent-json,generated machine-readable record,3,schema-and-sample QA,,engine data,engine,active world files
/items/15822/,src/pages/items/[vnum].astro,items,generated world-file record,3,template-and-sample QA,,engine data,engine,active world files
/items/15823.json,src/pages/items/[vnum].json.ts,agent-json,generated machine-readable record,3,schema-and-sample QA,,engine data,engine,active world files
/items/15823/,src/pages/items/[vnum].astro,items,generated world-file record,3,template-and-sample QA,,engine data,engine,active world files
/items/15824.json,src/pages/items/[vnum].json.ts,agent-json,generated machine-readable record,3,schema-and-sample QA,,engine data,engine,active world files
/items/15824/,src/pages/items/[vnum].astro,items,generated world-file record,3,template-and-sample QA,,engine data,engine,active world files
/items/15825.json,src/pages/items/[vnum].json.ts,agent-json,generated machine-readable record,3,schema-and-sample QA,,engine data,engine,active world files
/items/15825/,src/pages/items/[vnum].astro,items,generated world-file record,3,template-and-sample QA,,engine data,engine,active world files
/items/15850.json,src/pages/items/[vnum].json.ts,agent-json,generated machine-readable record,3,schema-and-sample QA,,engine data,engine,active world files
/items/15850/,src/pages/items/[vnum].astro,items,generated world-file record,3,template-and-sample QA,,engine data,engine,active world files
/items/159.json,src/pages/items/[vnum].json.ts,agent-json,generated machine-readable record,3,schema-and-sample QA,,engine data,engine,active world files
/items/159/,src/pages/items/[vnum].astro,items,generated world-file record,3,template-and-sample QA,,engine data,engine,active world files
/items/16.json,src/pages/items/[vnum].json.ts,agent-json,generated machine-readable record,3,schema-and-sample QA,,engine data,engine,active world files
/items/16/,src/pages/items/[vnum].astro,items,generated world-file record,3,template-and-sample QA,,engine data,engine,active world files
/items/16000.json,src/pages/items/[vnum].json.ts,agent-json,generated machine-readable record,3,schema-and-sample QA,,engine data,engine,active world files
/items/16000/,src/pages/items/[vnum].astro,items,generated world-file record,3,template-and-sample QA,,engine data,engine,active world files
/items/16001.json,src/pages/items/[vnum].json.ts,agent-json,generated machine-readable record,3,schema-and-sample QA,,engine data,engine,active world files
/items/16001/,src/pages/items/[vnum].astro,items,generated world-file record,3,template-and-sample QA,,engine data,engine,active world files
/items/16002.json,src/pages/items/[vnum].json.ts,agent-json,generated machine-readable record,3,schema-and-sample QA,,engine data,engine,active world files
/items/16002/,src/pages/items/[vnum].astro,items,generated world-file record,3,template-and-sample QA,,engine data,engine,active world files
/items/16003.json,src/pages/items/[vnum].json.ts,agent-json,generated machine-readable record,3,schema-and-sample QA,,engine data,engine,active world files
/items/16003/,src/pages/items/[vnum].astro,items,generated world-file record,3,template-and-sample QA,,engine data,engine,active world files
/items/16004.json,src/pages/items/[vnum].json.ts,agent-json,generated machine-readable record,3,schema-and-sample QA,,engine data,engine,active world files
/items/16004/,src/pages/items/[vnum].astro,items,generated world-file record,3,template-and-sample QA,,engine data,engine,active world files
/items/16005.json,src/pages/items/[vnum].json.ts,agent-json,generated machine-readable record,3,schema-and-sample QA,,engine data,engine,active world files
/items/16005/,src/pages/items/[vnum].astro,items,generated world-file record,3,template-and-sample QA,,engine data,engine,active world files
/items/16006.json,src/pages/items/[vnum].json.ts,agent-json,generated machine-readable record,3,schema-and-sample QA,,engine data,engine,active world files
/items/16006/,src/pages/items/[vnum].astro,items,generated world-file record,3,template-and-sample QA,,engine data,engine,active world files
/items/16007.json,src/pages/items/[vnum].json.ts,agent-json,generated machine-readable record,3,schema-and-sample QA,,engine data,engine,active world files
/items/16007/,src/pages/items/[vnum].astro,items,generated world-file record,3,template-and-sample QA,,engine data,engine,active world files
/items/16008.json,src/pages/items/[vnum].json.ts,agent-json,generated machine-readable record,3,schema-and-sample QA,,engine data,engine,active world files
/items/16008/,src/pages/items/[vnum].astro,items,generated world-file record,3,template-and-sample QA,,engine data,engine,active world files
/items/161.json,src/pages/items/[vnum].json.ts,agent-json,generated machine-readable record,3,schema-and-sample QA,,engine data,engine,active world files
/items/161/,src/pages/items/[vnum].astro,items,generated world-file record,3,template-and-sample QA,,engine data,engine,active world files
/items/16100.json,src/pages/items/[vnum].json.ts,agent-json,generated machine-readable record,3,schema-and-sample QA,,engine data,engine,active world files
/items/16100/,src/pages/items/[vnum].astro,items,generated world-file record,3,template-and-sample QA,,engine data,engine,active world files
/items/16101.json,src/pages/items/[vnum].json.ts,agent-json,generated machine-readable record,3,schema-and-sample QA,,engine data,engine,active world files
/items/16101/,src/pages/items/[vnum].astro,items,generated world-file record,3,template-and-sample QA,,engine data,engine,active world files
/items/16102.json,src/pages/items/[vnum].json.ts,agent-json,generated machine-readable record,3,schema-and-sample QA,,engine data,engine,active world files
/items/16102/,src/pages/items/[vnum].astro,items,generated world-file record,3,template-and-sample QA,,engine data,engine,active world files
/items/16103.json,src/pages/items/[vnum].json.ts,agent-json,generated machine-readable record,3,schema-and-sample QA,,engine data,engine,active world files
/items/16103/,src/pages/items/[vnum].astro,items,generated world-file record,3,template-and-sample QA,,engine data,engine,active world files
/items/16104.json,src/pages/items/[vnum].json.ts,agent-json,generated machine-readable record,3,schema-and-sample QA,,engine data,engine,active world files
/items/16104/,src/pages/items/[vnum].astro,items,generated world-file record,3,template-and-sample QA,,engine data,engine,active world files
/items/16105.json,src/pages/items/[vnum].json.ts,agent-json,generated machine-readable record,3,schema-and-sample QA,,engine data,engine,active world files
/items/16105/,src/pages/items/[vnum].astro,items,generated world-file record,3,template-and-sample QA,,engine data,engine,active world files
/items/16106.json,src/pages/items/[vnum].json.ts,agent-json,generated machine-readable record,3,schema-and-sample QA,,engine data,engine,active world files
/items/16106/,src/pages/items/[vnum].astro,items,generated world-file record,3,template-and-sample QA,,engine data,engine,active world files
/items/16107.json,src/pages/items/[vnum].json.ts,agent-json,generated machine-readable record,3,schema-and-sample QA,,engine data,engine,active world files
/items/16107/,src/pages/items/[vnum].astro,items,generated world-file record,3,template-and-sample QA,,engine data,engine,active world files
/items/16108.json,src/pages/items/[vnum].json.ts,agent-json,generated machine-readable record,3,schema-and-sample QA,,engine data,engine,active world files
/items/16108/,src/pages/items/[vnum].astro,items,generated world-file record,3,template-and-sample QA,,engine data,engine,active world files
/items/16109.json,src/pages/items/[vnum].json.ts,agent-json,generated machine-readable record,3,schema-and-sample QA,,engine data,engine,active world files
/items/16109/,src/pages/items/[vnum].astro,items,generated world-file record,3,template-and-sample QA,,engine data,engine,active world files
/items/16110.json,src/pages/items/[vnum].json.ts,agent-json,generated machine-readable record,3,schema-and-sample QA,,engine data,engine,active world files
/items/16110/,src/pages/items/[vnum].astro,items,generated world-file record,3,template-and-sample QA,,engine data,engine,active world files
/items/16111.json,src/pages/items/[vnum].json.ts,agent-json,generated machine-readable record,3,schema-and-sample QA,,engine data,engine,active world files
/items/16111/,src/pages/items/[vnum].astro,items,generated world-file record,3,template-and-sample QA,,engine data,engine,active world files
/items/16112.json,src/pages/items/[vnum].json.ts,agent-json,generated machine-readable record,3,schema-and-sample QA,,engine data,engine,active world files
/items/16112/,src/pages/items/[vnum].astro,items,generated world-file record,3,template-and-sample QA,,engine data,engine,active world files
/items/16113.json,src/pages/items/[vnum].json.ts,agent-json,generated machine-readable record,3,schema-and-sample QA,,engine data,engine,active world files
/items/16113/,src/pages/items/[vnum].astro,items,generated world-file record,3,template-and-sample QA,,engine data,engine,active world files
/items/16114.json,src/pages/items/[vnum].json.ts,agent-json,generated machine-readable record,3,schema-and-sample QA,,engine data,engine,active world files
/items/16114/,src/pages/items/[vnum].astro,items,generated world-file record,3,template-and-sample QA,,engine data,engine,active world files
/items/16115.json,src/pages/items/[vnum].json.ts,agent-json,generated machine-readable record,3,schema-and-sample QA,,engine data,engine,active world files
/items/16115/,src/pages/items/[vnum].astro,items,generated world-file record,3,template-and-sample QA,,engine data,engine,active world files
/items/16116.json,src/pages/items/[vnum].json.ts,agent-json,generated machine-readable record,3,schema-and-sample QA,,engine data,engine,active world files
/items/16116/,src/pages/items/[vnum].astro,items,generated world-file record,3,template-and-sample QA,,engine data,engine,active world files
/items/16117.json,src/pages/items/[vnum].json.ts,agent-json,generated machine-readable record,3,schema-and-sample QA,,engine data,engine,active world files
/items/16117/,src/pages/items/[vnum].astro,items,generated world-file record,3,template-and-sample QA,,engine data,engine,active world files
/items/16118.json,src/pages/items/[vnum].json.ts,agent-json,generated machine-readable record,3,schema-and-sample QA,,engine data,engine,active world files
/items/16118/,src/pages/items/[vnum].astro,items,generated world-file record,3,template-and-sample QA,,engine data,engine,active world files
/items/16119.json,src/pages/items/[vnum].json.ts,agent-json,generated machine-readable record,3,schema-and-sample QA,,engine data,engine,active world files
/items/16119/,src/pages/items/[vnum].astro,items,generated world-file record,3,template-and-sample QA,,engine data,engine,active world files
/items/16120.json,src/pages/items/[vnum].json.ts,agent-json,generated machine-readable record,3,schema-and-sample QA,,engine data,engine,active world files
/items/16120/,src/pages/items/[vnum].astro,items,generated world-file record,3,template-and-sample QA,,engine data,engine,active world files
/items/16121.json,src/pages/items/[vnum].json.ts,agent-json,generated machine-readable record,3,schema-and-sample QA,,engine data,engine,active world files
/items/16121/,src/pages/items/[vnum].astro,items,generated world-file record,3,template-and-sample QA,,engine data,engine,active world files
/items/16122.json,src/pages/items/[vnum].json.ts,agent-json,generated machine-readable record,3,schema-and-sample QA,,engine data,engine,active world files
/items/16122/,src/pages/items/[vnum].astro,items,generated world-file record,3,template-and-sample QA,,engine data,engine,active world files
/items/16123.json,src/pages/items/[vnum].json.ts,agent-json,generated machine-readable record,3,schema-and-sample QA,,engine data,engine,active world files
/items/16123/,src/pages/items/[vnum].astro,items,generated world-file record,3,template-and-sample QA,,engine data,engine,active world files
/items/16124.json,src/pages/items/[vnum].json.ts,agent-json,generated machine-readable record,3,schema-and-sample QA,,engine data,engine,active world files
/items/16124/,src/pages/items/[vnum].astro,items,generated world-file record,3,template-and-sample QA,,engine data,engine,active world files
/items/16125.json,src/pages/items/[vnum].json.ts,agent-json,generated machine-readable record,3,schema-and-sample QA,,engine data,engine,active world files
/items/16125/,src/pages/items/[vnum].astro,items,generated world-file record,3,template-and-sample QA,,engine data,engine,active world files
/items/16126.json,src/pages/items/[vnum].json.ts,agent-json,generated machine-readable record,3,schema-and-sample QA,,engine data,engine,active world files
/items/16126/,src/pages/items/[vnum].astro,items,generated world-file record,3,template-and-sample QA,,engine data,engine,active world files
/items/16127.json,src/pages/items/[vnum].json.ts,agent-json,generated machine-readable record,3,schema-and-sample QA,,engine data,engine,active world files
/items/16127/,src/pages/items/[vnum].astro,items,generated world-file record,3,template-and-sample QA,,engine data,engine,active world files
/items/16128.json,src/pages/items/[vnum].json.ts,agent-json,generated machine-readable record,3,schema-and-sample QA,,engine data,engine,active world files
/items/16128/,src/pages/items/[vnum].astro,items,generated world-file record,3,template-and-sample QA,,engine data,engine,active world files
/items/16129.json,src/pages/items/[vnum].json.ts,agent-json,generated machine-readable record,3,schema-and-sample QA,,engine data,engine,active world files
/items/16129/,src/pages/items/[vnum].astro,items,generated world-file record,3,template-and-sample QA,,engine data,engine,active world files
/items/16130.json,src/pages/items/[vnum].json.ts,agent-json,generated machine-readable record,3,schema-and-sample QA,,engine data,engine,active world files
/items/16130/,src/pages/items/[vnum].astro,items,generated world-file record,3,template-and-sample QA,,engine data,engine,active world files
/items/16131.json,src/pages/items/[vnum].json.ts,agent-json,generated machine-readable record,3,schema-and-sample QA,,engine data,engine,active world files
/items/16131/,src/pages/items/[vnum].astro,items,generated world-file record,3,template-and-sample QA,,engine data,engine,active world files
/items/16132.json,src/pages/items/[vnum].json.ts,agent-json,generated machine-readable record,3,schema-and-sample QA,,engine data,engine,active world files
/items/16132/,src/pages/items/[vnum].astro,items,generated world-file record,3,template-and-sample QA,,engine data,engine,active world files
/items/16133.json,src/pages/items/[vnum].json.ts,agent-json,generated machine-readable record,3,schema-and-sample QA,,engine data,engine,active world files
/items/16133/,src/pages/items/[vnum].astro,items,generated world-file record,3,template-and-sample QA,,engine data,engine,active world files
/items/16134.json,src/pages/items/[vnum].json.ts,agent-json,generated machine-readable record,3,schema-and-sample QA,,engine data,engine,active world files
/items/16134/,src/pages/items/[vnum].astro,items,generated world-file record,3,template-and-sample QA,,engine data,engine,active world files
/items/16135.json,src/pages/items/[vnum].json.ts,agent-json,generated machine-readable record,3,schema-and-sample QA,,engine data,engine,active world files
/items/16135/,src/pages/items/[vnum].astro,items,generated world-file record,3,template-and-sample QA,,engine data,engine,active world files
/items/16136.json,src/pages/items/[vnum].json.ts,agent-json,generated machine-readable record,3,schema-and-sample QA,,engine data,engine,active world files
/items/16136/,src/pages/items/[vnum].astro,items,generated world-file record,3,template-and-sample QA,,engine data,engine,active world files
/items/16137.json,src/pages/items/[vnum].json.ts,agent-json,generated machine-readable record,3,schema-and-sample QA,,engine data,engine,active world files
/items/16137/,src/pages/items/[vnum].astro,items,generated world-file record,3,template-and-sample QA,,engine data,engine,active world files
/items/16138.json,src/pages/items/[vnum].json.ts,agent-json,generated machine-readable record,3,schema-and-sample QA,,engine data,engine,active world files
/items/16138/,src/pages/items/[vnum].astro,items,generated world-file record,3,template-and-sample QA,,engine data,engine,active world files
/items/16139.json,src/pages/items/[vnum].json.ts,agent-json,generated machine-readable record,3,schema-and-sample QA,,engine data,engine,active world files
/items/16139/,src/pages/items/[vnum].astro,items,generated world-file record,3,template-and-sample QA,,engine data,engine,active world files
/items/16140.json,src/pages/items/[vnum].json.ts,agent-json,generated machine-readable record,3,schema-and-sample QA,,engine data,engine,active world files
/items/16140/,src/pages/items/[vnum].astro,items,generated world-file record,3,template-and-sample QA,,engine data,engine,active world files
/items/16141.json,src/pages/items/[vnum].json.ts,agent-json,generated machine-readable record,3,schema-and-sample QA,,engine data,engine,active world files
/items/16141/,src/pages/items/[vnum].astro,items,generated world-file record,3,template-and-sample QA,,engine data,engine,active world files
/items/162.json,src/pages/items/[vnum].json.ts,agent-json,generated machine-readable record,3,schema-and-sample QA,,engine data,engine,active world files
/items/162/,src/pages/items/[vnum].astro,items,generated world-file record,3,template-and-sample QA,,engine data,engine,active world files
/items/16200.json,src/pages/items/[vnum].json.ts,agent-json,generated machine-readable record,3,schema-and-sample QA,,engine data,engine,active world files
/items/16200/,src/pages/items/[vnum].astro,items,generated world-file record,3,template-and-sample QA,,engine data,engine,active world files
/items/16201.json,src/pages/items/[vnum].json.ts,agent-json,generated machine-readable record,3,schema-and-sample QA,,engine data,engine,active world files
/items/16201/,src/pages/items/[vnum].astro,items,generated world-file record,3,template-and-sample QA,,engine data,engine,active world files
/items/16202.json,src/pages/items/[vnum].json.ts,agent-json,generated machine-readable record,3,schema-and-sample QA,,engine data,engine,active world files
/items/16202/,src/pages/items/[vnum].astro,items,generated world-file record,3,template-and-sample QA,,engine data,engine,active world files
/items/16203.json,src/pages/items/[vnum].json.ts,agent-json,generated machine-readable record,3,schema-and-sample QA,,engine data,engine,active world files
/items/16203/,src/pages/items/[vnum].astro,items,generated world-file record,3,template-and-sample QA,,engine data,engine,active world files
/items/16204.json,src/pages/items/[vnum].json.ts,agent-json,generated machine-readable record,3,schema-and-sample QA,,engine data,engine,active world files
/items/16204/,src/pages/items/[vnum].astro,items,generated world-file record,3,template-and-sample QA,,engine data,engine,active world files
/items/16205.json,src/pages/items/[vnum].json.ts,agent-json,generated machine-readable record,3,schema-and-sample QA,,engine data,engine,active world files
/items/16205/,src/pages/items/[vnum].astro,items,generated world-file record,3,template-and-sample QA,,engine data,engine,active world files
/items/16206.json,src/pages/items/[vnum].json.ts,agent-json,generated machine-readable record,3,schema-and-sample QA,,engine data,engine,active world files
/items/16206/,src/pages/items/[vnum].astro,items,generated world-file record,3,template-and-sample QA,,engine data,engine,active world files
/items/16207.json,src/pages/items/[vnum].json.ts,agent-json,generated machine-readable record,3,schema-and-sample QA,,engine data,engine,active world files
/items/16207/,src/pages/items/[vnum].astro,items,generated world-file record,3,template-and-sample QA,,engine data,engine,active world files
/items/16208.json,src/pages/items/[vnum].json.ts,agent-json,generated machine-readable record,3,schema-and-sample QA,,engine data,engine,active world files
/items/16208/,src/pages/items/[vnum].astro,items,generated world-file record,3,template-and-sample QA,,engine data,engine,active world files
/items/16209.json,src/pages/items/[vnum].json.ts,agent-json,generated machine-readable record,3,schema-and-sample QA,,engine data,engine,active world files
/items/16209/,src/pages/items/[vnum].astro,items,generated world-file record,3,template-and-sample QA,,engine data,engine,active world files
/items/16210.json,src/pages/items/[vnum].json.ts,agent-json,generated machine-readable record,3,schema-and-sample QA,,engine data,engine,active world files
/items/16210/,src/pages/items/[vnum].astro,items,generated world-file record,3,template-and-sample QA,,engine data,engine,active world files
/items/16212.json,src/pages/items/[vnum].json.ts,agent-json,generated machine-readable record,3,schema-and-sample QA,,engine data,engine,active world files
/items/16212/,src/pages/items/[vnum].astro,items,generated world-file record,3,template-and-sample QA,,engine data,engine,active world files
/items/16214.json,src/pages/items/[vnum].json.ts,agent-json,generated machine-readable record,3,schema-and-sample QA,,engine data,engine,active world files
/items/16214/,src/pages/items/[vnum].astro,items,generated world-file record,3,template-and-sample QA,,engine data,engine,active world files
/items/16215.json,src/pages/items/[vnum].json.ts,agent-json,generated machine-readable record,3,schema-and-sample QA,,engine data,engine,active world files
/items/16215/,src/pages/items/[vnum].astro,items,generated world-file record,3,template-and-sample QA,,engine data,engine,active world files
/items/16216.json,src/pages/items/[vnum].json.ts,agent-json,generated machine-readable record,3,schema-and-sample QA,,engine data,engine,active world files
/items/16216/,src/pages/items/[vnum].astro,items,generated world-file record,3,template-and-sample QA,,engine data,engine,active world files
/items/16217.json,src/pages/items/[vnum].json.ts,agent-json,generated machine-readable record,3,schema-and-sample QA,,engine data,engine,active world files
/items/16217/,src/pages/items/[vnum].astro,items,generated world-file record,3,template-and-sample QA,,engine data,engine,active world files
/items/16218.json,src/pages/items/[vnum].json.ts,agent-json,generated machine-readable record,3,schema-and-sample QA,,engine data,engine,active world files
/items/16218/,src/pages/items/[vnum].astro,items,generated world-file record,3,template-and-sample QA,,engine data,engine,active world files
/items/16219.json,src/pages/items/[vnum].json.ts,agent-json,generated machine-readable record,3,schema-and-sample QA,,engine data,engine,active world files
/items/16219/,src/pages/items/[vnum].astro,items,generated world-file record,3,template-and-sample QA,,engine data,engine,active world files
/items/16220.json,src/pages/items/[vnum].json.ts,agent-json,generated machine-readable record,3,schema-and-sample QA,,engine data,engine,active world files
/items/16220/,src/pages/items/[vnum].astro,items,generated world-file record,3,template-and-sample QA,,engine data,engine,active world files
/items/16221.json,src/pages/items/[vnum].json.ts,agent-json,generated machine-readable record,3,schema-and-sample QA,,engine data,engine,active world files
/items/16221/,src/pages/items/[vnum].astro,items,generated world-file record,3,template-and-sample QA,,engine data,engine,active world files
/items/16222.json,src/pages/items/[vnum].json.ts,agent-json,generated machine-readable record,3,schema-and-sample QA,,engine data,engine,active world files
/items/16222/,src/pages/items/[vnum].astro,items,generated world-file record,3,template-and-sample QA,,engine data,engine,active world files
/items/16223.json,src/pages/items/[vnum].json.ts,agent-json,generated machine-readable record,3,schema-and-sample QA,,engine data,engine,active world files
/items/16223/,src/pages/items/[vnum].astro,items,generated world-file record,3,template-and-sample QA,,engine data,engine,active world files
/items/16224.json,src/pages/items/[vnum].json.ts,agent-json,generated machine-readable record,3,schema-and-sample QA,,engine data,engine,active world files
/items/16224/,src/pages/items/[vnum].astro,items,generated world-file record,3,template-and-sample QA,,engine data,engine,active world files
/items/16225.json,src/pages/items/[vnum].json.ts,agent-json,generated machine-readable record,3,schema-and-sample QA,,engine data,engine,active world files
/items/16225/,src/pages/items/[vnum].astro,items,generated world-file record,3,template-and-sample QA,,engine data,engine,active world files
/items/16226.json,src/pages/items/[vnum].json.ts,agent-json,generated machine-readable record,3,schema-and-sample QA,,engine data,engine,active world files
/items/16226/,src/pages/items/[vnum].astro,items,generated world-file record,3,template-and-sample QA,,engine data,engine,active world files
/items/16227.json,src/pages/items/[vnum].json.ts,agent-json,generated machine-readable record,3,schema-and-sample QA,,engine data,engine,active world files
/items/16227/,src/pages/items/[vnum].astro,items,generated world-file record,3,template-and-sample QA,,engine data,engine,active world files
/items/16228.json,src/pages/items/[vnum].json.ts,agent-json,generated machine-readable record,3,schema-and-sample QA,,engine data,engine,active world files
/items/16228/,src/pages/items/[vnum].astro,items,generated world-file record,3,template-and-sample QA,,engine data,engine,active world files
/items/16229.json,src/pages/items/[vnum].json.ts,agent-json,generated machine-readable record,3,schema-and-sample QA,,engine data,engine,active world files
/items/16229/,src/pages/items/[vnum].astro,items,generated world-file record,3,template-and-sample QA,,engine data,engine,active world files
/items/16230.json,src/pages/items/[vnum].json.ts,agent-json,generated machine-readable record,3,schema-and-sample QA,,engine data,engine,active world files
/items/16230/,src/pages/items/[vnum].astro,items,generated world-file record,3,template-and-sample QA,,engine data,engine,active world files
/items/16231.json,src/pages/items/[vnum].json.ts,agent-json,generated machine-readable record,3,schema-and-sample QA,,engine data,engine,active world files
/items/16231/,src/pages/items/[vnum].astro,items,generated world-file record,3,template-and-sample QA,,engine data,engine,active world files
/items/16232.json,src/pages/items/[vnum].json.ts,agent-json,generated machine-readable record,3,schema-and-sample QA,,engine data,engine,active world files
/items/16232/,src/pages/items/[vnum].astro,items,generated world-file record,3,template-and-sample QA,,engine data,engine,active world files
/items/16233.json,src/pages/items/[vnum].json.ts,agent-json,generated machine-readable record,3,schema-and-sample QA,,engine data,engine,active world files
/items/16233/,src/pages/items/[vnum].astro,items,generated world-file record,3,template-and-sample QA,,engine data,engine,active world files
/items/16234.json,src/pages/items/[vnum].json.ts,agent-json,generated machine-readable record,3,schema-and-sample QA,,engine data,engine,active world files
/items/16234/,src/pages/items/[vnum].astro,items,generated world-file record,3,template-and-sample QA,,engine data,engine,active world files
/items/16235.json,src/pages/items/[vnum].json.ts,agent-json,generated machine-readable record,3,schema-and-sample QA,,engine data,engine,active world files
/items/16235/,src/pages/items/[vnum].astro,items,generated world-file record,3,template-and-sample QA,,engine data,engine,active world files
/items/16241.json,src/pages/items/[vnum].json.ts,agent-json,generated machine-readable record,3,schema-and-sample QA,,engine data,engine,active world files
/items/16241/,src/pages/items/[vnum].astro,items,generated world-file record,3,template-and-sample QA,,engine data,engine,active world files
/items/16242.json,src/pages/items/[vnum].json.ts,agent-json,generated machine-readable record,3,schema-and-sample QA,,engine data,engine,active world files
/items/16242/,src/pages/items/[vnum].astro,items,generated world-file record,3,template-and-sample QA,,engine data,engine,active world files
/items/16243.json,src/pages/items/[vnum].json.ts,agent-json,generated machine-readable record,3,schema-and-sample QA,,engine data,engine,active world files
/items/16243/,src/pages/items/[vnum].astro,items,generated world-file record,3,template-and-sample QA,,engine data,engine,active world files
/items/16250.json,src/pages/items/[vnum].json.ts,agent-json,generated machine-readable record,3,schema-and-sample QA,,engine data,engine,active world files
/items/16250/,src/pages/items/[vnum].astro,items,generated world-file record,3,template-and-sample QA,,engine data,engine,active world files
/items/16290.json,src/pages/items/[vnum].json.ts,agent-json,generated machine-readable record,3,schema-and-sample QA,,engine data,engine,active world files
/items/16290/,src/pages/items/[vnum].astro,items,generated world-file record,3,template-and-sample QA,,engine data,engine,active world files
/items/16295.json,src/pages/items/[vnum].json.ts,agent-json,generated machine-readable record,3,schema-and-sample QA,,engine data,engine,active world files
/items/16295/,src/pages/items/[vnum].astro,items,generated world-file record,3,template-and-sample QA,,engine data,engine,active world files
/items/163.json,src/pages/items/[vnum].json.ts,agent-json,generated machine-readable record,3,schema-and-sample QA,,engine data,engine,active world files
/items/163/,src/pages/items/[vnum].astro,items,generated world-file record,3,template-and-sample QA,,engine data,engine,active world files
/items/16300.json,src/pages/items/[vnum].json.ts,agent-json,generated machine-readable record,3,schema-and-sample QA,,engine data,engine,active world files
/items/16300/,src/pages/items/[vnum].astro,items,generated world-file record,3,template-and-sample QA,,engine data,engine,active world files
/items/16301.json,src/pages/items/[vnum].json.ts,agent-json,generated machine-readable record,3,schema-and-sample QA,,engine data,engine,active world files
/items/16301/,src/pages/items/[vnum].astro,items,generated world-file record,3,template-and-sample QA,,engine data,engine,active world files
/items/16302.json,src/pages/items/[vnum].json.ts,agent-json,generated machine-readable record,3,schema-and-sample QA,,engine data,engine,active world files
/items/16302/,src/pages/items/[vnum].astro,items,generated world-file record,3,template-and-sample QA,,engine data,engine,active world files
/items/16303.json,src/pages/items/[vnum].json.ts,agent-json,generated machine-readable record,3,schema-and-sample QA,,engine data,engine,active world files
/items/16303/,src/pages/items/[vnum].astro,items,generated world-file record,3,template-and-sample QA,,engine data,engine,active world files
/items/16304.json,src/pages/items/[vnum].json.ts,agent-json,generated machine-readable record,3,schema-and-sample QA,,engine data,engine,active world files
/items/16304/,src/pages/items/[vnum].astro,items,generated world-file record,3,template-and-sample QA,,engine data,engine,active world files
/items/16305.json,src/pages/items/[vnum].json.ts,agent-json,generated machine-readable record,3,schema-and-sample QA,,engine data,engine,active world files
/items/16305/,src/pages/items/[vnum].astro,items,generated world-file record,3,template-and-sample QA,,engine data,engine,active world files
/items/16306.json,src/pages/items/[vnum].json.ts,agent-json,generated machine-readable record,3,schema-and-sample QA,,engine data,engine,active world files
/items/16306/,src/pages/items/[vnum].astro,items,generated world-file record,3,template-and-sample QA,,engine data,engine,active world files
/items/16307.json,src/pages/items/[vnum].json.ts,agent-json,generated machine-readable record,3,schema-and-sample QA,,engine data,engine,active world files
/items/16307/,src/pages/items/[vnum].astro,items,generated world-file record,3,template-and-sample QA,,engine data,engine,active world files
/items/16308.json,src/pages/items/[vnum].json.ts,agent-json,generated machine-readable record,3,schema-and-sample QA,,engine data,engine,active world files
/items/16308/,src/pages/items/[vnum].astro,items,generated world-file record,3,template-and-sample QA,,engine data,engine,active world files
/items/16309.json,src/pages/items/[vnum].json.ts,agent-json,generated machine-readable record,3,schema-and-sample QA,,engine data,engine,active world files
/items/16309/,src/pages/items/[vnum].astro,items,generated world-file record,3,template-and-sample QA,,engine data,engine,active world files
/items/16310.json,src/pages/items/[vnum].json.ts,agent-json,generated machine-readable record,3,schema-and-sample QA,,engine data,engine,active world files
/items/16310/,src/pages/items/[vnum].astro,items,generated world-file record,3,template-and-sample QA,,engine data,engine,active world files
/items/16311.json,src/pages/items/[vnum].json.ts,agent-json,generated machine-readable record,3,schema-and-sample QA,,engine data,engine,active world files
/items/16311/,src/pages/items/[vnum].astro,items,generated world-file record,3,template-and-sample QA,,engine data,engine,active world files
/items/16312.json,src/pages/items/[vnum].json.ts,agent-json,generated machine-readable record,3,schema-and-sample QA,,engine data,engine,active world files
/items/16312/,src/pages/items/[vnum].astro,items,generated world-file record,3,template-and-sample QA,,engine data,engine,active world files
/items/16313.json,src/pages/items/[vnum].json.ts,agent-json,generated machine-readable record,3,schema-and-sample QA,,engine data,engine,active world files
/items/16313/,src/pages/items/[vnum].astro,items,generated world-file record,3,template-and-sample QA,,engine data,engine,active world files
/items/164.json,src/pages/items/[vnum].json.ts,agent-json,generated machine-readable record,3,schema-and-sample QA,,engine data,engine,active world files
/items/164/,src/pages/items/[vnum].astro,items,generated world-file record,3,template-and-sample QA,,engine data,engine,active world files
/items/16400.json,src/pages/items/[vnum].json.ts,agent-json,generated machine-readable record,3,schema-and-sample QA,,engine data,engine,active world files
/items/16400/,src/pages/items/[vnum].astro,items,generated world-file record,3,template-and-sample QA,,engine data,engine,active world files
/items/16401.json,src/pages/items/[vnum].json.ts,agent-json,generated machine-readable record,3,schema-and-sample QA,,engine data,engine,active world files
/items/16401/,src/pages/items/[vnum].astro,items,generated world-file record,3,template-and-sample QA,,engine data,engine,active world files
/items/16402.json,src/pages/items/[vnum].json.ts,agent-json,generated machine-readable record,3,schema-and-sample QA,,engine data,engine,active world files
/items/16402/,src/pages/items/[vnum].astro,items,generated world-file record,3,template-and-sample QA,,engine data,engine,active world files
/items/16403.json,src/pages/items/[vnum].json.ts,agent-json,generated machine-readable record,3,schema-and-sample QA,,engine data,engine,active world files
/items/16403/,src/pages/items/[vnum].astro,items,generated world-file record,3,template-and-sample QA,,engine data,engine,active world files
/items/16404.json,src/pages/items/[vnum].json.ts,agent-json,generated machine-readable record,3,schema-and-sample QA,,engine data,engine,active world files
/items/16404/,src/pages/items/[vnum].astro,items,generated world-file record,3,template-and-sample QA,,engine data,engine,active world files
/items/16405.json,src/pages/items/[vnum].json.ts,agent-json,generated machine-readable record,3,schema-and-sample QA,,engine data,engine,active world files
/items/16405/,src/pages/items/[vnum].astro,items,generated world-file record,3,template-and-sample QA,,engine data,engine,active world files
/items/16406.json,src/pages/items/[vnum].json.ts,agent-json,generated machine-readable record,3,schema-and-sample QA,,engine data,engine,active world files
/items/16406/,src/pages/items/[vnum].astro,items,generated world-file record,3,template-and-sample QA,,engine data,engine,active world files
/items/16407.json,src/pages/items/[vnum].json.ts,agent-json,generated machine-readable record,3,schema-and-sample QA,,engine data,engine,active world files
/items/16407/,src/pages/items/[vnum].astro,items,generated world-file record,3,template-and-sample QA,,engine data,engine,active world files
/items/16408.json,src/pages/items/[vnum].json.ts,agent-json,generated machine-readable record,3,schema-and-sample QA,,engine data,engine,active world files
/items/16408/,src/pages/items/[vnum].astro,items,generated world-file record,3,template-and-sample QA,,engine data,engine,active world files
/items/16409.json,src/pages/items/[vnum].json.ts,agent-json,generated machine-readable record,3,schema-and-sample QA,,engine data,engine,active world files
/items/16409/,src/pages/items/[vnum].astro,items,generated world-file record,3,template-and-sample QA,,engine data,engine,active world files
/items/16410.json,src/pages/items/[vnum].json.ts,agent-json,generated machine-readable record,3,schema-and-sample QA,,engine data,engine,active world files
/items/16410/,src/pages/items/[vnum].astro,items,generated world-file record,3,template-and-sample QA,,engine data,engine,active world files
/items/16411.json,src/pages/items/[vnum].json.ts,agent-json,generated machine-readable record,3,schema-and-sample QA,,engine data,engine,active world files
/items/16411/,src/pages/items/[vnum].astro,items,generated world-file record,3,template-and-sample QA,,engine data,engine,active world files
/items/16412.json,src/pages/items/[vnum].json.ts,agent-json,generated machine-readable record,3,schema-and-sample QA,,engine data,engine,active world files
/items/16412/,src/pages/items/[vnum].astro,items,generated world-file record,3,template-and-sample QA,,engine data,engine,active world files
/items/16494.json,src/pages/items/[vnum].json.ts,agent-json,generated machine-readable record,3,schema-and-sample QA,,engine data,engine,active world files
/items/16494/,src/pages/items/[vnum].astro,items,generated world-file record,3,template-and-sample QA,,engine data,engine,active world files
/items/16496.json,src/pages/items/[vnum].json.ts,agent-json,generated machine-readable record,3,schema-and-sample QA,,engine data,engine,active world files
/items/16496/,src/pages/items/[vnum].astro,items,generated world-file record,3,template-and-sample QA,,engine data,engine,active world files
/items/16497.json,src/pages/items/[vnum].json.ts,agent-json,generated machine-readable record,3,schema-and-sample QA,,engine data,engine,active world files
/items/16497/,src/pages/items/[vnum].astro,items,generated world-file record,3,template-and-sample QA,,engine data,engine,active world files
/items/16499.json,src/pages/items/[vnum].json.ts,agent-json,generated machine-readable record,3,schema-and-sample QA,,engine data,engine,active world files
/items/16499/,src/pages/items/[vnum].astro,items,generated world-file record,3,template-and-sample QA,,engine data,engine,active world files
/items/165.json,src/pages/items/[vnum].json.ts,agent-json,generated machine-readable record,3,schema-and-sample QA,,engine data,engine,active world files
/items/165/,src/pages/items/[vnum].astro,items,generated world-file record,3,template-and-sample QA,,engine data,engine,active world files
/items/166.json,src/pages/items/[vnum].json.ts,agent-json,generated machine-readable record,3,schema-and-sample QA,,engine data,engine,active world files
/items/166/,src/pages/items/[vnum].astro,items,generated world-file record,3,template-and-sample QA,,engine data,engine,active world files
/items/167.json,src/pages/items/[vnum].json.ts,agent-json,generated machine-readable record,3,schema-and-sample QA,,engine data,engine,active world files
/items/167/,src/pages/items/[vnum].astro,items,generated world-file record,3,template-and-sample QA,,engine data,engine,active world files
/items/168.json,src/pages/items/[vnum].json.ts,agent-json,generated machine-readable record,3,schema-and-sample QA,,engine data,engine,active world files
/items/168/,src/pages/items/[vnum].astro,items,generated world-file record,3,template-and-sample QA,,engine data,engine,active world files
/items/169.json,src/pages/items/[vnum].json.ts,agent-json,generated machine-readable record,3,schema-and-sample QA,,engine data,engine,active world files
/items/169/,src/pages/items/[vnum].astro,items,generated world-file record,3,template-and-sample QA,,engine data,engine,active world files
/items/17.json,src/pages/items/[vnum].json.ts,agent-json,generated machine-readable record,3,schema-and-sample QA,,engine data,engine,active world files
/items/17/,src/pages/items/[vnum].astro,items,generated world-file record,3,template-and-sample QA,,engine data,engine,active world files
/items/170.json,src/pages/items/[vnum].json.ts,agent-json,generated machine-readable record,3,schema-and-sample QA,,engine data,engine,active world files
/items/170/,src/pages/items/[vnum].astro,items,generated world-file record,3,template-and-sample QA,,engine data,engine,active world files
/items/171.json,src/pages/items/[vnum].json.ts,agent-json,generated machine-readable record,3,schema-and-sample QA,,engine data,engine,active world files
/items/171/,src/pages/items/[vnum].astro,items,generated world-file record,3,template-and-sample QA,,engine data,engine,active world files
/items/172.json,src/pages/items/[vnum].json.ts,agent-json,generated machine-readable record,3,schema-and-sample QA,,engine data,engine,active world files
/items/172/,src/pages/items/[vnum].astro,items,generated world-file record,3,template-and-sample QA,,engine data,engine,active world files
/items/173.json,src/pages/items/[vnum].json.ts,agent-json,generated machine-readable record,3,schema-and-sample QA,,engine data,engine,active world files
/items/173/,src/pages/items/[vnum].astro,items,generated world-file record,3,template-and-sample QA,,engine data,engine,active world files
/items/174.json,src/pages/items/[vnum].json.ts,agent-json,generated machine-readable record,3,schema-and-sample QA,,engine data,engine,active world files
/items/174/,src/pages/items/[vnum].astro,items,generated world-file record,3,template-and-sample QA,,engine data,engine,active world files
/items/175.json,src/pages/items/[vnum].json.ts,agent-json,generated machine-readable record,3,schema-and-sample QA,,engine data,engine,active world files
/items/175/,src/pages/items/[vnum].astro,items,generated world-file record,3,template-and-sample QA,,engine data,engine,active world files
/items/176.json,src/pages/items/[vnum].json.ts,agent-json,generated machine-readable record,3,schema-and-sample QA,,engine data,engine,active world files
/items/176/,src/pages/items/[vnum].astro,items,generated world-file record,3,template-and-sample QA,,engine data,engine,active world files
/items/177.json,src/pages/items/[vnum].json.ts,agent-json,generated machine-readable record,3,schema-and-sample QA,,engine data,engine,active world files
/items/177/,src/pages/items/[vnum].astro,items,generated world-file record,3,template-and-sample QA,,engine data,engine,active world files
/items/178.json,src/pages/items/[vnum].json.ts,agent-json,generated machine-readable record,3,schema-and-sample QA,,engine data,engine,active world files
/items/178/,src/pages/items/[vnum].astro,items,generated world-file record,3,template-and-sample QA,,engine data,engine,active world files
/items/179.json,src/pages/items/[vnum].json.ts,agent-json,generated machine-readable record,3,schema-and-sample QA,,engine data,engine,active world files
/items/179/,src/pages/items/[vnum].astro,items,generated world-file record,3,template-and-sample QA,,engine data,engine,active world files
/items/18.json,src/pages/items/[vnum].json.ts,agent-json,generated machine-readable record,3,schema-and-sample QA,,engine data,engine,active world files
/items/18/,src/pages/items/[vnum].astro,items,generated world-file record,3,template-and-sample QA,,engine data,engine,active world files
/items/180.json,src/pages/items/[vnum].json.ts,agent-json,generated machine-readable record,3,schema-and-sample QA,,engine data,engine,active world files
/items/180/,src/pages/items/[vnum].astro,items,generated world-file record,3,template-and-sample QA,,engine data,engine,active world files
/items/18001.json,src/pages/items/[vnum].json.ts,agent-json,generated machine-readable record,3,schema-and-sample QA,,engine data,engine,active world files
/items/18001/,src/pages/items/[vnum].astro,items,generated world-file record,3,template-and-sample QA,,engine data,engine,active world files
/items/18002.json,src/pages/items/[vnum].json.ts,agent-json,generated machine-readable record,3,schema-and-sample QA,,engine data,engine,active world files
/items/18002/,src/pages/items/[vnum].astro,items,generated world-file record,3,template-and-sample QA,,engine data,engine,active world files
/items/18004.json,src/pages/items/[vnum].json.ts,agent-json,generated machine-readable record,3,schema-and-sample QA,,engine data,engine,active world files
/items/18004/,src/pages/items/[vnum].astro,items,generated world-file record,3,template-and-sample QA,,engine data,engine,active world files
/items/18005.json,src/pages/items/[vnum].json.ts,agent-json,generated machine-readable record,3,schema-and-sample QA,,engine data,engine,active world files
/items/18005/,src/pages/items/[vnum].astro,items,generated world-file record,3,template-and-sample QA,,engine data,engine,active world files
/items/18007.json,src/pages/items/[vnum].json.ts,agent-json,generated machine-readable record,3,schema-and-sample QA,,engine data,engine,active world files
/items/18007/,src/pages/items/[vnum].astro,items,generated world-file record,3,template-and-sample QA,,engine data,engine,active world files
/items/18098.json,src/pages/items/[vnum].json.ts,agent-json,generated machine-readable record,3,schema-and-sample QA,,engine data,engine,active world files
/items/18098/,src/pages/items/[vnum].astro,items,generated world-file record,3,template-and-sample QA,,engine data,engine,active world files
/items/18099.json,src/pages/items/[vnum].json.ts,agent-json,generated machine-readable record,3,schema-and-sample QA,,engine data,engine,active world files
/items/18099/,src/pages/items/[vnum].astro,items,generated world-file record,3,template-and-sample QA,,engine data,engine,active world files
/items/181.json,src/pages/items/[vnum].json.ts,agent-json,generated machine-readable record,3,schema-and-sample QA,,engine data,engine,active world files
/items/181/,src/pages/items/[vnum].astro,items,generated world-file record,3,template-and-sample QA,,engine data,engine,active world files
/items/18100.json,src/pages/items/[vnum].json.ts,agent-json,generated machine-readable record,3,schema-and-sample QA,,engine data,engine,active world files
/items/18100/,src/pages/items/[vnum].astro,items,generated world-file record,3,template-and-sample QA,,engine data,engine,active world files
/items/18101.json,src/pages/items/[vnum].json.ts,agent-json,generated machine-readable record,3,schema-and-sample QA,,engine data,engine,active world files
/items/18101/,src/pages/items/[vnum].astro,items,generated world-file record,3,template-and-sample QA,,engine data,engine,active world files
/items/182.json,src/pages/items/[vnum].json.ts,agent-json,generated machine-readable record,3,schema-and-sample QA,,engine data,engine,active world files
/items/182/,src/pages/items/[vnum].astro,items,generated world-file record,3,template-and-sample QA,,engine data,engine,active world files
/items/18201.json,src/pages/items/[vnum].json.ts,agent-json,generated machine-readable record,3,schema-and-sample QA,,engine data,engine,active world files
/items/18201/,src/pages/items/[vnum].astro,items,generated world-file record,3,template-and-sample QA,,engine data,engine,active world files
/items/18202.json,src/pages/items/[vnum].json.ts,agent-json,generated machine-readable record,3,schema-and-sample QA,,engine data,engine,active world files
/items/18202/,src/pages/items/[vnum].astro,items,generated world-file record,3,template-and-sample QA,,engine data,engine,active world files
/items/18203.json,src/pages/items/[vnum].json.ts,agent-json,generated machine-readable record,3,schema-and-sample QA,,engine data,engine,active world files
/items/18203/,src/pages/items/[vnum].astro,items,generated world-file record,3,template-and-sample QA,,engine data,engine,active world files
/items/18204.json,src/pages/items/[vnum].json.ts,agent-json,generated machine-readable record,3,schema-and-sample QA,,engine data,engine,active world files
/items/18204/,src/pages/items/[vnum].astro,items,generated world-file record,3,template-and-sample QA,,engine data,engine,active world files
/items/18205.json,src/pages/items/[vnum].json.ts,agent-json,generated machine-readable record,3,schema-and-sample QA,,engine data,engine,active world files
/items/18205/,src/pages/items/[vnum].astro,items,generated world-file record,3,template-and-sample QA,,engine data,engine,active world files
/items/18206.json,src/pages/items/[vnum].json.ts,agent-json,generated machine-readable record,3,schema-and-sample QA,,engine data,engine,active world files
/items/18206/,src/pages/items/[vnum].astro,items,generated world-file record,3,template-and-sample QA,,engine data,engine,active world files
/items/18207.json,src/pages/items/[vnum].json.ts,agent-json,generated machine-readable record,3,schema-and-sample QA,,engine data,engine,active world files
/items/18207/,src/pages/items/[vnum].astro,items,generated world-file record,3,template-and-sample QA,,engine data,engine,active world files
/items/18208.json,src/pages/items/[vnum].json.ts,agent-json,generated machine-readable record,3,schema-and-sample QA,,engine data,engine,active world files
/items/18208/,src/pages/items/[vnum].astro,items,generated world-file record,3,template-and-sample QA,,engine data,engine,active world files
/items/18209.json,src/pages/items/[vnum].json.ts,agent-json,generated machine-readable record,3,schema-and-sample QA,,engine data,engine,active world files
/items/18209/,src/pages/items/[vnum].astro,items,generated world-file record,3,template-and-sample QA,,engine data,engine,active world files
/items/18210.json,src/pages/items/[vnum].json.ts,agent-json,generated machine-readable record,3,schema-and-sample QA,,engine data,engine,active world files
/items/18210/,src/pages/items/[vnum].astro,items,generated world-file record,3,template-and-sample QA,,engine data,engine,active world files
/items/18211.json,src/pages/items/[vnum].json.ts,agent-json,generated machine-readable record,3,schema-and-sample QA,,engine data,engine,active world files
/items/18211/,src/pages/items/[vnum].astro,items,generated world-file record,3,template-and-sample QA,,engine data,engine,active world files
/items/18212.json,src/pages/items/[vnum].json.ts,agent-json,generated machine-readable record,3,schema-and-sample QA,,engine data,engine,active world files
/items/18212/,src/pages/items/[vnum].astro,items,generated world-file record,3,template-and-sample QA,,engine data,engine,active world files
/items/18213.json,src/pages/items/[vnum].json.ts,agent-json,generated machine-readable record,3,schema-and-sample QA,,engine data,engine,active world files
/items/18213/,src/pages/items/[vnum].astro,items,generated world-file record,3,template-and-sample QA,,engine data,engine,active world files
/items/18214.json,src/pages/items/[vnum].json.ts,agent-json,generated machine-readable record,3,schema-and-sample QA,,engine data,engine,active world files
/items/18214/,src/pages/items/[vnum].astro,items,generated world-file record,3,template-and-sample QA,,engine data,engine,active world files
/items/18215.json,src/pages/items/[vnum].json.ts,agent-json,generated machine-readable record,3,schema-and-sample QA,,engine data,engine,active world files
/items/18215/,src/pages/items/[vnum].astro,items,generated world-file record,3,template-and-sample QA,,engine data,engine,active world files
/items/18216.json,src/pages/items/[vnum].json.ts,agent-json,generated machine-readable record,3,schema-and-sample QA,,engine data,engine,active world files
/items/18216/,src/pages/items/[vnum].astro,items,generated world-file record,3,template-and-sample QA,,engine data,engine,active world files
/items/18217.json,src/pages/items/[vnum].json.ts,agent-json,generated machine-readable record,3,schema-and-sample QA,,engine data,engine,active world files
/items/18217/,src/pages/items/[vnum].astro,items,generated world-file record,3,template-and-sample QA,,engine data,engine,active world files
/items/18218.json,src/pages/items/[vnum].json.ts,agent-json,generated machine-readable record,3,schema-and-sample QA,,engine data,engine,active world files
/items/18218/,src/pages/items/[vnum].astro,items,generated world-file record,3,template-and-sample QA,,engine data,engine,active world files
/items/18219.json,src/pages/items/[vnum].json.ts,agent-json,generated machine-readable record,3,schema-and-sample QA,,engine data,engine,active world files
/items/18219/,src/pages/items/[vnum].astro,items,generated world-file record,3,template-and-sample QA,,engine data,engine,active world files
/items/18220.json,src/pages/items/[vnum].json.ts,agent-json,generated machine-readable record,3,schema-and-sample QA,,engine data,engine,active world files
/items/18220/,src/pages/items/[vnum].astro,items,generated world-file record,3,template-and-sample QA,,engine data,engine,active world files
/items/18221.json,src/pages/items/[vnum].json.ts,agent-json,generated machine-readable record,3,schema-and-sample QA,,engine data,engine,active world files
/items/18221/,src/pages/items/[vnum].astro,items,generated world-file record,3,template-and-sample QA,,engine data,engine,active world files
/items/18222.json,src/pages/items/[vnum].json.ts,agent-json,generated machine-readable record,3,schema-and-sample QA,,engine data,engine,active world files
/items/18222/,src/pages/items/[vnum].astro,items,generated world-file record,3,template-and-sample QA,,engine data,engine,active world files
/items/18223.json,src/pages/items/[vnum].json.ts,agent-json,generated machine-readable record,3,schema-and-sample QA,,engine data,engine,active world files
/items/18223/,src/pages/items/[vnum].astro,items,generated world-file record,3,template-and-sample QA,,engine data,engine,active world files
/items/18224.json,src/pages/items/[vnum].json.ts,agent-json,generated machine-readable record,3,schema-and-sample QA,,engine data,engine,active world files
/items/18224/,src/pages/items/[vnum].astro,items,generated world-file record,3,template-and-sample QA,,engine data,engine,active world files
/items/18225.json,src/pages/items/[vnum].json.ts,agent-json,generated machine-readable record,3,schema-and-sample QA,,engine data,engine,active world files
/items/18225/,src/pages/items/[vnum].astro,items,generated world-file record,3,template-and-sample QA,,engine data,engine,active world files
/items/18226.json,src/pages/items/[vnum].json.ts,agent-json,generated machine-readable record,3,schema-and-sample QA,,engine data,engine,active world files
/items/18226/,src/pages/items/[vnum].astro,items,generated world-file record,3,template-and-sample QA,,engine data,engine,active world files
/items/18227.json,src/pages/items/[vnum].json.ts,agent-json,generated machine-readable record,3,schema-and-sample QA,,engine data,engine,active world files
/items/18227/,src/pages/items/[vnum].astro,items,generated world-file record,3,template-and-sample QA,,engine data,engine,active world files
/items/18228.json,src/pages/items/[vnum].json.ts,agent-json,generated machine-readable record,3,schema-and-sample QA,,engine data,engine,active world files
/items/18228/,src/pages/items/[vnum].astro,items,generated world-file record,3,template-and-sample QA,,engine data,engine,active world files
/items/18229.json,src/pages/items/[vnum].json.ts,agent-json,generated machine-readable record,3,schema-and-sample QA,,engine data,engine,active world files
/items/18229/,src/pages/items/[vnum].astro,items,generated world-file record,3,template-and-sample QA,,engine data,engine,active world files
/items/18230.json,src/pages/items/[vnum].json.ts,agent-json,generated machine-readable record,3,schema-and-sample QA,,engine data,engine,active world files
/items/18230/,src/pages/items/[vnum].astro,items,generated world-file record,3,template-and-sample QA,,engine data,engine,active world files
/items/18231.json,src/pages/items/[vnum].json.ts,agent-json,generated machine-readable record,3,schema-and-sample QA,,engine data,engine,active world files
/items/18231/,src/pages/items/[vnum].astro,items,generated world-file record,3,template-and-sample QA,,engine data,engine,active world files
/items/18232.json,src/pages/items/[vnum].json.ts,agent-json,generated machine-readable record,3,schema-and-sample QA,,engine data,engine,active world files
/items/18232/,src/pages/items/[vnum].astro,items,generated world-file record,3,template-and-sample QA,,engine data,engine,active world files
/items/18233.json,src/pages/items/[vnum].json.ts,agent-json,generated machine-readable record,3,schema-and-sample QA,,engine data,engine,active world files
/items/18233/,src/pages/items/[vnum].astro,items,generated world-file record,3,template-and-sample QA,,engine data,engine,active world files
/items/18250.json,src/pages/items/[vnum].json.ts,agent-json,generated machine-readable record,3,schema-and-sample QA,,engine data,engine,active world files
/items/18250/,src/pages/items/[vnum].astro,items,generated world-file record,3,template-and-sample QA,,engine data,engine,active world files
/items/18251.json,src/pages/items/[vnum].json.ts,agent-json,generated machine-readable record,3,schema-and-sample QA,,engine data,engine,active world files
/items/18251/,src/pages/items/[vnum].astro,items,generated world-file record,3,template-and-sample QA,,engine data,engine,active world files
/items/18252.json,src/pages/items/[vnum].json.ts,agent-json,generated machine-readable record,3,schema-and-sample QA,,engine data,engine,active world files
/items/18252/,src/pages/items/[vnum].astro,items,generated world-file record,3,template-and-sample QA,,engine data,engine,active world files
/items/18254.json,src/pages/items/[vnum].json.ts,agent-json,generated machine-readable record,3,schema-and-sample QA,,engine data,engine,active world files
/items/18254/,src/pages/items/[vnum].astro,items,generated world-file record,3,template-and-sample QA,,engine data,engine,active world files
/items/18255.json,src/pages/items/[vnum].json.ts,agent-json,generated machine-readable record,3,schema-and-sample QA,,engine data,engine,active world files
/items/18255/,src/pages/items/[vnum].astro,items,generated world-file record,3,template-and-sample QA,,engine data,engine,active world files
/items/18256.json,src/pages/items/[vnum].json.ts,agent-json,generated machine-readable record,3,schema-and-sample QA,,engine data,engine,active world files
/items/18256/,src/pages/items/[vnum].astro,items,generated world-file record,3,template-and-sample QA,,engine data,engine,active world files
/items/18257.json,src/pages/items/[vnum].json.ts,agent-json,generated machine-readable record,3,schema-and-sample QA,,engine data,engine,active world files
/items/18257/,src/pages/items/[vnum].astro,items,generated world-file record,3,template-and-sample QA,,engine data,engine,active world files
/items/18258.json,src/pages/items/[vnum].json.ts,agent-json,generated machine-readable record,3,schema-and-sample QA,,engine data,engine,active world files
/items/18258/,src/pages/items/[vnum].astro,items,generated world-file record,3,template-and-sample QA,,engine data,engine,active world files
/items/18259.json,src/pages/items/[vnum].json.ts,agent-json,generated machine-readable record,3,schema-and-sample QA,,engine data,engine,active world files
/items/18259/,src/pages/items/[vnum].astro,items,generated world-file record,3,template-and-sample QA,,engine data,engine,active world files
/items/18260.json,src/pages/items/[vnum].json.ts,agent-json,generated machine-readable record,3,schema-and-sample QA,,engine data,engine,active world files
/items/18260/,src/pages/items/[vnum].astro,items,generated world-file record,3,template-and-sample QA,,engine data,engine,active world files
/items/18261.json,src/pages/items/[vnum].json.ts,agent-json,generated machine-readable record,3,schema-and-sample QA,,engine data,engine,active world files
/items/18261/,src/pages/items/[vnum].astro,items,generated world-file record,3,template-and-sample QA,,engine data,engine,active world files
/items/18262.json,src/pages/items/[vnum].json.ts,agent-json,generated machine-readable record,3,schema-and-sample QA,,engine data,engine,active world files
/items/18262/,src/pages/items/[vnum].astro,items,generated world-file record,3,template-and-sample QA,,engine data,engine,active world files
/items/18263.json,src/pages/items/[vnum].json.ts,agent-json,generated machine-readable record,3,schema-and-sample QA,,engine data,engine,active world files
/items/18263/,src/pages/items/[vnum].astro,items,generated world-file record,3,template-and-sample QA,,engine data,engine,active world files
/items/18264.json,src/pages/items/[vnum].json.ts,agent-json,generated machine-readable record,3,schema-and-sample QA,,engine data,engine,active world files
/items/18264/,src/pages/items/[vnum].astro,items,generated world-file record,3,template-and-sample QA,,engine data,engine,active world files
/items/18265.json,src/pages/items/[vnum].json.ts,agent-json,generated machine-readable record,3,schema-and-sample QA,,engine data,engine,active world files
/items/18265/,src/pages/items/[vnum].astro,items,generated world-file record,3,template-and-sample QA,,engine data,engine,active world files
/items/18266.json,src/pages/items/[vnum].json.ts,agent-json,generated machine-readable record,3,schema-and-sample QA,,engine data,engine,active world files
/items/18266/,src/pages/items/[vnum].astro,items,generated world-file record,3,template-and-sample QA,,engine data,engine,active world files
/items/18267.json,src/pages/items/[vnum].json.ts,agent-json,generated machine-readable record,3,schema-and-sample QA,,engine data,engine,active world files
/items/18267/,src/pages/items/[vnum].astro,items,generated world-file record,3,template-and-sample QA,,engine data,engine,active world files
/items/18268.json,src/pages/items/[vnum].json.ts,agent-json,generated machine-readable record,3,schema-and-sample QA,,engine data,engine,active world files
/items/18268/,src/pages/items/[vnum].astro,items,generated world-file record,3,template-and-sample QA,,engine data,engine,active world files
/items/183.json,src/pages/items/[vnum].json.ts,agent-json,generated machine-readable record,3,schema-and-sample QA,,engine data,engine,active world files
/items/183/,src/pages/items/[vnum].astro,items,generated world-file record,3,template-and-sample QA,,engine data,engine,active world files
/items/18300.json,src/pages/items/[vnum].json.ts,agent-json,generated machine-readable record,3,schema-and-sample QA,,engine data,engine,active world files
/items/18300/,src/pages/items/[vnum].astro,items,generated world-file record,3,template-and-sample QA,,engine data,engine,active world files
/items/18301.json,src/pages/items/[vnum].json.ts,agent-json,generated machine-readable record,3,schema-and-sample QA,,engine data,engine,active world files
/items/18301/,src/pages/items/[vnum].astro,items,generated world-file record,3,template-and-sample QA,,engine data,engine,active world files
/items/18302.json,src/pages/items/[vnum].json.ts,agent-json,generated machine-readable record,3,schema-and-sample QA,,engine data,engine,active world files
/items/18302/,src/pages/items/[vnum].astro,items,generated world-file record,3,template-and-sample QA,,engine data,engine,active world files
/items/18303.json,src/pages/items/[vnum].json.ts,agent-json,generated machine-readable record,3,schema-and-sample QA,,engine data,engine,active world files
/items/18303/,src/pages/items/[vnum].astro,items,generated world-file record,3,template-and-sample QA,,engine data,engine,active world files
/items/18304.json,src/pages/items/[vnum].json.ts,agent-json,generated machine-readable record,3,schema-and-sample QA,,engine data,engine,active world files
/items/18304/,src/pages/items/[vnum].astro,items,generated world-file record,3,template-and-sample QA,,engine data,engine,active world files
/items/18305.json,src/pages/items/[vnum].json.ts,agent-json,generated machine-readable record,3,schema-and-sample QA,,engine data,engine,active world files
/items/18305/,src/pages/items/[vnum].astro,items,generated world-file record,3,template-and-sample QA,,engine data,engine,active world files
/items/18307.json,src/pages/items/[vnum].json.ts,agent-json,generated machine-readable record,3,schema-and-sample QA,,engine data,engine,active world files
/items/18307/,src/pages/items/[vnum].astro,items,generated world-file record,3,template-and-sample QA,,engine data,engine,active world files
/items/18308.json,src/pages/items/[vnum].json.ts,agent-json,generated machine-readable record,3,schema-and-sample QA,,engine data,engine,active world files
/items/18308/,src/pages/items/[vnum].astro,items,generated world-file record,3,template-and-sample QA,,engine data,engine,active world files
/items/18309.json,src/pages/items/[vnum].json.ts,agent-json,generated machine-readable record,3,schema-and-sample QA,,engine data,engine,active world files
/items/18309/,src/pages/items/[vnum].astro,items,generated world-file record,3,template-and-sample QA,,engine data,engine,active world files
/items/18310.json,src/pages/items/[vnum].json.ts,agent-json,generated machine-readable record,3,schema-and-sample QA,,engine data,engine,active world files
/items/18310/,src/pages/items/[vnum].astro,items,generated world-file record,3,template-and-sample QA,,engine data,engine,active world files
/items/18311.json,src/pages/items/[vnum].json.ts,agent-json,generated machine-readable record,3,schema-and-sample QA,,engine data,engine,active world files
/items/18311/,src/pages/items/[vnum].astro,items,generated world-file record,3,template-and-sample QA,,engine data,engine,active world files
/items/18312.json,src/pages/items/[vnum].json.ts,agent-json,generated machine-readable record,3,schema-and-sample QA,,engine data,engine,active world files
/items/18312/,src/pages/items/[vnum].astro,items,generated world-file record,3,template-and-sample QA,,engine data,engine,active world files
/items/18313.json,src/pages/items/[vnum].json.ts,agent-json,generated machine-readable record,3,schema-and-sample QA,,engine data,engine,active world files
/items/18313/,src/pages/items/[vnum].astro,items,generated world-file record,3,template-and-sample QA,,engine data,engine,active world files
/items/18314.json,src/pages/items/[vnum].json.ts,agent-json,generated machine-readable record,3,schema-and-sample QA,,engine data,engine,active world files
/items/18314/,src/pages/items/[vnum].astro,items,generated world-file record,3,template-and-sample QA,,engine data,engine,active world files
/items/18315.json,src/pages/items/[vnum].json.ts,agent-json,generated machine-readable record,3,schema-and-sample QA,,engine data,engine,active world files
/items/18315/,src/pages/items/[vnum].astro,items,generated world-file record,3,template-and-sample QA,,engine data,engine,active world files
/items/184.json,src/pages/items/[vnum].json.ts,agent-json,generated machine-readable record,3,schema-and-sample QA,,engine data,engine,active world files
/items/184/,src/pages/items/[vnum].astro,items,generated world-file record,3,template-and-sample QA,,engine data,engine,active world files
/items/185.json,src/pages/items/[vnum].json.ts,agent-json,generated machine-readable record,3,schema-and-sample QA,,engine data,engine,active world files
/items/185/,src/pages/items/[vnum].astro,items,generated world-file record,3,template-and-sample QA,,engine data,engine,active world files
/items/186.json,src/pages/items/[vnum].json.ts,agent-json,generated machine-readable record,3,schema-and-sample QA,,engine data,engine,active world files
/items/186/,src/pages/items/[vnum].astro,items,generated world-file record,3,template-and-sample QA,,engine data,engine,active world files
/items/18600.json,src/pages/items/[vnum].json.ts,agent-json,generated machine-readable record,3,schema-and-sample QA,,engine data,engine,active world files
/items/18600/,src/pages/items/[vnum].astro,items,generated world-file record,3,template-and-sample QA,,engine data,engine,active world files
/items/18601.json,src/pages/items/[vnum].json.ts,agent-json,generated machine-readable record,3,schema-and-sample QA,,engine data,engine,active world files
/items/18601/,src/pages/items/[vnum].astro,items,generated world-file record,3,template-and-sample QA,,engine data,engine,active world files
/items/18602.json,src/pages/items/[vnum].json.ts,agent-json,generated machine-readable record,3,schema-and-sample QA,,engine data,engine,active world files
/items/18602/,src/pages/items/[vnum].astro,items,generated world-file record,3,template-and-sample QA,,engine data,engine,active world files
/items/18603.json,src/pages/items/[vnum].json.ts,agent-json,generated machine-readable record,3,schema-and-sample QA,,engine data,engine,active world files
/items/18603/,src/pages/items/[vnum].astro,items,generated world-file record,3,template-and-sample QA,,engine data,engine,active world files
/items/18604.json,src/pages/items/[vnum].json.ts,agent-json,generated machine-readable record,3,schema-and-sample QA,,engine data,engine,active world files
/items/18604/,src/pages/items/[vnum].astro,items,generated world-file record,3,template-and-sample QA,,engine data,engine,active world files
/items/18606.json,src/pages/items/[vnum].json.ts,agent-json,generated machine-readable record,3,schema-and-sample QA,,engine data,engine,active world files
/items/18606/,src/pages/items/[vnum].astro,items,generated world-file record,3,template-and-sample QA,,engine data,engine,active world files
/items/18607.json,src/pages/items/[vnum].json.ts,agent-json,generated machine-readable record,3,schema-and-sample QA,,engine data,engine,active world files
/items/18607/,src/pages/items/[vnum].astro,items,generated world-file record,3,template-and-sample QA,,engine data,engine,active world files
/items/18608.json,src/pages/items/[vnum].json.ts,agent-json,generated machine-readable record,3,schema-and-sample QA,,engine data,engine,active world files
/items/18608/,src/pages/items/[vnum].astro,items,generated world-file record,3,template-and-sample QA,,engine data,engine,active world files
/items/18609.json,src/pages/items/[vnum].json.ts,agent-json,generated machine-readable record,3,schema-and-sample QA,,engine data,engine,active world files
/items/18609/,src/pages/items/[vnum].astro,items,generated world-file record,3,template-and-sample QA,,engine data,engine,active world files
/items/18610.json,src/pages/items/[vnum].json.ts,agent-json,generated machine-readable record,3,schema-and-sample QA,,engine data,engine,active world files
/items/18610/,src/pages/items/[vnum].astro,items,generated world-file record,3,template-and-sample QA,,engine data,engine,active world files
/items/18611.json,src/pages/items/[vnum].json.ts,agent-json,generated machine-readable record,3,schema-and-sample QA,,engine data,engine,active world files
/items/18611/,src/pages/items/[vnum].astro,items,generated world-file record,3,template-and-sample QA,,engine data,engine,active world files
/items/18612.json,src/pages/items/[vnum].json.ts,agent-json,generated machine-readable record,3,schema-and-sample QA,,engine data,engine,active world files
/items/18612/,src/pages/items/[vnum].astro,items,generated world-file record,3,template-and-sample QA,,engine data,engine,active world files
/items/18613.json,src/pages/items/[vnum].json.ts,agent-json,generated machine-readable record,3,schema-and-sample QA,,engine data,engine,active world files
/items/18613/,src/pages/items/[vnum].astro,items,generated world-file record,3,template-and-sample QA,,engine data,engine,active world files
/items/18614.json,src/pages/items/[vnum].json.ts,agent-json,generated machine-readable record,3,schema-and-sample QA,,engine data,engine,active world files
/items/18614/,src/pages/items/[vnum].astro,items,generated world-file record,3,template-and-sample QA,,engine data,engine,active world files
/items/18615.json,src/pages/items/[vnum].json.ts,agent-json,generated machine-readable record,3,schema-and-sample QA,,engine data,engine,active world files
/items/18615/,src/pages/items/[vnum].astro,items,generated world-file record,3,template-and-sample QA,,engine data,engine,active world files
/items/18650.json,src/pages/items/[vnum].json.ts,agent-json,generated machine-readable record,3,schema-and-sample QA,,engine data,engine,active world files
/items/18650/,src/pages/items/[vnum].astro,items,generated world-file record,3,template-and-sample QA,,engine data,engine,active world files
/items/187.json,src/pages/items/[vnum].json.ts,agent-json,generated machine-readable record,3,schema-and-sample QA,,engine data,engine,active world files
/items/187/,src/pages/items/[vnum].astro,items,generated world-file record,3,template-and-sample QA,,engine data,engine,active world files
/items/18701.json,src/pages/items/[vnum].json.ts,agent-json,generated machine-readable record,3,schema-and-sample QA,,engine data,engine,active world files
/items/18701/,src/pages/items/[vnum].astro,items,generated world-file record,3,template-and-sample QA,,engine data,engine,active world files
/items/18702.json,src/pages/items/[vnum].json.ts,agent-json,generated machine-readable record,3,schema-and-sample QA,,engine data,engine,active world files
/items/18702/,src/pages/items/[vnum].astro,items,generated world-file record,3,template-and-sample QA,,engine data,engine,active world files
/items/18703.json,src/pages/items/[vnum].json.ts,agent-json,generated machine-readable record,3,schema-and-sample QA,,engine data,engine,active world files
/items/18703/,src/pages/items/[vnum].astro,items,generated world-file record,3,template-and-sample QA,,engine data,engine,active world files
/items/18704.json,src/pages/items/[vnum].json.ts,agent-json,generated machine-readable record,3,schema-and-sample QA,,engine data,engine,active world files
/items/18704/,src/pages/items/[vnum].astro,items,generated world-file record,3,template-and-sample QA,,engine data,engine,active world files
/items/18705.json,src/pages/items/[vnum].json.ts,agent-json,generated machine-readable record,3,schema-and-sample QA,,engine data,engine,active world files
/items/18705/,src/pages/items/[vnum].astro,items,generated world-file record,3,template-and-sample QA,,engine data,engine,active world files
/items/18706.json,src/pages/items/[vnum].json.ts,agent-json,generated machine-readable record,3,schema-and-sample QA,,engine data,engine,active world files
/items/18706/,src/pages/items/[vnum].astro,items,generated world-file record,3,template-and-sample QA,,engine data,engine,active world files
/items/18707.json,src/pages/items/[vnum].json.ts,agent-json,generated machine-readable record,3,schema-and-sample QA,,engine data,engine,active world files
/items/18707/,src/pages/items/[vnum].astro,items,generated world-file record,3,template-and-sample QA,,engine data,engine,active world files
/items/18708.json,src/pages/items/[vnum].json.ts,agent-json,generated machine-readable record,3,schema-and-sample QA,,engine data,engine,active world files
/items/18708/,src/pages/items/[vnum].astro,items,generated world-file record,3,template-and-sample QA,,engine data,engine,active world files
/items/18709.json,src/pages/items/[vnum].json.ts,agent-json,generated machine-readable record,3,schema-and-sample QA,,engine data,engine,active world files
/items/18709/,src/pages/items/[vnum].astro,items,generated world-file record,3,template-and-sample QA,,engine data,engine,active world files
/items/18710.json,src/pages/items/[vnum].json.ts,agent-json,generated machine-readable record,3,schema-and-sample QA,,engine data,engine,active world files
/items/18710/,src/pages/items/[vnum].astro,items,generated world-file record,3,template-and-sample QA,,engine data,engine,active world files
/items/18711.json,src/pages/items/[vnum].json.ts,agent-json,generated machine-readable record,3,schema-and-sample QA,,engine data,engine,active world files
/items/18711/,src/pages/items/[vnum].astro,items,generated world-file record,3,template-and-sample QA,,engine data,engine,active world files
/items/18712.json,src/pages/items/[vnum].json.ts,agent-json,generated machine-readable record,3,schema-and-sample QA,,engine data,engine,active world files
/items/18712/,src/pages/items/[vnum].astro,items,generated world-file record,3,template-and-sample QA,,engine data,engine,active world files
/items/18713.json,src/pages/items/[vnum].json.ts,agent-json,generated machine-readable record,3,schema-and-sample QA,,engine data,engine,active world files
/items/18713/,src/pages/items/[vnum].astro,items,generated world-file record,3,template-and-sample QA,,engine data,engine,active world files
/items/18714.json,src/pages/items/[vnum].json.ts,agent-json,generated machine-readable record,3,schema-and-sample QA,,engine data,engine,active world files
/items/18714/,src/pages/items/[vnum].astro,items,generated world-file record,3,template-and-sample QA,,engine data,engine,active world files
/items/18715.json,src/pages/items/[vnum].json.ts,agent-json,generated machine-readable record,3,schema-and-sample QA,,engine data,engine,active world files
/items/18715/,src/pages/items/[vnum].astro,items,generated world-file record,3,template-and-sample QA,,engine data,engine,active world files
/items/18716.json,src/pages/items/[vnum].json.ts,agent-json,generated machine-readable record,3,schema-and-sample QA,,engine data,engine,active world files
/items/18716/,src/pages/items/[vnum].astro,items,generated world-file record,3,template-and-sample QA,,engine data,engine,active world files
/items/18717.json,src/pages/items/[vnum].json.ts,agent-json,generated machine-readable record,3,schema-and-sample QA,,engine data,engine,active world files
/items/18717/,src/pages/items/[vnum].astro,items,generated world-file record,3,template-and-sample QA,,engine data,engine,active world files
/items/18718.json,src/pages/items/[vnum].json.ts,agent-json,generated machine-readable record,3,schema-and-sample QA,,engine data,engine,active world files
/items/18718/,src/pages/items/[vnum].astro,items,generated world-file record,3,template-and-sample QA,,engine data,engine,active world files
/items/18719.json,src/pages/items/[vnum].json.ts,agent-json,generated machine-readable record,3,schema-and-sample QA,,engine data,engine,active world files
/items/18719/,src/pages/items/[vnum].astro,items,generated world-file record,3,template-and-sample QA,,engine data,engine,active world files
/items/18720.json,src/pages/items/[vnum].json.ts,agent-json,generated machine-readable record,3,schema-and-sample QA,,engine data,engine,active world files
/items/18720/,src/pages/items/[vnum].astro,items,generated world-file record,3,template-and-sample QA,,engine data,engine,active world files
/items/18721.json,src/pages/items/[vnum].json.ts,agent-json,generated machine-readable record,3,schema-and-sample QA,,engine data,engine,active world files
/items/18721/,src/pages/items/[vnum].astro,items,generated world-file record,3,template-and-sample QA,,engine data,engine,active world files
/items/188.json,src/pages/items/[vnum].json.ts,agent-json,generated machine-readable record,3,schema-and-sample QA,,engine data,engine,active world files
/items/188/,src/pages/items/[vnum].astro,items,generated world-file record,3,template-and-sample QA,,engine data,engine,active world files
/items/18801.json,src/pages/items/[vnum].json.ts,agent-json,generated machine-readable record,3,schema-and-sample QA,,engine data,engine,active world files
/items/18801/,src/pages/items/[vnum].astro,items,generated world-file record,3,template-and-sample QA,,engine data,engine,active world files
/items/18802.json,src/pages/items/[vnum].json.ts,agent-json,generated machine-readable record,3,schema-and-sample QA,,engine data,engine,active world files
/items/18802/,src/pages/items/[vnum].astro,items,generated world-file record,3,template-and-sample QA,,engine data,engine,active world files
/items/18803.json,src/pages/items/[vnum].json.ts,agent-json,generated machine-readable record,3,schema-and-sample QA,,engine data,engine,active world files
/items/18803/,src/pages/items/[vnum].astro,items,generated world-file record,3,template-and-sample QA,,engine data,engine,active world files
/items/18804.json,src/pages/items/[vnum].json.ts,agent-json,generated machine-readable record,3,schema-and-sample QA,,engine data,engine,active world files
/items/18804/,src/pages/items/[vnum].astro,items,generated world-file record,3,template-and-sample QA,,engine data,engine,active world files
/items/18805.json,src/pages/items/[vnum].json.ts,agent-json,generated machine-readable record,3,schema-and-sample QA,,engine data,engine,active world files
/items/18805/,src/pages/items/[vnum].astro,items,generated world-file record,3,template-and-sample QA,,engine data,engine,active world files
/items/18806.json,src/pages/items/[vnum].json.ts,agent-json,generated machine-readable record,3,schema-and-sample QA,,engine data,engine,active world files
/items/18806/,src/pages/items/[vnum].astro,items,generated world-file record,3,template-and-sample QA,,engine data,engine,active world files
/items/18807.json,src/pages/items/[vnum].json.ts,agent-json,generated machine-readable record,3,schema-and-sample QA,,engine data,engine,active world files
/items/18807/,src/pages/items/[vnum].astro,items,generated world-file record,3,template-and-sample QA,,engine data,engine,active world files
/items/18808.json,src/pages/items/[vnum].json.ts,agent-json,generated machine-readable record,3,schema-and-sample QA,,engine data,engine,active world files
/items/18808/,src/pages/items/[vnum].astro,items,generated world-file record,3,template-and-sample QA,,engine data,engine,active world files
/items/18809.json,src/pages/items/[vnum].json.ts,agent-json,generated machine-readable record,3,schema-and-sample QA,,engine data,engine,active world files
/items/18809/,src/pages/items/[vnum].astro,items,generated world-file record,3,template-and-sample QA,,engine data,engine,active world files
/items/18810.json,src/pages/items/[vnum].json.ts,agent-json,generated machine-readable record,3,schema-and-sample QA,,engine data,engine,active world files
/items/18810/,src/pages/items/[vnum].astro,items,generated world-file record,3,template-and-sample QA,,engine data,engine,active world files
/items/18811.json,src/pages/items/[vnum].json.ts,agent-json,generated machine-readable record,3,schema-and-sample QA,,engine data,engine,active world files
/items/18811/,src/pages/items/[vnum].astro,items,generated world-file record,3,template-and-sample QA,,engine data,engine,active world files
/items/18812.json,src/pages/items/[vnum].json.ts,agent-json,generated machine-readable record,3,schema-and-sample QA,,engine data,engine,active world files
/items/18812/,src/pages/items/[vnum].astro,items,generated world-file record,3,template-and-sample QA,,engine data,engine,active world files
/items/18813.json,src/pages/items/[vnum].json.ts,agent-json,generated machine-readable record,3,schema-and-sample QA,,engine data,engine,active world files
/items/18813/,src/pages/items/[vnum].astro,items,generated world-file record,3,template-and-sample QA,,engine data,engine,active world files
/items/18814.json,src/pages/items/[vnum].json.ts,agent-json,generated machine-readable record,3,schema-and-sample QA,,engine data,engine,active world files
/items/18814/,src/pages/items/[vnum].astro,items,generated world-file record,3,template-and-sample QA,,engine data,engine,active world files
/items/18815.json,src/pages/items/[vnum].json.ts,agent-json,generated machine-readable record,3,schema-and-sample QA,,engine data,engine,active world files
/items/18815/,src/pages/items/[vnum].astro,items,generated world-file record,3,template-and-sample QA,,engine data,engine,active world files
/items/18816.json,src/pages/items/[vnum].json.ts,agent-json,generated machine-readable record,3,schema-and-sample QA,,engine data,engine,active world files
/items/18816/,src/pages/items/[vnum].astro,items,generated world-file record,3,template-and-sample QA,,engine data,engine,active world files
/items/18817.json,src/pages/items/[vnum].json.ts,agent-json,generated machine-readable record,3,schema-and-sample QA,,engine data,engine,active world files
/items/18817/,src/pages/items/[vnum].astro,items,generated world-file record,3,template-and-sample QA,,engine data,engine,active world files
/items/18818.json,src/pages/items/[vnum].json.ts,agent-json,generated machine-readable record,3,schema-and-sample QA,,engine data,engine,active world files
/items/18818/,src/pages/items/[vnum].astro,items,generated world-file record,3,template-and-sample QA,,engine data,engine,active world files
/items/18819.json,src/pages/items/[vnum].json.ts,agent-json,generated machine-readable record,3,schema-and-sample QA,,engine data,engine,active world files
/items/18819/,src/pages/items/[vnum].astro,items,generated world-file record,3,template-and-sample QA,,engine data,engine,active world files
/items/18820.json,src/pages/items/[vnum].json.ts,agent-json,generated machine-readable record,3,schema-and-sample QA,,engine data,engine,active world files
/items/18820/,src/pages/items/[vnum].astro,items,generated world-file record,3,template-and-sample QA,,engine data,engine,active world files
/items/18821.json,src/pages/items/[vnum].json.ts,agent-json,generated machine-readable record,3,schema-and-sample QA,,engine data,engine,active world files
/items/18821/,src/pages/items/[vnum].astro,items,generated world-file record,3,template-and-sample QA,,engine data,engine,active world files
/items/18822.json,src/pages/items/[vnum].json.ts,agent-json,generated machine-readable record,3,schema-and-sample QA,,engine data,engine,active world files
/items/18822/,src/pages/items/[vnum].astro,items,generated world-file record,3,template-and-sample QA,,engine data,engine,active world files
/items/18823.json,src/pages/items/[vnum].json.ts,agent-json,generated machine-readable record,3,schema-and-sample QA,,engine data,engine,active world files
/items/18823/,src/pages/items/[vnum].astro,items,generated world-file record,3,template-and-sample QA,,engine data,engine,active world files
/items/18824.json,src/pages/items/[vnum].json.ts,agent-json,generated machine-readable record,3,schema-and-sample QA,,engine data,engine,active world files
/items/18824/,src/pages/items/[vnum].astro,items,generated world-file record,3,template-and-sample QA,,engine data,engine,active world files
/items/18825.json,src/pages/items/[vnum].json.ts,agent-json,generated machine-readable record,3,schema-and-sample QA,,engine data,engine,active world files
/items/18825/,src/pages/items/[vnum].astro,items,generated world-file record,3,template-and-sample QA,,engine data,engine,active world files
/items/18826.json,src/pages/items/[vnum].json.ts,agent-json,generated machine-readable record,3,schema-and-sample QA,,engine data,engine,active world files
/items/18826/,src/pages/items/[vnum].astro,items,generated world-file record,3,template-and-sample QA,,engine data,engine,active world files
/items/18827.json,src/pages/items/[vnum].json.ts,agent-json,generated machine-readable record,3,schema-and-sample QA,,engine data,engine,active world files
/items/18827/,src/pages/items/[vnum].astro,items,generated world-file record,3,template-and-sample QA,,engine data,engine,active world files
/items/18828.json,src/pages/items/[vnum].json.ts,agent-json,generated machine-readable record,3,schema-and-sample QA,,engine data,engine,active world files
/items/18828/,src/pages/items/[vnum].astro,items,generated world-file record,3,template-and-sample QA,,engine data,engine,active world files
/items/18829.json,src/pages/items/[vnum].json.ts,agent-json,generated machine-readable record,3,schema-and-sample QA,,engine data,engine,active world files
/items/18829/,src/pages/items/[vnum].astro,items,generated world-file record,3,template-and-sample QA,,engine data,engine,active world files
/items/18830.json,src/pages/items/[vnum].json.ts,agent-json,generated machine-readable record,3,schema-and-sample QA,,engine data,engine,active world files
/items/18830/,src/pages/items/[vnum].astro,items,generated world-file record,3,template-and-sample QA,,engine data,engine,active world files
/items/18831.json,src/pages/items/[vnum].json.ts,agent-json,generated machine-readable record,3,schema-and-sample QA,,engine data,engine,active world files
/items/18831/,src/pages/items/[vnum].astro,items,generated world-file record,3,template-and-sample QA,,engine data,engine,active world files
/items/18832.json,src/pages/items/[vnum].json.ts,agent-json,generated machine-readable record,3,schema-and-sample QA,,engine data,engine,active world files
/items/18832/,src/pages/items/[vnum].astro,items,generated world-file record,3,template-and-sample QA,,engine data,engine,active world files
/items/18833.json,src/pages/items/[vnum].json.ts,agent-json,generated machine-readable record,3,schema-and-sample QA,,engine data,engine,active world files
/items/18833/,src/pages/items/[vnum].astro,items,generated world-file record,3,template-and-sample QA,,engine data,engine,active world files
/items/18834.json,src/pages/items/[vnum].json.ts,agent-json,generated machine-readable record,3,schema-and-sample QA,,engine data,engine,active world files
/items/18834/,src/pages/items/[vnum].astro,items,generated world-file record,3,template-and-sample QA,,engine data,engine,active world files
/items/18835.json,src/pages/items/[vnum].json.ts,agent-json,generated machine-readable record,3,schema-and-sample QA,,engine data,engine,active world files
/items/18835/,src/pages/items/[vnum].astro,items,generated world-file record,3,template-and-sample QA,,engine data,engine,active world files
/items/18836.json,src/pages/items/[vnum].json.ts,agent-json,generated machine-readable record,3,schema-and-sample QA,,engine data,engine,active world files
/items/18836/,src/pages/items/[vnum].astro,items,generated world-file record,3,template-and-sample QA,,engine data,engine,active world files
/items/18837.json,src/pages/items/[vnum].json.ts,agent-json,generated machine-readable record,3,schema-and-sample QA,,engine data,engine,active world files
/items/18837/,src/pages/items/[vnum].astro,items,generated world-file record,3,template-and-sample QA,,engine data,engine,active world files
/items/18838.json,src/pages/items/[vnum].json.ts,agent-json,generated machine-readable record,3,schema-and-sample QA,,engine data,engine,active world files
/items/18838/,src/pages/items/[vnum].astro,items,generated world-file record,3,template-and-sample QA,,engine data,engine,active world files
/items/189.json,src/pages/items/[vnum].json.ts,agent-json,generated machine-readable record,3,schema-and-sample QA,,engine data,engine,active world files
/items/189/,src/pages/items/[vnum].astro,items,generated world-file record,3,template-and-sample QA,,engine data,engine,active world files
/items/19.json,src/pages/items/[vnum].json.ts,agent-json,generated machine-readable record,3,schema-and-sample QA,,engine data,engine,active world files
/items/19/,src/pages/items/[vnum].astro,items,generated world-file record,3,template-and-sample QA,,engine data,engine,active world files
/items/190.json,src/pages/items/[vnum].json.ts,agent-json,generated machine-readable record,3,schema-and-sample QA,,engine data,engine,active world files
/items/190/,src/pages/items/[vnum].astro,items,generated world-file record,3,template-and-sample QA,,engine data,engine,active world files
/items/191.json,src/pages/items/[vnum].json.ts,agent-json,generated machine-readable record,3,schema-and-sample QA,,engine data,engine,active world files
/items/191/,src/pages/items/[vnum].astro,items,generated world-file record,3,template-and-sample QA,,engine data,engine,active world files
/items/19100.json,src/pages/items/[vnum].json.ts,agent-json,generated machine-readable record,3,schema-and-sample QA,,engine data,engine,active world files
/items/19100/,src/pages/items/[vnum].astro,items,generated world-file record,3,template-and-sample QA,,engine data,engine,active world files
/items/19101.json,src/pages/items/[vnum].json.ts,agent-json,generated machine-readable record,3,schema-and-sample QA,,engine data,engine,active world files
/items/19101/,src/pages/items/[vnum].astro,items,generated world-file record,3,template-and-sample QA,,engine data,engine,active world files
/items/19102.json,src/pages/items/[vnum].json.ts,agent-json,generated machine-readable record,3,schema-and-sample QA,,engine data,engine,active world files
/items/19102/,src/pages/items/[vnum].astro,items,generated world-file record,3,template-and-sample QA,,engine data,engine,active world files
/items/19103.json,src/pages/items/[vnum].json.ts,agent-json,generated machine-readable record,3,schema-and-sample QA,,engine data,engine,active world files
/items/19103/,src/pages/items/[vnum].astro,items,generated world-file record,3,template-and-sample QA,,engine data,engine,active world files
/items/19104.json,src/pages/items/[vnum].json.ts,agent-json,generated machine-readable record,3,schema-and-sample QA,,engine data,engine,active world files
/items/19104/,src/pages/items/[vnum].astro,items,generated world-file record,3,template-and-sample QA,,engine data,engine,active world files
/items/19105.json,src/pages/items/[vnum].json.ts,agent-json,generated machine-readable record,3,schema-and-sample QA,,engine data,engine,active world files
/items/19105/,src/pages/items/[vnum].astro,items,generated world-file record,3,template-and-sample QA,,engine data,engine,active world files
/items/19106.json,src/pages/items/[vnum].json.ts,agent-json,generated machine-readable record,3,schema-and-sample QA,,engine data,engine,active world files
/items/19106/,src/pages/items/[vnum].astro,items,generated world-file record,3,template-and-sample QA,,engine data,engine,active world files
/items/19107.json,src/pages/items/[vnum].json.ts,agent-json,generated machine-readable record,3,schema-and-sample QA,,engine data,engine,active world files
/items/19107/,src/pages/items/[vnum].astro,items,generated world-file record,3,template-and-sample QA,,engine data,engine,active world files
/items/19108.json,src/pages/items/[vnum].json.ts,agent-json,generated machine-readable record,3,schema-and-sample QA,,engine data,engine,active world files
/items/19108/,src/pages/items/[vnum].astro,items,generated world-file record,3,template-and-sample QA,,engine data,engine,active world files
/items/19111.json,src/pages/items/[vnum].json.ts,agent-json,generated machine-readable record,3,schema-and-sample QA,,engine data,engine,active world files
/items/19111/,src/pages/items/[vnum].astro,items,generated world-file record,3,template-and-sample QA,,engine data,engine,active world files
/items/19112.json,src/pages/items/[vnum].json.ts,agent-json,generated machine-readable record,3,schema-and-sample QA,,engine data,engine,active world files
/items/19112/,src/pages/items/[vnum].astro,items,generated world-file record,3,template-and-sample QA,,engine data,engine,active world files
/items/19113.json,src/pages/items/[vnum].json.ts,agent-json,generated machine-readable record,3,schema-and-sample QA,,engine data,engine,active world files
/items/19113/,src/pages/items/[vnum].astro,items,generated world-file record,3,template-and-sample QA,,engine data,engine,active world files
/items/19114.json,src/pages/items/[vnum].json.ts,agent-json,generated machine-readable record,3,schema-and-sample QA,,engine data,engine,active world files
/items/19114/,src/pages/items/[vnum].astro,items,generated world-file record,3,template-and-sample QA,,engine data,engine,active world files
/items/19115.json,src/pages/items/[vnum].json.ts,agent-json,generated machine-readable record,3,schema-and-sample QA,,engine data,engine,active world files
/items/19115/,src/pages/items/[vnum].astro,items,generated world-file record,3,template-and-sample QA,,engine data,engine,active world files
/items/19116.json,src/pages/items/[vnum].json.ts,agent-json,generated machine-readable record,3,schema-and-sample QA,,engine data,engine,active world files
/items/19116/,src/pages/items/[vnum].astro,items,generated world-file record,3,template-and-sample QA,,engine data,engine,active world files
/items/19117.json,src/pages/items/[vnum].json.ts,agent-json,generated machine-readable record,3,schema-and-sample QA,,engine data,engine,active world files
/items/19117/,src/pages/items/[vnum].astro,items,generated world-file record,3,template-and-sample QA,,engine data,engine,active world files
/items/19118.json,src/pages/items/[vnum].json.ts,agent-json,generated machine-readable record,3,schema-and-sample QA,,engine data,engine,active world files
/items/19118/,src/pages/items/[vnum].astro,items,generated world-file record,3,template-and-sample QA,,engine data,engine,active world files
/items/19119.json,src/pages/items/[vnum].json.ts,agent-json,generated machine-readable record,3,schema-and-sample QA,,engine data,engine,active world files
/items/19119/,src/pages/items/[vnum].astro,items,generated world-file record,3,template-and-sample QA,,engine data,engine,active world files
/items/19120.json,src/pages/items/[vnum].json.ts,agent-json,generated machine-readable record,3,schema-and-sample QA,,engine data,engine,active world files
/items/19120/,src/pages/items/[vnum].astro,items,generated world-file record,3,template-and-sample QA,,engine data,engine,active world files
/items/19121.json,src/pages/items/[vnum].json.ts,agent-json,generated machine-readable record,3,schema-and-sample QA,,engine data,engine,active world files
/items/19121/,src/pages/items/[vnum].astro,items,generated world-file record,3,template-and-sample QA,,engine data,engine,active world files
/items/19122.json,src/pages/items/[vnum].json.ts,agent-json,generated machine-readable record,3,schema-and-sample QA,,engine data,engine,active world files
/items/19122/,src/pages/items/[vnum].astro,items,generated world-file record,3,template-and-sample QA,,engine data,engine,active world files
/items/192.json,src/pages/items/[vnum].json.ts,agent-json,generated machine-readable record,3,schema-and-sample QA,,engine data,engine,active world files
/items/192/,src/pages/items/[vnum].astro,items,generated world-file record,3,template-and-sample QA,,engine data,engine,active world files
/items/19400.json,src/pages/items/[vnum].json.ts,agent-json,generated machine-readable record,3,schema-and-sample QA,,engine data,engine,active world files
/items/19400/,src/pages/items/[vnum].astro,items,generated world-file record,3,template-and-sample QA,,engine data,engine,active world files
/items/19401.json,src/pages/items/[vnum].json.ts,agent-json,generated machine-readable record,3,schema-and-sample QA,,engine data,engine,active world files
/items/19401/,src/pages/items/[vnum].astro,items,generated world-file record,3,template-and-sample QA,,engine data,engine,active world files
/items/19402.json,src/pages/items/[vnum].json.ts,agent-json,generated machine-readable record,3,schema-and-sample QA,,engine data,engine,active world files
/items/19402/,src/pages/items/[vnum].astro,items,generated world-file record,3,template-and-sample QA,,engine data,engine,active world files
/items/19403.json,src/pages/items/[vnum].json.ts,agent-json,generated machine-readable record,3,schema-and-sample QA,,engine data,engine,active world files
/items/19403/,src/pages/items/[vnum].astro,items,generated world-file record,3,template-and-sample QA,,engine data,engine,active world files
/items/19404.json,src/pages/items/[vnum].json.ts,agent-json,generated machine-readable record,3,schema-and-sample QA,,engine data,engine,active world files
/items/19404/,src/pages/items/[vnum].astro,items,generated world-file record,3,template-and-sample QA,,engine data,engine,active world files
/items/19405.json,src/pages/items/[vnum].json.ts,agent-json,generated machine-readable record,3,schema-and-sample QA,,engine data,engine,active world files
/items/19405/,src/pages/items/[vnum].astro,items,generated world-file record,3,template-and-sample QA,,engine data,engine,active world files
/items/19406.json,src/pages/items/[vnum].json.ts,agent-json,generated machine-readable record,3,schema-and-sample QA,,engine data,engine,active world files
/items/19406/,src/pages/items/[vnum].astro,items,generated world-file record,3,template-and-sample QA,,engine data,engine,active world files
/items/19407.json,src/pages/items/[vnum].json.ts,agent-json,generated machine-readable record,3,schema-and-sample QA,,engine data,engine,active world files
/items/19407/,src/pages/items/[vnum].astro,items,generated world-file record,3,template-and-sample QA,,engine data,engine,active world files
/items/19408.json,src/pages/items/[vnum].json.ts,agent-json,generated machine-readable record,3,schema-and-sample QA,,engine data,engine,active world files
/items/19408/,src/pages/items/[vnum].astro,items,generated world-file record,3,template-and-sample QA,,engine data,engine,active world files
/items/19409.json,src/pages/items/[vnum].json.ts,agent-json,generated machine-readable record,3,schema-and-sample QA,,engine data,engine,active world files
/items/19409/,src/pages/items/[vnum].astro,items,generated world-file record,3,template-and-sample QA,,engine data,engine,active world files
/items/19410.json,src/pages/items/[vnum].json.ts,agent-json,generated machine-readable record,3,schema-and-sample QA,,engine data,engine,active world files
/items/19410/,src/pages/items/[vnum].astro,items,generated world-file record,3,template-and-sample QA,,engine data,engine,active world files
/items/19411.json,src/pages/items/[vnum].json.ts,agent-json,generated machine-readable record,3,schema-and-sample QA,,engine data,engine,active world files
/items/19411/,src/pages/items/[vnum].astro,items,generated world-file record,3,template-and-sample QA,,engine data,engine,active world files
/items/19412.json,src/pages/items/[vnum].json.ts,agent-json,generated machine-readable record,3,schema-and-sample QA,,engine data,engine,active world files
/items/19412/,src/pages/items/[vnum].astro,items,generated world-file record,3,template-and-sample QA,,engine data,engine,active world files
/items/19413.json,src/pages/items/[vnum].json.ts,agent-json,generated machine-readable record,3,schema-and-sample QA,,engine data,engine,active world files
/items/19413/,src/pages/items/[vnum].astro,items,generated world-file record,3,template-and-sample QA,,engine data,engine,active world files
/items/19418.json,src/pages/items/[vnum].json.ts,agent-json,generated machine-readable record,3,schema-and-sample QA,,engine data,engine,active world files
/items/19418/,src/pages/items/[vnum].astro,items,generated world-file record,3,template-and-sample QA,,engine data,engine,active world files
/items/19419.json,src/pages/items/[vnum].json.ts,agent-json,generated machine-readable record,3,schema-and-sample QA,,engine data,engine,active world files
/items/19419/,src/pages/items/[vnum].astro,items,generated world-file record,3,template-and-sample QA,,engine data,engine,active world files
/items/19420.json,src/pages/items/[vnum].json.ts,agent-json,generated machine-readable record,3,schema-and-sample QA,,engine data,engine,active world files
/items/19420/,src/pages/items/[vnum].astro,items,generated world-file record,3,template-and-sample QA,,engine data,engine,active world files
/items/19421.json,src/pages/items/[vnum].json.ts,agent-json,generated machine-readable record,3,schema-and-sample QA,,engine data,engine,active world files
/items/19421/,src/pages/items/[vnum].astro,items,generated world-file record,3,template-and-sample QA,,engine data,engine,active world files
/items/19422.json,src/pages/items/[vnum].json.ts,agent-json,generated machine-readable record,3,schema-and-sample QA,,engine data,engine,active world files
/items/19422/,src/pages/items/[vnum].astro,items,generated world-file record,3,template-and-sample QA,,engine data,engine,active world files
/items/19423.json,src/pages/items/[vnum].json.ts,agent-json,generated machine-readable record,3,schema-and-sample QA,,engine data,engine,active world files
/items/19423/,src/pages/items/[vnum].astro,items,generated world-file record,3,template-and-sample QA,,engine data,engine,active world files
/items/19424.json,src/pages/items/[vnum].json.ts,agent-json,generated machine-readable record,3,schema-and-sample QA,,engine data,engine,active world files
/items/19424/,src/pages/items/[vnum].astro,items,generated world-file record,3,template-and-sample QA,,engine data,engine,active world files
/items/19425.json,src/pages/items/[vnum].json.ts,agent-json,generated machine-readable record,3,schema-and-sample QA,,engine data,engine,active world files
/items/19425/,src/pages/items/[vnum].astro,items,generated world-file record,3,template-and-sample QA,,engine data,engine,active world files
/items/19426.json,src/pages/items/[vnum].json.ts,agent-json,generated machine-readable record,3,schema-and-sample QA,,engine data,engine,active world files
/items/19426/,src/pages/items/[vnum].astro,items,generated world-file record,3,template-and-sample QA,,engine data,engine,active world files
/items/19427.json,src/pages/items/[vnum].json.ts,agent-json,generated machine-readable record,3,schema-and-sample QA,,engine data,engine,active world files
/items/19427/,src/pages/items/[vnum].astro,items,generated world-file record,3,template-and-sample QA,,engine data,engine,active world files
/items/19428.json,src/pages/items/[vnum].json.ts,agent-json,generated machine-readable record,3,schema-and-sample QA,,engine data,engine,active world files
/items/19428/,src/pages/items/[vnum].astro,items,generated world-file record,3,template-and-sample QA,,engine data,engine,active world files
/items/19429.json,src/pages/items/[vnum].json.ts,agent-json,generated machine-readable record,3,schema-and-sample QA,,engine data,engine,active world files
/items/19429/,src/pages/items/[vnum].astro,items,generated world-file record,3,template-and-sample QA,,engine data,engine,active world files
/items/19430.json,src/pages/items/[vnum].json.ts,agent-json,generated machine-readable record,3,schema-and-sample QA,,engine data,engine,active world files
/items/19430/,src/pages/items/[vnum].astro,items,generated world-file record,3,template-and-sample QA,,engine data,engine,active world files
/items/19431.json,src/pages/items/[vnum].json.ts,agent-json,generated machine-readable record,3,schema-and-sample QA,,engine data,engine,active world files
/items/19431/,src/pages/items/[vnum].astro,items,generated world-file record,3,template-and-sample QA,,engine data,engine,active world files
/items/19432.json,src/pages/items/[vnum].json.ts,agent-json,generated machine-readable record,3,schema-and-sample QA,,engine data,engine,active world files
/items/19432/,src/pages/items/[vnum].astro,items,generated world-file record,3,template-and-sample QA,,engine data,engine,active world files
/items/19433.json,src/pages/items/[vnum].json.ts,agent-json,generated machine-readable record,3,schema-and-sample QA,,engine data,engine,active world files
/items/19433/,src/pages/items/[vnum].astro,items,generated world-file record,3,template-and-sample QA,,engine data,engine,active world files
/items/19435.json,src/pages/items/[vnum].json.ts,agent-json,generated machine-readable record,3,schema-and-sample QA,,engine data,engine,active world files
/items/19435/,src/pages/items/[vnum].astro,items,generated world-file record,3,template-and-sample QA,,engine data,engine,active world files
/items/19436.json,src/pages/items/[vnum].json.ts,agent-json,generated machine-readable record,3,schema-and-sample QA,,engine data,engine,active world files
/items/19436/,src/pages/items/[vnum].astro,items,generated world-file record,3,template-and-sample QA,,engine data,engine,active world files
/items/19497.json,src/pages/items/[vnum].json.ts,agent-json,generated machine-readable record,3,schema-and-sample QA,,engine data,engine,active world files
/items/19497/,src/pages/items/[vnum].astro,items,generated world-file record,3,template-and-sample QA,,engine data,engine,active world files
/items/19498.json,src/pages/items/[vnum].json.ts,agent-json,generated machine-readable record,3,schema-and-sample QA,,engine data,engine,active world files
/items/19498/,src/pages/items/[vnum].astro,items,generated world-file record,3,template-and-sample QA,,engine data,engine,active world files
/items/19499.json,src/pages/items/[vnum].json.ts,agent-json,generated machine-readable record,3,schema-and-sample QA,,engine data,engine,active world files
/items/19499/,src/pages/items/[vnum].astro,items,generated world-file record,3,template-and-sample QA,,engine data,engine,active world files
/items/19500.json,src/pages/items/[vnum].json.ts,agent-json,generated machine-readable record,3,schema-and-sample QA,,engine data,engine,active world files
/items/19500/,src/pages/items/[vnum].astro,items,generated world-file record,3,template-and-sample QA,,engine data,engine,active world files
/items/19501.json,src/pages/items/[vnum].json.ts,agent-json,generated machine-readable record,3,schema-and-sample QA,,engine data,engine,active world files
/items/19501/,src/pages/items/[vnum].astro,items,generated world-file record,3,template-and-sample QA,,engine data,engine,active world files
/items/19502.json,src/pages/items/[vnum].json.ts,agent-json,generated machine-readable record,3,schema-and-sample QA,,engine data,engine,active world files
/items/19502/,src/pages/items/[vnum].astro,items,generated world-file record,3,template-and-sample QA,,engine data,engine,active world files
/items/19503.json,src/pages/items/[vnum].json.ts,agent-json,generated machine-readable record,3,schema-and-sample QA,,engine data,engine,active world files
/items/19503/,src/pages/items/[vnum].astro,items,generated world-file record,3,template-and-sample QA,,engine data,engine,active world files
/items/19504.json,src/pages/items/[vnum].json.ts,agent-json,generated machine-readable record,3,schema-and-sample QA,,engine data,engine,active world files
/items/19504/,src/pages/items/[vnum].astro,items,generated world-file record,3,template-and-sample QA,,engine data,engine,active world files
/items/19505.json,src/pages/items/[vnum].json.ts,agent-json,generated machine-readable record,3,schema-and-sample QA,,engine data,engine,active world files
/items/19505/,src/pages/items/[vnum].astro,items,generated world-file record,3,template-and-sample QA,,engine data,engine,active world files
/items/19506.json,src/pages/items/[vnum].json.ts,agent-json,generated machine-readable record,3,schema-and-sample QA,,engine data,engine,active world files
/items/19506/,src/pages/items/[vnum].astro,items,generated world-file record,3,template-and-sample QA,,engine data,engine,active world files
/items/19507.json,src/pages/items/[vnum].json.ts,agent-json,generated machine-readable record,3,schema-and-sample QA,,engine data,engine,active world files
/items/19507/,src/pages/items/[vnum].astro,items,generated world-file record,3,template-and-sample QA,,engine data,engine,active world files
/items/19508.json,src/pages/items/[vnum].json.ts,agent-json,generated machine-readable record,3,schema-and-sample QA,,engine data,engine,active world files
/items/19508/,src/pages/items/[vnum].astro,items,generated world-file record,3,template-and-sample QA,,engine data,engine,active world files
/items/19509.json,src/pages/items/[vnum].json.ts,agent-json,generated machine-readable record,3,schema-and-sample QA,,engine data,engine,active world files
/items/19509/,src/pages/items/[vnum].astro,items,generated world-file record,3,template-and-sample QA,,engine data,engine,active world files
/items/19510.json,src/pages/items/[vnum].json.ts,agent-json,generated machine-readable record,3,schema-and-sample QA,,engine data,engine,active world files
/items/19510/,src/pages/items/[vnum].astro,items,generated world-file record,3,template-and-sample QA,,engine data,engine,active world files
/items/19511.json,src/pages/items/[vnum].json.ts,agent-json,generated machine-readable record,3,schema-and-sample QA,,engine data,engine,active world files
/items/19511/,src/pages/items/[vnum].astro,items,generated world-file record,3,template-and-sample QA,,engine data,engine,active world files
/items/19512.json,src/pages/items/[vnum].json.ts,agent-json,generated machine-readable record,3,schema-and-sample QA,,engine data,engine,active world files
/items/19512/,src/pages/items/[vnum].astro,items,generated world-file record,3,template-and-sample QA,,engine data,engine,active world files
/items/19513.json,src/pages/items/[vnum].json.ts,agent-json,generated machine-readable record,3,schema-and-sample QA,,engine data,engine,active world files
/items/19513/,src/pages/items/[vnum].astro,items,generated world-file record,3,template-and-sample QA,,engine data,engine,active world files
/items/19514.json,src/pages/items/[vnum].json.ts,agent-json,generated machine-readable record,3,schema-and-sample QA,,engine data,engine,active world files
/items/19514/,src/pages/items/[vnum].astro,items,generated world-file record,3,template-and-sample QA,,engine data,engine,active world files
/items/19515.json,src/pages/items/[vnum].json.ts,agent-json,generated machine-readable record,3,schema-and-sample QA,,engine data,engine,active world files
/items/19515/,src/pages/items/[vnum].astro,items,generated world-file record,3,template-and-sample QA,,engine data,engine,active world files
/items/19516.json,src/pages/items/[vnum].json.ts,agent-json,generated machine-readable record,3,schema-and-sample QA,,engine data,engine,active world files
/items/19516/,src/pages/items/[vnum].astro,items,generated world-file record,3,template-and-sample QA,,engine data,engine,active world files
/items/19517.json,src/pages/items/[vnum].json.ts,agent-json,generated machine-readable record,3,schema-and-sample QA,,engine data,engine,active world files
/items/19517/,src/pages/items/[vnum].astro,items,generated world-file record,3,template-and-sample QA,,engine data,engine,active world files
/items/19518.json,src/pages/items/[vnum].json.ts,agent-json,generated machine-readable record,3,schema-and-sample QA,,engine data,engine,active world files
/items/19518/,src/pages/items/[vnum].astro,items,generated world-file record,3,template-and-sample QA,,engine data,engine,active world files
/items/19519.json,src/pages/items/[vnum].json.ts,agent-json,generated machine-readable record,3,schema-and-sample QA,,engine data,engine,active world files
/items/19519/,src/pages/items/[vnum].astro,items,generated world-file record,3,template-and-sample QA,,engine data,engine,active world files
/items/19520.json,src/pages/items/[vnum].json.ts,agent-json,generated machine-readable record,3,schema-and-sample QA,,engine data,engine,active world files
/items/19520/,src/pages/items/[vnum].astro,items,generated world-file record,3,template-and-sample QA,,engine data,engine,active world files
/items/19521.json,src/pages/items/[vnum].json.ts,agent-json,generated machine-readable record,3,schema-and-sample QA,,engine data,engine,active world files
/items/19521/,src/pages/items/[vnum].astro,items,generated world-file record,3,template-and-sample QA,,engine data,engine,active world files
/items/19522.json,src/pages/items/[vnum].json.ts,agent-json,generated machine-readable record,3,schema-and-sample QA,,engine data,engine,active world files
/items/19522/,src/pages/items/[vnum].astro,items,generated world-file record,3,template-and-sample QA,,engine data,engine,active world files
/items/19523.json,src/pages/items/[vnum].json.ts,agent-json,generated machine-readable record,3,schema-and-sample QA,,engine data,engine,active world files
/items/19523/,src/pages/items/[vnum].astro,items,generated world-file record,3,template-and-sample QA,,engine data,engine,active world files
/items/19524.json,src/pages/items/[vnum].json.ts,agent-json,generated machine-readable record,3,schema-and-sample QA,,engine data,engine,active world files
/items/19524/,src/pages/items/[vnum].astro,items,generated world-file record,3,template-and-sample QA,,engine data,engine,active world files
/items/19525.json,src/pages/items/[vnum].json.ts,agent-json,generated machine-readable record,3,schema-and-sample QA,,engine data,engine,active world files
/items/19525/,src/pages/items/[vnum].astro,items,generated world-file record,3,template-and-sample QA,,engine data,engine,active world files
/items/19526.json,src/pages/items/[vnum].json.ts,agent-json,generated machine-readable record,3,schema-and-sample QA,,engine data,engine,active world files
/items/19526/,src/pages/items/[vnum].astro,items,generated world-file record,3,template-and-sample QA,,engine data,engine,active world files
/items/19527.json,src/pages/items/[vnum].json.ts,agent-json,generated machine-readable record,3,schema-and-sample QA,,engine data,engine,active world files
/items/19527/,src/pages/items/[vnum].astro,items,generated world-file record,3,template-and-sample QA,,engine data,engine,active world files
/items/19528.json,src/pages/items/[vnum].json.ts,agent-json,generated machine-readable record,3,schema-and-sample QA,,engine data,engine,active world files
/items/19528/,src/pages/items/[vnum].astro,items,generated world-file record,3,template-and-sample QA,,engine data,engine,active world files
/items/19529.json,src/pages/items/[vnum].json.ts,agent-json,generated machine-readable record,3,schema-and-sample QA,,engine data,engine,active world files
/items/19529/,src/pages/items/[vnum].astro,items,generated world-file record,3,template-and-sample QA,,engine data,engine,active world files
/items/19530.json,src/pages/items/[vnum].json.ts,agent-json,generated machine-readable record,3,schema-and-sample QA,,engine data,engine,active world files
/items/19530/,src/pages/items/[vnum].astro,items,generated world-file record,3,template-and-sample QA,,engine data,engine,active world files
/items/19533.json,src/pages/items/[vnum].json.ts,agent-json,generated machine-readable record,3,schema-and-sample QA,,engine data,engine,active world files
/items/19533/,src/pages/items/[vnum].astro,items,generated world-file record,3,template-and-sample QA,,engine data,engine,active world files
/items/19593.json,src/pages/items/[vnum].json.ts,agent-json,generated machine-readable record,3,schema-and-sample QA,,engine data,engine,active world files
/items/19593/,src/pages/items/[vnum].astro,items,generated world-file record,3,template-and-sample QA,,engine data,engine,active world files
/items/19594.json,src/pages/items/[vnum].json.ts,agent-json,generated machine-readable record,3,schema-and-sample QA,,engine data,engine,active world files
/items/19594/,src/pages/items/[vnum].astro,items,generated world-file record,3,template-and-sample QA,,engine data,engine,active world files
/items/19595.json,src/pages/items/[vnum].json.ts,agent-json,generated machine-readable record,3,schema-and-sample QA,,engine data,engine,active world files
/items/19595/,src/pages/items/[vnum].astro,items,generated world-file record,3,template-and-sample QA,,engine data,engine,active world files
/items/19596.json,src/pages/items/[vnum].json.ts,agent-json,generated machine-readable record,3,schema-and-sample QA,,engine data,engine,active world files
/items/19596/,src/pages/items/[vnum].astro,items,generated world-file record,3,template-and-sample QA,,engine data,engine,active world files
/items/19597.json,src/pages/items/[vnum].json.ts,agent-json,generated machine-readable record,3,schema-and-sample QA,,engine data,engine,active world files
/items/19597/,src/pages/items/[vnum].astro,items,generated world-file record,3,template-and-sample QA,,engine data,engine,active world files
/items/19598.json,src/pages/items/[vnum].json.ts,agent-json,generated machine-readable record,3,schema-and-sample QA,,engine data,engine,active world files
/items/19598/,src/pages/items/[vnum].astro,items,generated world-file record,3,template-and-sample QA,,engine data,engine,active world files
/items/19599.json,src/pages/items/[vnum].json.ts,agent-json,generated machine-readable record,3,schema-and-sample QA,,engine data,engine,active world files
/items/19599/,src/pages/items/[vnum].astro,items,generated world-file record,3,template-and-sample QA,,engine data,engine,active world files
/items/19600.json,src/pages/items/[vnum].json.ts,agent-json,generated machine-readable record,3,schema-and-sample QA,,engine data,engine,active world files
/items/19600/,src/pages/items/[vnum].astro,items,generated world-file record,3,template-and-sample QA,,engine data,engine,active world files
/items/19601.json,src/pages/items/[vnum].json.ts,agent-json,generated machine-readable record,3,schema-and-sample QA,,engine data,engine,active world files
/items/19601/,src/pages/items/[vnum].astro,items,generated world-file record,3,template-and-sample QA,,engine data,engine,active world files
/items/19602.json,src/pages/items/[vnum].json.ts,agent-json,generated machine-readable record,3,schema-and-sample QA,,engine data,engine,active world files
/items/19602/,src/pages/items/[vnum].astro,items,generated world-file record,3,template-and-sample QA,,engine data,engine,active world files
/items/19603.json,src/pages/items/[vnum].json.ts,agent-json,generated machine-readable record,3,schema-and-sample QA,,engine data,engine,active world files
/items/19603/,src/pages/items/[vnum].astro,items,generated world-file record,3,template-and-sample QA,,engine data,engine,active world files
/items/19604.json,src/pages/items/[vnum].json.ts,agent-json,generated machine-readable record,3,schema-and-sample QA,,engine data,engine,active world files
/items/19604/,src/pages/items/[vnum].astro,items,generated world-file record,3,template-and-sample QA,,engine data,engine,active world files
/items/19605.json,src/pages/items/[vnum].json.ts,agent-json,generated machine-readable record,3,schema-and-sample QA,,engine data,engine,active world files
/items/19605/,src/pages/items/[vnum].astro,items,generated world-file record,3,template-and-sample QA,,engine data,engine,active world files
/items/19606.json,src/pages/items/[vnum].json.ts,agent-json,generated machine-readable record,3,schema-and-sample QA,,engine data,engine,active world files
/items/19606/,src/pages/items/[vnum].astro,items,generated world-file record,3,template-and-sample QA,,engine data,engine,active world files
/items/19607.json,src/pages/items/[vnum].json.ts,agent-json,generated machine-readable record,3,schema-and-sample QA,,engine data,engine,active world files
/items/19607/,src/pages/items/[vnum].astro,items,generated world-file record,3,template-and-sample QA,,engine data,engine,active world files
/items/19608.json,src/pages/items/[vnum].json.ts,agent-json,generated machine-readable record,3,schema-and-sample QA,,engine data,engine,active world files
/items/19608/,src/pages/items/[vnum].astro,items,generated world-file record,3,template-and-sample QA,,engine data,engine,active world files
/items/19609.json,src/pages/items/[vnum].json.ts,agent-json,generated machine-readable record,3,schema-and-sample QA,,engine data,engine,active world files
/items/19609/,src/pages/items/[vnum].astro,items,generated world-file record,3,template-and-sample QA,,engine data,engine,active world files
/items/19610.json,src/pages/items/[vnum].json.ts,agent-json,generated machine-readable record,3,schema-and-sample QA,,engine data,engine,active world files
/items/19610/,src/pages/items/[vnum].astro,items,generated world-file record,3,template-and-sample QA,,engine data,engine,active world files
/items/19611.json,src/pages/items/[vnum].json.ts,agent-json,generated machine-readable record,3,schema-and-sample QA,,engine data,engine,active world files
/items/19611/,src/pages/items/[vnum].astro,items,generated world-file record,3,template-and-sample QA,,engine data,engine,active world files
/items/19612.json,src/pages/items/[vnum].json.ts,agent-json,generated machine-readable record,3,schema-and-sample QA,,engine data,engine,active world files
/items/19612/,src/pages/items/[vnum].astro,items,generated world-file record,3,template-and-sample QA,,engine data,engine,active world files
/items/19613.json,src/pages/items/[vnum].json.ts,agent-json,generated machine-readable record,3,schema-and-sample QA,,engine data,engine,active world files
/items/19613/,src/pages/items/[vnum].astro,items,generated world-file record,3,template-and-sample QA,,engine data,engine,active world files
/items/19626.json,src/pages/items/[vnum].json.ts,agent-json,generated machine-readable record,3,schema-and-sample QA,,engine data,engine,active world files
/items/19626/,src/pages/items/[vnum].astro,items,generated world-file record,3,template-and-sample QA,,engine data,engine,active world files
/items/19627.json,src/pages/items/[vnum].json.ts,agent-json,generated machine-readable record,3,schema-and-sample QA,,engine data,engine,active world files
/items/19627/,src/pages/items/[vnum].astro,items,generated world-file record,3,template-and-sample QA,,engine data,engine,active world files
/items/19628.json,src/pages/items/[vnum].json.ts,agent-json,generated machine-readable record,3,schema-and-sample QA,,engine data,engine,active world files
/items/19628/,src/pages/items/[vnum].astro,items,generated world-file record,3,template-and-sample QA,,engine data,engine,active world files
/items/19629.json,src/pages/items/[vnum].json.ts,agent-json,generated machine-readable record,3,schema-and-sample QA,,engine data,engine,active world files
/items/19629/,src/pages/items/[vnum].astro,items,generated world-file record,3,template-and-sample QA,,engine data,engine,active world files
/items/19640.json,src/pages/items/[vnum].json.ts,agent-json,generated machine-readable record,3,schema-and-sample QA,,engine data,engine,active world files
/items/19640/,src/pages/items/[vnum].astro,items,generated world-file record,3,template-and-sample QA,,engine data,engine,active world files
/items/19641.json,src/pages/items/[vnum].json.ts,agent-json,generated machine-readable record,3,schema-and-sample QA,,engine data,engine,active world files
/items/19641/,src/pages/items/[vnum].astro,items,generated world-file record,3,template-and-sample QA,,engine data,engine,active world files
/items/19642.json,src/pages/items/[vnum].json.ts,agent-json,generated machine-readable record,3,schema-and-sample QA,,engine data,engine,active world files
/items/19642/,src/pages/items/[vnum].astro,items,generated world-file record,3,template-and-sample QA,,engine data,engine,active world files
/items/19643.json,src/pages/items/[vnum].json.ts,agent-json,generated machine-readable record,3,schema-and-sample QA,,engine data,engine,active world files
/items/19643/,src/pages/items/[vnum].astro,items,generated world-file record,3,template-and-sample QA,,engine data,engine,active world files
/items/19645.json,src/pages/items/[vnum].json.ts,agent-json,generated machine-readable record,3,schema-and-sample QA,,engine data,engine,active world files
/items/19645/,src/pages/items/[vnum].astro,items,generated world-file record,3,template-and-sample QA,,engine data,engine,active world files
/items/19646.json,src/pages/items/[vnum].json.ts,agent-json,generated machine-readable record,3,schema-and-sample QA,,engine data,engine,active world files
/items/19646/,src/pages/items/[vnum].astro,items,generated world-file record,3,template-and-sample QA,,engine data,engine,active world files
/items/19647.json,src/pages/items/[vnum].json.ts,agent-json,generated machine-readable record,3,schema-and-sample QA,,engine data,engine,active world files
/items/19647/,src/pages/items/[vnum].astro,items,generated world-file record,3,template-and-sample QA,,engine data,engine,active world files
/items/19650.json,src/pages/items/[vnum].json.ts,agent-json,generated machine-readable record,3,schema-and-sample QA,,engine data,engine,active world files
/items/19650/,src/pages/items/[vnum].astro,items,generated world-file record,3,template-and-sample QA,,engine data,engine,active world files
/items/19651.json,src/pages/items/[vnum].json.ts,agent-json,generated machine-readable record,3,schema-and-sample QA,,engine data,engine,active world files
/items/19651/,src/pages/items/[vnum].astro,items,generated world-file record,3,template-and-sample QA,,engine data,engine,active world files
/items/19652.json,src/pages/items/[vnum].json.ts,agent-json,generated machine-readable record,3,schema-and-sample QA,,engine data,engine,active world files
/items/19652/,src/pages/items/[vnum].astro,items,generated world-file record,3,template-and-sample QA,,engine data,engine,active world files
/items/19653.json,src/pages/items/[vnum].json.ts,agent-json,generated machine-readable record,3,schema-and-sample QA,,engine data,engine,active world files
/items/19653/,src/pages/items/[vnum].astro,items,generated world-file record,3,template-and-sample QA,,engine data,engine,active world files
/items/19654.json,src/pages/items/[vnum].json.ts,agent-json,generated machine-readable record,3,schema-and-sample QA,,engine data,engine,active world files
/items/19654/,src/pages/items/[vnum].astro,items,generated world-file record,3,template-and-sample QA,,engine data,engine,active world files
/items/19665.json,src/pages/items/[vnum].json.ts,agent-json,generated machine-readable record,3,schema-and-sample QA,,engine data,engine,active world files
/items/19665/,src/pages/items/[vnum].astro,items,generated world-file record,3,template-and-sample QA,,engine data,engine,active world files
/items/19666.json,src/pages/items/[vnum].json.ts,agent-json,generated machine-readable record,3,schema-and-sample QA,,engine data,engine,active world files
/items/19666/,src/pages/items/[vnum].astro,items,generated world-file record,3,template-and-sample QA,,engine data,engine,active world files
/items/19676.json,src/pages/items/[vnum].json.ts,agent-json,generated machine-readable record,3,schema-and-sample QA,,engine data,engine,active world files
/items/19676/,src/pages/items/[vnum].astro,items,generated world-file record,3,template-and-sample QA,,engine data,engine,active world files
/items/19677.json,src/pages/items/[vnum].json.ts,agent-json,generated machine-readable record,3,schema-and-sample QA,,engine data,engine,active world files
/items/19677/,src/pages/items/[vnum].astro,items,generated world-file record,3,template-and-sample QA,,engine data,engine,active world files
/items/19678.json,src/pages/items/[vnum].json.ts,agent-json,generated machine-readable record,3,schema-and-sample QA,,engine data,engine,active world files
/items/19678/,src/pages/items/[vnum].astro,items,generated world-file record,3,template-and-sample QA,,engine data,engine,active world files
/items/19686.json,src/pages/items/[vnum].json.ts,agent-json,generated machine-readable record,3,schema-and-sample QA,,engine data,engine,active world files
/items/19686/,src/pages/items/[vnum].astro,items,generated world-file record,3,template-and-sample QA,,engine data,engine,active world files
/items/19695.json,src/pages/items/[vnum].json.ts,agent-json,generated machine-readable record,3,schema-and-sample QA,,engine data,engine,active world files
/items/19695/,src/pages/items/[vnum].astro,items,generated world-file record,3,template-and-sample QA,,engine data,engine,active world files
/items/19696.json,src/pages/items/[vnum].json.ts,agent-json,generated machine-readable record,3,schema-and-sample QA,,engine data,engine,active world files
/items/19696/,src/pages/items/[vnum].astro,items,generated world-file record,3,template-and-sample QA,,engine data,engine,active world files
/items/19700.json,src/pages/items/[vnum].json.ts,agent-json,generated machine-readable record,3,schema-and-sample QA,,engine data,engine,active world files
/items/19700/,src/pages/items/[vnum].astro,items,generated world-file record,3,template-and-sample QA,,engine data,engine,active world files
/items/19701.json,src/pages/items/[vnum].json.ts,agent-json,generated machine-readable record,3,schema-and-sample QA,,engine data,engine,active world files
/items/19701/,src/pages/items/[vnum].astro,items,generated world-file record,3,template-and-sample QA,,engine data,engine,active world files
/items/19702.json,src/pages/items/[vnum].json.ts,agent-json,generated machine-readable record,3,schema-and-sample QA,,engine data,engine,active world files
/items/19702/,src/pages/items/[vnum].astro,items,generated world-file record,3,template-and-sample QA,,engine data,engine,active world files
/items/19703.json,src/pages/items/[vnum].json.ts,agent-json,generated machine-readable record,3,schema-and-sample QA,,engine data,engine,active world files
/items/19703/,src/pages/items/[vnum].astro,items,generated world-file record,3,template-and-sample QA,,engine data,engine,active world files
/items/19704.json,src/pages/items/[vnum].json.ts,agent-json,generated machine-readable record,3,schema-and-sample QA,,engine data,engine,active world files
/items/19704/,src/pages/items/[vnum].astro,items,generated world-file record,3,template-and-sample QA,,engine data,engine,active world files
/items/19705.json,src/pages/items/[vnum].json.ts,agent-json,generated machine-readable record,3,schema-and-sample QA,,engine data,engine,active world files
/items/19705/,src/pages/items/[vnum].astro,items,generated world-file record,3,template-and-sample QA,,engine data,engine,active world files
/items/19706.json,src/pages/items/[vnum].json.ts,agent-json,generated machine-readable record,3,schema-and-sample QA,,engine data,engine,active world files
/items/19706/,src/pages/items/[vnum].astro,items,generated world-file record,3,template-and-sample QA,,engine data,engine,active world files
/items/19707.json,src/pages/items/[vnum].json.ts,agent-json,generated machine-readable record,3,schema-and-sample QA,,engine data,engine,active world files
/items/19707/,src/pages/items/[vnum].astro,items,generated world-file record,3,template-and-sample QA,,engine data,engine,active world files
/items/19708.json,src/pages/items/[vnum].json.ts,agent-json,generated machine-readable record,3,schema-and-sample QA,,engine data,engine,active world files
/items/19708/,src/pages/items/[vnum].astro,items,generated world-file record,3,template-and-sample QA,,engine data,engine,active world files
/items/19709.json,src/pages/items/[vnum].json.ts,agent-json,generated machine-readable record,3,schema-and-sample QA,,engine data,engine,active world files
/items/19709/,src/pages/items/[vnum].astro,items,generated world-file record,3,template-and-sample QA,,engine data,engine,active world files
/items/19710.json,src/pages/items/[vnum].json.ts,agent-json,generated machine-readable record,3,schema-and-sample QA,,engine data,engine,active world files
/items/19710/,src/pages/items/[vnum].astro,items,generated world-file record,3,template-and-sample QA,,engine data,engine,active world files
/items/19711.json,src/pages/items/[vnum].json.ts,agent-json,generated machine-readable record,3,schema-and-sample QA,,engine data,engine,active world files
/items/19711/,src/pages/items/[vnum].astro,items,generated world-file record,3,template-and-sample QA,,engine data,engine,active world files
/items/19712.json,src/pages/items/[vnum].json.ts,agent-json,generated machine-readable record,3,schema-and-sample QA,,engine data,engine,active world files
/items/19712/,src/pages/items/[vnum].astro,items,generated world-file record,3,template-and-sample QA,,engine data,engine,active world files
/items/19713.json,src/pages/items/[vnum].json.ts,agent-json,generated machine-readable record,3,schema-and-sample QA,,engine data,engine,active world files
/items/19713/,src/pages/items/[vnum].astro,items,generated world-file record,3,template-and-sample QA,,engine data,engine,active world files
/items/19714.json,src/pages/items/[vnum].json.ts,agent-json,generated machine-readable record,3,schema-and-sample QA,,engine data,engine,active world files
/items/19714/,src/pages/items/[vnum].astro,items,generated world-file record,3,template-and-sample QA,,engine data,engine,active world files
/items/19715.json,src/pages/items/[vnum].json.ts,agent-json,generated machine-readable record,3,schema-and-sample QA,,engine data,engine,active world files
/items/19715/,src/pages/items/[vnum].astro,items,generated world-file record,3,template-and-sample QA,,engine data,engine,active world files
/items/19716.json,src/pages/items/[vnum].json.ts,agent-json,generated machine-readable record,3,schema-and-sample QA,,engine data,engine,active world files
/items/19716/,src/pages/items/[vnum].astro,items,generated world-file record,3,template-and-sample QA,,engine data,engine,active world files
/items/19717.json,src/pages/items/[vnum].json.ts,agent-json,generated machine-readable record,3,schema-and-sample QA,,engine data,engine,active world files
/items/19717/,src/pages/items/[vnum].astro,items,generated world-file record,3,template-and-sample QA,,engine data,engine,active world files
/items/19718.json,src/pages/items/[vnum].json.ts,agent-json,generated machine-readable record,3,schema-and-sample QA,,engine data,engine,active world files
/items/19718/,src/pages/items/[vnum].astro,items,generated world-file record,3,template-and-sample QA,,engine data,engine,active world files
/items/19719.json,src/pages/items/[vnum].json.ts,agent-json,generated machine-readable record,3,schema-and-sample QA,,engine data,engine,active world files
/items/19719/,src/pages/items/[vnum].astro,items,generated world-file record,3,template-and-sample QA,,engine data,engine,active world files
/items/19720.json,src/pages/items/[vnum].json.ts,agent-json,generated machine-readable record,3,schema-and-sample QA,,engine data,engine,active world files
/items/19720/,src/pages/items/[vnum].astro,items,generated world-file record,3,template-and-sample QA,,engine data,engine,active world files
/items/19721.json,src/pages/items/[vnum].json.ts,agent-json,generated machine-readable record,3,schema-and-sample QA,,engine data,engine,active world files
/items/19721/,src/pages/items/[vnum].astro,items,generated world-file record,3,template-and-sample QA,,engine data,engine,active world files
/items/19722.json,src/pages/items/[vnum].json.ts,agent-json,generated machine-readable record,3,schema-and-sample QA,,engine data,engine,active world files
/items/19722/,src/pages/items/[vnum].astro,items,generated world-file record,3,template-and-sample QA,,engine data,engine,active world files
/items/19723.json,src/pages/items/[vnum].json.ts,agent-json,generated machine-readable record,3,schema-and-sample QA,,engine data,engine,active world files
/items/19723/,src/pages/items/[vnum].astro,items,generated world-file record,3,template-and-sample QA,,engine data,engine,active world files
/items/19724.json,src/pages/items/[vnum].json.ts,agent-json,generated machine-readable record,3,schema-and-sample QA,,engine data,engine,active world files
/items/19724/,src/pages/items/[vnum].astro,items,generated world-file record,3,template-and-sample QA,,engine data,engine,active world files
/items/19725.json,src/pages/items/[vnum].json.ts,agent-json,generated machine-readable record,3,schema-and-sample QA,,engine data,engine,active world files
/items/19725/,src/pages/items/[vnum].astro,items,generated world-file record,3,template-and-sample QA,,engine data,engine,active world files
/items/19726.json,src/pages/items/[vnum].json.ts,agent-json,generated machine-readable record,3,schema-and-sample QA,,engine data,engine,active world files
/items/19726/,src/pages/items/[vnum].astro,items,generated world-file record,3,template-and-sample QA,,engine data,engine,active world files
/items/19727.json,src/pages/items/[vnum].json.ts,agent-json,generated machine-readable record,3,schema-and-sample QA,,engine data,engine,active world files
/items/19727/,src/pages/items/[vnum].astro,items,generated world-file record,3,template-and-sample QA,,engine data,engine,active world files
/items/19728.json,src/pages/items/[vnum].json.ts,agent-json,generated machine-readable record,3,schema-and-sample QA,,engine data,engine,active world files
/items/19728/,src/pages/items/[vnum].astro,items,generated world-file record,3,template-and-sample QA,,engine data,engine,active world files
/items/19729.json,src/pages/items/[vnum].json.ts,agent-json,generated machine-readable record,3,schema-and-sample QA,,engine data,engine,active world files
/items/19729/,src/pages/items/[vnum].astro,items,generated world-file record,3,template-and-sample QA,,engine data,engine,active world files
/items/19730.json,src/pages/items/[vnum].json.ts,agent-json,generated machine-readable record,3,schema-and-sample QA,,engine data,engine,active world files
/items/19730/,src/pages/items/[vnum].astro,items,generated world-file record,3,template-and-sample QA,,engine data,engine,active world files
/items/19731.json,src/pages/items/[vnum].json.ts,agent-json,generated machine-readable record,3,schema-and-sample QA,,engine data,engine,active world files
/items/19731/,src/pages/items/[vnum].astro,items,generated world-file record,3,template-and-sample QA,,engine data,engine,active world files
/items/19732.json,src/pages/items/[vnum].json.ts,agent-json,generated machine-readable record,3,schema-and-sample QA,,engine data,engine,active world files
/items/19732/,src/pages/items/[vnum].astro,items,generated world-file record,3,template-and-sample QA,,engine data,engine,active world files
/items/19733.json,src/pages/items/[vnum].json.ts,agent-json,generated machine-readable record,3,schema-and-sample QA,,engine data,engine,active world files
/items/19733/,src/pages/items/[vnum].astro,items,generated world-file record,3,template-and-sample QA,,engine data,engine,active world files
/items/19734.json,src/pages/items/[vnum].json.ts,agent-json,generated machine-readable record,3,schema-and-sample QA,,engine data,engine,active world files
/items/19734/,src/pages/items/[vnum].astro,items,generated world-file record,3,template-and-sample QA,,engine data,engine,active world files
/items/19735.json,src/pages/items/[vnum].json.ts,agent-json,generated machine-readable record,3,schema-and-sample QA,,engine data,engine,active world files
/items/19735/,src/pages/items/[vnum].astro,items,generated world-file record,3,template-and-sample QA,,engine data,engine,active world files
/items/19736.json,src/pages/items/[vnum].json.ts,agent-json,generated machine-readable record,3,schema-and-sample QA,,engine data,engine,active world files
/items/19736/,src/pages/items/[vnum].astro,items,generated world-file record,3,template-and-sample QA,,engine data,engine,active world files
/items/19737.json,src/pages/items/[vnum].json.ts,agent-json,generated machine-readable record,3,schema-and-sample QA,,engine data,engine,active world files
/items/19737/,src/pages/items/[vnum].astro,items,generated world-file record,3,template-and-sample QA,,engine data,engine,active world files
/items/19738.json,src/pages/items/[vnum].json.ts,agent-json,generated machine-readable record,3,schema-and-sample QA,,engine data,engine,active world files
/items/19738/,src/pages/items/[vnum].astro,items,generated world-file record,3,template-and-sample QA,,engine data,engine,active world files
/items/19739.json,src/pages/items/[vnum].json.ts,agent-json,generated machine-readable record,3,schema-and-sample QA,,engine data,engine,active world files
/items/19739/,src/pages/items/[vnum].astro,items,generated world-file record,3,template-and-sample QA,,engine data,engine,active world files
/items/19740.json,src/pages/items/[vnum].json.ts,agent-json,generated machine-readable record,3,schema-and-sample QA,,engine data,engine,active world files
/items/19740/,src/pages/items/[vnum].astro,items,generated world-file record,3,template-and-sample QA,,engine data,engine,active world files
/items/19741.json,src/pages/items/[vnum].json.ts,agent-json,generated machine-readable record,3,schema-and-sample QA,,engine data,engine,active world files
/items/19741/,src/pages/items/[vnum].astro,items,generated world-file record,3,template-and-sample QA,,engine data,engine,active world files
/items/19742.json,src/pages/items/[vnum].json.ts,agent-json,generated machine-readable record,3,schema-and-sample QA,,engine data,engine,active world files
/items/19742/,src/pages/items/[vnum].astro,items,generated world-file record,3,template-and-sample QA,,engine data,engine,active world files
/items/19743.json,src/pages/items/[vnum].json.ts,agent-json,generated machine-readable record,3,schema-and-sample QA,,engine data,engine,active world files
/items/19743/,src/pages/items/[vnum].astro,items,generated world-file record,3,template-and-sample QA,,engine data,engine,active world files
/items/19744.json,src/pages/items/[vnum].json.ts,agent-json,generated machine-readable record,3,schema-and-sample QA,,engine data,engine,active world files
/items/19744/,src/pages/items/[vnum].astro,items,generated world-file record,3,template-and-sample QA,,engine data,engine,active world files
/items/19745.json,src/pages/items/[vnum].json.ts,agent-json,generated machine-readable record,3,schema-and-sample QA,,engine data,engine,active world files
/items/19745/,src/pages/items/[vnum].astro,items,generated world-file record,3,template-and-sample QA,,engine data,engine,active world files
/items/19900.json,src/pages/items/[vnum].json.ts,agent-json,generated machine-readable record,3,schema-and-sample QA,,engine data,engine,active world files
/items/19900/,src/pages/items/[vnum].astro,items,generated world-file record,3,template-and-sample QA,,engine data,engine,active world files
/items/19901.json,src/pages/items/[vnum].json.ts,agent-json,generated machine-readable record,3,schema-and-sample QA,,engine data,engine,active world files
/items/19901/,src/pages/items/[vnum].astro,items,generated world-file record,3,template-and-sample QA,,engine data,engine,active world files
/items/19902.json,src/pages/items/[vnum].json.ts,agent-json,generated machine-readable record,3,schema-and-sample QA,,engine data,engine,active world files
/items/19902/,src/pages/items/[vnum].astro,items,generated world-file record,3,template-and-sample QA,,engine data,engine,active world files
/items/19903.json,src/pages/items/[vnum].json.ts,agent-json,generated machine-readable record,3,schema-and-sample QA,,engine data,engine,active world files
/items/19903/,src/pages/items/[vnum].astro,items,generated world-file record,3,template-and-sample QA,,engine data,engine,active world files
/items/19904.json,src/pages/items/[vnum].json.ts,agent-json,generated machine-readable record,3,schema-and-sample QA,,engine data,engine,active world files
/items/19904/,src/pages/items/[vnum].astro,items,generated world-file record,3,template-and-sample QA,,engine data,engine,active world files
/items/19905.json,src/pages/items/[vnum].json.ts,agent-json,generated machine-readable record,3,schema-and-sample QA,,engine data,engine,active world files
/items/19905/,src/pages/items/[vnum].astro,items,generated world-file record,3,template-and-sample QA,,engine data,engine,active world files
/items/19906.json,src/pages/items/[vnum].json.ts,agent-json,generated machine-readable record,3,schema-and-sample QA,,engine data,engine,active world files
/items/19906/,src/pages/items/[vnum].astro,items,generated world-file record,3,template-and-sample QA,,engine data,engine,active world files
/items/19907.json,src/pages/items/[vnum].json.ts,agent-json,generated machine-readable record,3,schema-and-sample QA,,engine data,engine,active world files
/items/19907/,src/pages/items/[vnum].astro,items,generated world-file record,3,template-and-sample QA,,engine data,engine,active world files
/items/19908.json,src/pages/items/[vnum].json.ts,agent-json,generated machine-readable record,3,schema-and-sample QA,,engine data,engine,active world files
/items/19908/,src/pages/items/[vnum].astro,items,generated world-file record,3,template-and-sample QA,,engine data,engine,active world files
/items/2.json,src/pages/items/[vnum].json.ts,agent-json,generated machine-readable record,3,schema-and-sample QA,,engine data,engine,active world files
/items/2/,src/pages/items/[vnum].astro,items,generated world-file record,3,template-and-sample QA,,engine data,engine,active world files
/items/20.json,src/pages/items/[vnum].json.ts,agent-json,generated machine-readable record,3,schema-and-sample QA,,engine data,engine,active world files
/items/20/,src/pages/items/[vnum].astro,items,generated world-file record,3,template-and-sample QA,,engine data,engine,active world files
/items/20000.json,src/pages/items/[vnum].json.ts,agent-json,generated machine-readable record,3,schema-and-sample QA,,engine data,engine,active world files
/items/20000/,src/pages/items/[vnum].astro,items,generated world-file record,3,template-and-sample QA,,engine data,engine,active world files
/items/20001.json,src/pages/items/[vnum].json.ts,agent-json,generated machine-readable record,3,schema-and-sample QA,,engine data,engine,active world files
/items/20001/,src/pages/items/[vnum].astro,items,generated world-file record,3,template-and-sample QA,,engine data,engine,active world files
/items/20002.json,src/pages/items/[vnum].json.ts,agent-json,generated machine-readable record,3,schema-and-sample QA,,engine data,engine,active world files
/items/20002/,src/pages/items/[vnum].astro,items,generated world-file record,3,template-and-sample QA,,engine data,engine,active world files
/items/20003.json,src/pages/items/[vnum].json.ts,agent-json,generated machine-readable record,3,schema-and-sample QA,,engine data,engine,active world files
/items/20003/,src/pages/items/[vnum].astro,items,generated world-file record,3,template-and-sample QA,,engine data,engine,active world files
/items/20004.json,src/pages/items/[vnum].json.ts,agent-json,generated machine-readable record,3,schema-and-sample QA,,engine data,engine,active world files
/items/20004/,src/pages/items/[vnum].astro,items,generated world-file record,3,template-and-sample QA,,engine data,engine,active world files
/items/20005.json,src/pages/items/[vnum].json.ts,agent-json,generated machine-readable record,3,schema-and-sample QA,,engine data,engine,active world files
/items/20005/,src/pages/items/[vnum].astro,items,generated world-file record,3,template-and-sample QA,,engine data,engine,active world files
/items/20006.json,src/pages/items/[vnum].json.ts,agent-json,generated machine-readable record,3,schema-and-sample QA,,engine data,engine,active world files
/items/20006/,src/pages/items/[vnum].astro,items,generated world-file record,3,template-and-sample QA,,engine data,engine,active world files
/items/20007.json,src/pages/items/[vnum].json.ts,agent-json,generated machine-readable record,3,schema-and-sample QA,,engine data,engine,active world files
/items/20007/,src/pages/items/[vnum].astro,items,generated world-file record,3,template-and-sample QA,,engine data,engine,active world files
/items/20008.json,src/pages/items/[vnum].json.ts,agent-json,generated machine-readable record,3,schema-and-sample QA,,engine data,engine,active world files
/items/20008/,src/pages/items/[vnum].astro,items,generated world-file record,3,template-and-sample QA,,engine data,engine,active world files
/items/20009.json,src/pages/items/[vnum].json.ts,agent-json,generated machine-readable record,3,schema-and-sample QA,,engine data,engine,active world files
/items/20009/,src/pages/items/[vnum].astro,items,generated world-file record,3,template-and-sample QA,,engine data,engine,active world files
/items/20010.json,src/pages/items/[vnum].json.ts,agent-json,generated machine-readable record,3,schema-and-sample QA,,engine data,engine,active world files
/items/20010/,src/pages/items/[vnum].astro,items,generated world-file record,3,template-and-sample QA,,engine data,engine,active world files
/items/20011.json,src/pages/items/[vnum].json.ts,agent-json,generated machine-readable record,3,schema-and-sample QA,,engine data,engine,active world files
/items/20011/,src/pages/items/[vnum].astro,items,generated world-file record,3,template-and-sample QA,,engine data,engine,active world files
/items/20012.json,src/pages/items/[vnum].json.ts,agent-json,generated machine-readable record,3,schema-and-sample QA,,engine data,engine,active world files
/items/20012/,src/pages/items/[vnum].astro,items,generated world-file record,3,template-and-sample QA,,engine data,engine,active world files
/items/20013.json,src/pages/items/[vnum].json.ts,agent-json,generated machine-readable record,3,schema-and-sample QA,,engine data,engine,active world files
/items/20013/,src/pages/items/[vnum].astro,items,generated world-file record,3,template-and-sample QA,,engine data,engine,active world files
/items/20014.json,src/pages/items/[vnum].json.ts,agent-json,generated machine-readable record,3,schema-and-sample QA,,engine data,engine,active world files
/items/20014/,src/pages/items/[vnum].astro,items,generated world-file record,3,template-and-sample QA,,engine data,engine,active world files
/items/20015.json,src/pages/items/[vnum].json.ts,agent-json,generated machine-readable record,3,schema-and-sample QA,,engine data,engine,active world files
/items/20015/,src/pages/items/[vnum].astro,items,generated world-file record,3,template-and-sample QA,,engine data,engine,active world files
/items/20016.json,src/pages/items/[vnum].json.ts,agent-json,generated machine-readable record,3,schema-and-sample QA,,engine data,engine,active world files
/items/20016/,src/pages/items/[vnum].astro,items,generated world-file record,3,template-and-sample QA,,engine data,engine,active world files
/items/20017.json,src/pages/items/[vnum].json.ts,agent-json,generated machine-readable record,3,schema-and-sample QA,,engine data,engine,active world files
/items/20017/,src/pages/items/[vnum].astro,items,generated world-file record,3,template-and-sample QA,,engine data,engine,active world files
/items/20018.json,src/pages/items/[vnum].json.ts,agent-json,generated machine-readable record,3,schema-and-sample QA,,engine data,engine,active world files
/items/20018/,src/pages/items/[vnum].astro,items,generated world-file record,3,template-and-sample QA,,engine data,engine,active world files
/items/20019.json,src/pages/items/[vnum].json.ts,agent-json,generated machine-readable record,3,schema-and-sample QA,,engine data,engine,active world files
/items/20019/,src/pages/items/[vnum].astro,items,generated world-file record,3,template-and-sample QA,,engine data,engine,active world files
/items/20020.json,src/pages/items/[vnum].json.ts,agent-json,generated machine-readable record,3,schema-and-sample QA,,engine data,engine,active world files
/items/20020/,src/pages/items/[vnum].astro,items,generated world-file record,3,template-and-sample QA,,engine data,engine,active world files
/items/20021.json,src/pages/items/[vnum].json.ts,agent-json,generated machine-readable record,3,schema-and-sample QA,,engine data,engine,active world files
/items/20021/,src/pages/items/[vnum].astro,items,generated world-file record,3,template-and-sample QA,,engine data,engine,active world files
/items/20022.json,src/pages/items/[vnum].json.ts,agent-json,generated machine-readable record,3,schema-and-sample QA,,engine data,engine,active world files
/items/20022/,src/pages/items/[vnum].astro,items,generated world-file record,3,template-and-sample QA,,engine data,engine,active world files
/items/20023.json,src/pages/items/[vnum].json.ts,agent-json,generated machine-readable record,3,schema-and-sample QA,,engine data,engine,active world files
/items/20023/,src/pages/items/[vnum].astro,items,generated world-file record,3,template-and-sample QA,,engine data,engine,active world files
/items/20024.json,src/pages/items/[vnum].json.ts,agent-json,generated machine-readable record,3,schema-and-sample QA,,engine data,engine,active world files
/items/20024/,src/pages/items/[vnum].astro,items,generated world-file record,3,template-and-sample QA,,engine data,engine,active world files
/items/20025.json,src/pages/items/[vnum].json.ts,agent-json,generated machine-readable record,3,schema-and-sample QA,,engine data,engine,active world files
/items/20025/,src/pages/items/[vnum].astro,items,generated world-file record,3,template-and-sample QA,,engine data,engine,active world files
/items/20026.json,src/pages/items/[vnum].json.ts,agent-json,generated machine-readable record,3,schema-and-sample QA,,engine data,engine,active world files
/items/20026/,src/pages/items/[vnum].astro,items,generated world-file record,3,template-and-sample QA,,engine data,engine,active world files
/items/20027.json,src/pages/items/[vnum].json.ts,agent-json,generated machine-readable record,3,schema-and-sample QA,,engine data,engine,active world files
/items/20027/,src/pages/items/[vnum].astro,items,generated world-file record,3,template-and-sample QA,,engine data,engine,active world files
/items/20301.json,src/pages/items/[vnum].json.ts,agent-json,generated machine-readable record,3,schema-and-sample QA,,engine data,engine,active world files
/items/20301/,src/pages/items/[vnum].astro,items,generated world-file record,3,template-and-sample QA,,engine data,engine,active world files
/items/20302.json,src/pages/items/[vnum].json.ts,agent-json,generated machine-readable record,3,schema-and-sample QA,,engine data,engine,active world files
/items/20302/,src/pages/items/[vnum].astro,items,generated world-file record,3,template-and-sample QA,,engine data,engine,active world files
/items/20500.json,src/pages/items/[vnum].json.ts,agent-json,generated machine-readable record,3,schema-and-sample QA,,engine data,engine,active world files
/items/20500/,src/pages/items/[vnum].astro,items,generated world-file record,3,template-and-sample QA,,engine data,engine,active world files
/items/20501.json,src/pages/items/[vnum].json.ts,agent-json,generated machine-readable record,3,schema-and-sample QA,,engine data,engine,active world files
/items/20501/,src/pages/items/[vnum].astro,items,generated world-file record,3,template-and-sample QA,,engine data,engine,active world files
/items/20502.json,src/pages/items/[vnum].json.ts,agent-json,generated machine-readable record,3,schema-and-sample QA,,engine data,engine,active world files
/items/20502/,src/pages/items/[vnum].astro,items,generated world-file record,3,template-and-sample QA,,engine data,engine,active world files
/items/21.json,src/pages/items/[vnum].json.ts,agent-json,generated machine-readable record,3,schema-and-sample QA,,engine data,engine,active world files
/items/21/,src/pages/items/[vnum].astro,items,generated world-file record,3,template-and-sample QA,,engine data,engine,active world files
/items/2100.json,src/pages/items/[vnum].json.ts,agent-json,generated machine-readable record,3,schema-and-sample QA,,engine data,engine,active world files
/items/2100/,src/pages/items/[vnum].astro,items,generated world-file record,3,template-and-sample QA,,engine data,engine,active world files
/items/2101.json,src/pages/items/[vnum].json.ts,agent-json,generated machine-readable record,3,schema-and-sample QA,,engine data,engine,active world files
/items/2101/,src/pages/items/[vnum].astro,items,generated world-file record,3,template-and-sample QA,,engine data,engine,active world files
/items/2102.json,src/pages/items/[vnum].json.ts,agent-json,generated machine-readable record,3,schema-and-sample QA,,engine data,engine,active world files
/items/2102/,src/pages/items/[vnum].astro,items,generated world-file record,3,template-and-sample QA,,engine data,engine,active world files
/items/2103.json,src/pages/items/[vnum].json.ts,agent-json,generated machine-readable record,3,schema-and-sample QA,,engine data,engine,active world files
/items/2103/,src/pages/items/[vnum].astro,items,generated world-file record,3,template-and-sample QA,,engine data,engine,active world files
/items/2104.json,src/pages/items/[vnum].json.ts,agent-json,generated machine-readable record,3,schema-and-sample QA,,engine data,engine,active world files
/items/2104/,src/pages/items/[vnum].astro,items,generated world-file record,3,template-and-sample QA,,engine data,engine,active world files
/items/2105.json,src/pages/items/[vnum].json.ts,agent-json,generated machine-readable record,3,schema-and-sample QA,,engine data,engine,active world files
/items/2105/,src/pages/items/[vnum].astro,items,generated world-file record,3,template-and-sample QA,,engine data,engine,active world files
/items/2106.json,src/pages/items/[vnum].json.ts,agent-json,generated machine-readable record,3,schema-and-sample QA,,engine data,engine,active world files
/items/2106/,src/pages/items/[vnum].astro,items,generated world-file record,3,template-and-sample QA,,engine data,engine,active world files
/items/2107.json,src/pages/items/[vnum].json.ts,agent-json,generated machine-readable record,3,schema-and-sample QA,,engine data,engine,active world files
/items/2107/,src/pages/items/[vnum].astro,items,generated world-file record,3,template-and-sample QA,,engine data,engine,active world files
/items/2108.json,src/pages/items/[vnum].json.ts,agent-json,generated machine-readable record,3,schema-and-sample QA,,engine data,engine,active world files
/items/2108/,src/pages/items/[vnum].astro,items,generated world-file record,3,template-and-sample QA,,engine data,engine,active world files
/items/2109.json,src/pages/items/[vnum].json.ts,agent-json,generated machine-readable record,3,schema-and-sample QA,,engine data,engine,active world files
/items/2109/,src/pages/items/[vnum].astro,items,generated world-file record,3,template-and-sample QA,,engine data,engine,active world files
/items/2110.json,src/pages/items/[vnum].json.ts,agent-json,generated machine-readable record,3,schema-and-sample QA,,engine data,engine,active world files
/items/2110/,src/pages/items/[vnum].astro,items,generated world-file record,3,template-and-sample QA,,engine data,engine,active world files
/items/2111.json,src/pages/items/[vnum].json.ts,agent-json,generated machine-readable record,3,schema-and-sample QA,,engine data,engine,active world files
/items/2111/,src/pages/items/[vnum].astro,items,generated world-file record,3,template-and-sample QA,,engine data,engine,active world files
/items/2112.json,src/pages/items/[vnum].json.ts,agent-json,generated machine-readable record,3,schema-and-sample QA,,engine data,engine,active world files
/items/2112/,src/pages/items/[vnum].astro,items,generated world-file record,3,template-and-sample QA,,engine data,engine,active world files
/items/2113.json,src/pages/items/[vnum].json.ts,agent-json,generated machine-readable record,3,schema-and-sample QA,,engine data,engine,active world files
/items/2113/,src/pages/items/[vnum].astro,items,generated world-file record,3,template-and-sample QA,,engine data,engine,active world files
/items/2114.json,src/pages/items/[vnum].json.ts,agent-json,generated machine-readable record,3,schema-and-sample QA,,engine data,engine,active world files
/items/2114/,src/pages/items/[vnum].astro,items,generated world-file record,3,template-and-sample QA,,engine data,engine,active world files
/items/2115.json,src/pages/items/[vnum].json.ts,agent-json,generated machine-readable record,3,schema-and-sample QA,,engine data,engine,active world files
/items/2115/,src/pages/items/[vnum].astro,items,generated world-file record,3,template-and-sample QA,,engine data,engine,active world files
/items/2116.json,src/pages/items/[vnum].json.ts,agent-json,generated machine-readable record,3,schema-and-sample QA,,engine data,engine,active world files
/items/2116/,src/pages/items/[vnum].astro,items,generated world-file record,3,template-and-sample QA,,engine data,engine,active world files
/items/2117.json,src/pages/items/[vnum].json.ts,agent-json,generated machine-readable record,3,schema-and-sample QA,,engine data,engine,active world files
/items/2117/,src/pages/items/[vnum].astro,items,generated world-file record,3,template-and-sample QA,,engine data,engine,active world files
/items/2118.json,src/pages/items/[vnum].json.ts,agent-json,generated machine-readable record,3,schema-and-sample QA,,engine data,engine,active world files
/items/2118/,src/pages/items/[vnum].astro,items,generated world-file record,3,template-and-sample QA,,engine data,engine,active world files
/items/2119.json,src/pages/items/[vnum].json.ts,agent-json,generated machine-readable record,3,schema-and-sample QA,,engine data,engine,active world files
/items/2119/,src/pages/items/[vnum].astro,items,generated world-file record,3,template-and-sample QA,,engine data,engine,active world files
/items/2120.json,src/pages/items/[vnum].json.ts,agent-json,generated machine-readable record,3,schema-and-sample QA,,engine data,engine,active world files
/items/2120/,src/pages/items/[vnum].astro,items,generated world-file record,3,template-and-sample QA,,engine data,engine,active world files
/items/21200.json,src/pages/items/[vnum].json.ts,agent-json,generated machine-readable record,3,schema-and-sample QA,,engine data,engine,active world files
/items/21200/,src/pages/items/[vnum].astro,items,generated world-file record,3,template-and-sample QA,,engine data,engine,active world files
/items/21201.json,src/pages/items/[vnum].json.ts,agent-json,generated machine-readable record,3,schema-and-sample QA,,engine data,engine,active world files
/items/21201/,src/pages/items/[vnum].astro,items,generated world-file record,3,template-and-sample QA,,engine data,engine,active world files
/items/21202.json,src/pages/items/[vnum].json.ts,agent-json,generated machine-readable record,3,schema-and-sample QA,,engine data,engine,active world files
/items/21202/,src/pages/items/[vnum].astro,items,generated world-file record,3,template-and-sample QA,,engine data,engine,active world files
/items/21203.json,src/pages/items/[vnum].json.ts,agent-json,generated machine-readable record,3,schema-and-sample QA,,engine data,engine,active world files
/items/21203/,src/pages/items/[vnum].astro,items,generated world-file record,3,template-and-sample QA,,engine data,engine,active world files
/items/21204.json,src/pages/items/[vnum].json.ts,agent-json,generated machine-readable record,3,schema-and-sample QA,,engine data,engine,active world files
/items/21204/,src/pages/items/[vnum].astro,items,generated world-file record,3,template-and-sample QA,,engine data,engine,active world files
/items/21205.json,src/pages/items/[vnum].json.ts,agent-json,generated machine-readable record,3,schema-and-sample QA,,engine data,engine,active world files
/items/21205/,src/pages/items/[vnum].astro,items,generated world-file record,3,template-and-sample QA,,engine data,engine,active world files
/items/21206.json,src/pages/items/[vnum].json.ts,agent-json,generated machine-readable record,3,schema-and-sample QA,,engine data,engine,active world files
/items/21206/,src/pages/items/[vnum].astro,items,generated world-file record,3,template-and-sample QA,,engine data,engine,active world files
/items/21207.json,src/pages/items/[vnum].json.ts,agent-json,generated machine-readable record,3,schema-and-sample QA,,engine data,engine,active world files
/items/21207/,src/pages/items/[vnum].astro,items,generated world-file record,3,template-and-sample QA,,engine data,engine,active world files
/items/21208.json,src/pages/items/[vnum].json.ts,agent-json,generated machine-readable record,3,schema-and-sample QA,,engine data,engine,active world files
/items/21208/,src/pages/items/[vnum].astro,items,generated world-file record,3,template-and-sample QA,,engine data,engine,active world files
/items/21209.json,src/pages/items/[vnum].json.ts,agent-json,generated machine-readable record,3,schema-and-sample QA,,engine data,engine,active world files
/items/21209/,src/pages/items/[vnum].astro,items,generated world-file record,3,template-and-sample QA,,engine data,engine,active world files
/items/2121.json,src/pages/items/[vnum].json.ts,agent-json,generated machine-readable record,3,schema-and-sample QA,,engine data,engine,active world files
/items/2121/,src/pages/items/[vnum].astro,items,generated world-file record,3,template-and-sample QA,,engine data,engine,active world files
/items/21210.json,src/pages/items/[vnum].json.ts,agent-json,generated machine-readable record,3,schema-and-sample QA,,engine data,engine,active world files
/items/21210/,src/pages/items/[vnum].astro,items,generated world-file record,3,template-and-sample QA,,engine data,engine,active world files
/items/21211.json,src/pages/items/[vnum].json.ts,agent-json,generated machine-readable record,3,schema-and-sample QA,,engine data,engine,active world files
/items/21211/,src/pages/items/[vnum].astro,items,generated world-file record,3,template-and-sample QA,,engine data,engine,active world files
/items/21212.json,src/pages/items/[vnum].json.ts,agent-json,generated machine-readable record,3,schema-and-sample QA,,engine data,engine,active world files
/items/21212/,src/pages/items/[vnum].astro,items,generated world-file record,3,template-and-sample QA,,engine data,engine,active world files
/items/21213.json,src/pages/items/[vnum].json.ts,agent-json,generated machine-readable record,3,schema-and-sample QA,,engine data,engine,active world files
/items/21213/,src/pages/items/[vnum].astro,items,generated world-file record,3,template-and-sample QA,,engine data,engine,active world files
/items/21214.json,src/pages/items/[vnum].json.ts,agent-json,generated machine-readable record,3,schema-and-sample QA,,engine data,engine,active world files
/items/21214/,src/pages/items/[vnum].astro,items,generated world-file record,3,template-and-sample QA,,engine data,engine,active world files
/items/21215.json,src/pages/items/[vnum].json.ts,agent-json,generated machine-readable record,3,schema-and-sample QA,,engine data,engine,active world files
/items/21215/,src/pages/items/[vnum].astro,items,generated world-file record,3,template-and-sample QA,,engine data,engine,active world files
/items/21216.json,src/pages/items/[vnum].json.ts,agent-json,generated machine-readable record,3,schema-and-sample QA,,engine data,engine,active world files
/items/21216/,src/pages/items/[vnum].astro,items,generated world-file record,3,template-and-sample QA,,engine data,engine,active world files
/items/21217.json,src/pages/items/[vnum].json.ts,agent-json,generated machine-readable record,3,schema-and-sample QA,,engine data,engine,active world files
/items/21217/,src/pages/items/[vnum].astro,items,generated world-file record,3,template-and-sample QA,,engine data,engine,active world files
/items/21218.json,src/pages/items/[vnum].json.ts,agent-json,generated machine-readable record,3,schema-and-sample QA,,engine data,engine,active world files
/items/21218/,src/pages/items/[vnum].astro,items,generated world-file record,3,template-and-sample QA,,engine data,engine,active world files
/items/21219.json,src/pages/items/[vnum].json.ts,agent-json,generated machine-readable record,3,schema-and-sample QA,,engine data,engine,active world files
/items/21219/,src/pages/items/[vnum].astro,items,generated world-file record,3,template-and-sample QA,,engine data,engine,active world files
/items/2122.json,src/pages/items/[vnum].json.ts,agent-json,generated machine-readable record,3,schema-and-sample QA,,engine data,engine,active world files
/items/2122/,src/pages/items/[vnum].astro,items,generated world-file record,3,template-and-sample QA,,engine data,engine,active world files
/items/21220.json,src/pages/items/[vnum].json.ts,agent-json,generated machine-readable record,3,schema-and-sample QA,,engine data,engine,active world files
/items/21220/,src/pages/items/[vnum].astro,items,generated world-file record,3,template-and-sample QA,,engine data,engine,active world files
/items/21221.json,src/pages/items/[vnum].json.ts,agent-json,generated machine-readable record,3,schema-and-sample QA,,engine data,engine,active world files
/items/21221/,src/pages/items/[vnum].astro,items,generated world-file record,3,template-and-sample QA,,engine data,engine,active world files
/items/21222.json,src/pages/items/[vnum].json.ts,agent-json,generated machine-readable record,3,schema-and-sample QA,,engine data,engine,active world files
/items/21222/,src/pages/items/[vnum].astro,items,generated world-file record,3,template-and-sample QA,,engine data,engine,active world files
/items/21223.json,src/pages/items/[vnum].json.ts,agent-json,generated machine-readable record,3,schema-and-sample QA,,engine data,engine,active world files
/items/21223/,src/pages/items/[vnum].astro,items,generated world-file record,3,template-and-sample QA,,engine data,engine,active world files
/items/21224.json,src/pages/items/[vnum].json.ts,agent-json,generated machine-readable record,3,schema-and-sample QA,,engine data,engine,active world files
/items/21224/,src/pages/items/[vnum].astro,items,generated world-file record,3,template-and-sample QA,,engine data,engine,active world files
/items/21225.json,src/pages/items/[vnum].json.ts,agent-json,generated machine-readable record,3,schema-and-sample QA,,engine data,engine,active world files
/items/21225/,src/pages/items/[vnum].astro,items,generated world-file record,3,template-and-sample QA,,engine data,engine,active world files
/items/21226.json,src/pages/items/[vnum].json.ts,agent-json,generated machine-readable record,3,schema-and-sample QA,,engine data,engine,active world files
/items/21226/,src/pages/items/[vnum].astro,items,generated world-file record,3,template-and-sample QA,,engine data,engine,active world files
/items/21227.json,src/pages/items/[vnum].json.ts,agent-json,generated machine-readable record,3,schema-and-sample QA,,engine data,engine,active world files
/items/21227/,src/pages/items/[vnum].astro,items,generated world-file record,3,template-and-sample QA,,engine data,engine,active world files
/items/21228.json,src/pages/items/[vnum].json.ts,agent-json,generated machine-readable record,3,schema-and-sample QA,,engine data,engine,active world files
/items/21228/,src/pages/items/[vnum].astro,items,generated world-file record,3,template-and-sample QA,,engine data,engine,active world files
/items/21229.json,src/pages/items/[vnum].json.ts,agent-json,generated machine-readable record,3,schema-and-sample QA,,engine data,engine,active world files
/items/21229/,src/pages/items/[vnum].astro,items,generated world-file record,3,template-and-sample QA,,engine data,engine,active world files
/items/21230.json,src/pages/items/[vnum].json.ts,agent-json,generated machine-readable record,3,schema-and-sample QA,,engine data,engine,active world files
/items/21230/,src/pages/items/[vnum].astro,items,generated world-file record,3,template-and-sample QA,,engine data,engine,active world files
/items/21231.json,src/pages/items/[vnum].json.ts,agent-json,generated machine-readable record,3,schema-and-sample QA,,engine data,engine,active world files
/items/21231/,src/pages/items/[vnum].astro,items,generated world-file record,3,template-and-sample QA,,engine data,engine,active world files
/items/21299.json,src/pages/items/[vnum].json.ts,agent-json,generated machine-readable record,3,schema-and-sample QA,,engine data,engine,active world files
/items/21299/,src/pages/items/[vnum].astro,items,generated world-file record,3,template-and-sample QA,,engine data,engine,active world files
/items/21400.json,src/pages/items/[vnum].json.ts,agent-json,generated machine-readable record,3,schema-and-sample QA,,engine data,engine,active world files
/items/21400/,src/pages/items/[vnum].astro,items,generated world-file record,3,template-and-sample QA,,engine data,engine,active world files
/items/21401.json,src/pages/items/[vnum].json.ts,agent-json,generated machine-readable record,3,schema-and-sample QA,,engine data,engine,active world files
/items/21401/,src/pages/items/[vnum].astro,items,generated world-file record,3,template-and-sample QA,,engine data,engine,active world files
/items/22500.json,src/pages/items/[vnum].json.ts,agent-json,generated machine-readable record,3,schema-and-sample QA,,engine data,engine,active world files
/items/22500/,src/pages/items/[vnum].astro,items,generated world-file record,3,template-and-sample QA,,engine data,engine,active world files
/items/22501.json,src/pages/items/[vnum].json.ts,agent-json,generated machine-readable record,3,schema-and-sample QA,,engine data,engine,active world files
/items/22501/,src/pages/items/[vnum].astro,items,generated world-file record,3,template-and-sample QA,,engine data,engine,active world files
/items/22502.json,src/pages/items/[vnum].json.ts,agent-json,generated machine-readable record,3,schema-and-sample QA,,engine data,engine,active world files
/items/22502/,src/pages/items/[vnum].astro,items,generated world-file record,3,template-and-sample QA,,engine data,engine,active world files
/items/22503.json,src/pages/items/[vnum].json.ts,agent-json,generated machine-readable record,3,schema-and-sample QA,,engine data,engine,active world files
/items/22503/,src/pages/items/[vnum].astro,items,generated world-file record,3,template-and-sample QA,,engine data,engine,active world files
/items/2500.json,src/pages/items/[vnum].json.ts,agent-json,generated machine-readable record,3,schema-and-sample QA,,engine data,engine,active world files
/items/2500/,src/pages/items/[vnum].astro,items,generated world-file record,3,template-and-sample QA,,engine data,engine,active world files
/items/2501.json,src/pages/items/[vnum].json.ts,agent-json,generated machine-readable record,3,schema-and-sample QA,,engine data,engine,active world files
/items/2501/,src/pages/items/[vnum].astro,items,generated world-file record,3,template-and-sample QA,,engine data,engine,active world files
/items/2502.json,src/pages/items/[vnum].json.ts,agent-json,generated machine-readable record,3,schema-and-sample QA,,engine data,engine,active world files
/items/2502/,src/pages/items/[vnum].astro,items,generated world-file record,3,template-and-sample QA,,engine data,engine,active world files
/items/2503.json,src/pages/items/[vnum].json.ts,agent-json,generated machine-readable record,3,schema-and-sample QA,,engine data,engine,active world files
/items/2503/,src/pages/items/[vnum].astro,items,generated world-file record,3,template-and-sample QA,,engine data,engine,active world files
/items/2504.json,src/pages/items/[vnum].json.ts,agent-json,generated machine-readable record,3,schema-and-sample QA,,engine data,engine,active world files
/items/2504/,src/pages/items/[vnum].astro,items,generated world-file record,3,template-and-sample QA,,engine data,engine,active world files
/items/2505.json,src/pages/items/[vnum].json.ts,agent-json,generated machine-readable record,3,schema-and-sample QA,,engine data,engine,active world files
/items/2505/,src/pages/items/[vnum].astro,items,generated world-file record,3,template-and-sample QA,,engine data,engine,active world files
/items/2506.json,src/pages/items/[vnum].json.ts,agent-json,generated machine-readable record,3,schema-and-sample QA,,engine data,engine,active world files
/items/2506/,src/pages/items/[vnum].astro,items,generated world-file record,3,template-and-sample QA,,engine data,engine,active world files
/items/2507.json,src/pages/items/[vnum].json.ts,agent-json,generated machine-readable record,3,schema-and-sample QA,,engine data,engine,active world files
/items/2507/,src/pages/items/[vnum].astro,items,generated world-file record,3,template-and-sample QA,,engine data,engine,active world files
/items/2508.json,src/pages/items/[vnum].json.ts,agent-json,generated machine-readable record,3,schema-and-sample QA,,engine data,engine,active world files
/items/2508/,src/pages/items/[vnum].astro,items,generated world-file record,3,template-and-sample QA,,engine data,engine,active world files
/items/2509.json,src/pages/items/[vnum].json.ts,agent-json,generated machine-readable record,3,schema-and-sample QA,,engine data,engine,active world files
/items/2509/,src/pages/items/[vnum].astro,items,generated world-file record,3,template-and-sample QA,,engine data,engine,active world files
/items/2510.json,src/pages/items/[vnum].json.ts,agent-json,generated machine-readable record,3,schema-and-sample QA,,engine data,engine,active world files
/items/2510/,src/pages/items/[vnum].astro,items,generated world-file record,3,template-and-sample QA,,engine data,engine,active world files
/items/2511.json,src/pages/items/[vnum].json.ts,agent-json,generated machine-readable record,3,schema-and-sample QA,,engine data,engine,active world files
/items/2511/,src/pages/items/[vnum].astro,items,generated world-file record,3,template-and-sample QA,,engine data,engine,active world files
/items/2512.json,src/pages/items/[vnum].json.ts,agent-json,generated machine-readable record,3,schema-and-sample QA,,engine data,engine,active world files
/items/2512/,src/pages/items/[vnum].astro,items,generated world-file record,3,template-and-sample QA,,engine data,engine,active world files
/items/2513.json,src/pages/items/[vnum].json.ts,agent-json,generated machine-readable record,3,schema-and-sample QA,,engine data,engine,active world files
/items/2513/,src/pages/items/[vnum].astro,items,generated world-file record,3,template-and-sample QA,,engine data,engine,active world files
/items/2514.json,src/pages/items/[vnum].json.ts,agent-json,generated machine-readable record,3,schema-and-sample QA,,engine data,engine,active world files
/items/2514/,src/pages/items/[vnum].astro,items,generated world-file record,3,template-and-sample QA,,engine data,engine,active world files
/items/2515.json,src/pages/items/[vnum].json.ts,agent-json,generated machine-readable record,3,schema-and-sample QA,,engine data,engine,active world files
/items/2515/,src/pages/items/[vnum].astro,items,generated world-file record,3,template-and-sample QA,,engine data,engine,active world files
/items/2516.json,src/pages/items/[vnum].json.ts,agent-json,generated machine-readable record,3,schema-and-sample QA,,engine data,engine,active world files
/items/2516/,src/pages/items/[vnum].astro,items,generated world-file record,3,template-and-sample QA,,engine data,engine,active world files
/items/2517.json,src/pages/items/[vnum].json.ts,agent-json,generated machine-readable record,3,schema-and-sample QA,,engine data,engine,active world files
/items/2517/,src/pages/items/[vnum].astro,items,generated world-file record,3,template-and-sample QA,,engine data,engine,active world files
/items/2518.json,src/pages/items/[vnum].json.ts,agent-json,generated machine-readable record,3,schema-and-sample QA,,engine data,engine,active world files
/items/2518/,src/pages/items/[vnum].astro,items,generated world-file record,3,template-and-sample QA,,engine data,engine,active world files
/items/2519.json,src/pages/items/[vnum].json.ts,agent-json,generated machine-readable record,3,schema-and-sample QA,,engine data,engine,active world files
/items/2519/,src/pages/items/[vnum].astro,items,generated world-file record,3,template-and-sample QA,,engine data,engine,active world files
/items/2520.json,src/pages/items/[vnum].json.ts,agent-json,generated machine-readable record,3,schema-and-sample QA,,engine data,engine,active world files
/items/2520/,src/pages/items/[vnum].astro,items,generated world-file record,3,template-and-sample QA,,engine data,engine,active world files
/items/2521.json,src/pages/items/[vnum].json.ts,agent-json,generated machine-readable record,3,schema-and-sample QA,,engine data,engine,active world files
/items/2521/,src/pages/items/[vnum].astro,items,generated world-file record,3,template-and-sample QA,,engine data,engine,active world files
/items/26.json,src/pages/items/[vnum].json.ts,agent-json,generated machine-readable record,3,schema-and-sample QA,,engine data,engine,active world files
/items/26/,src/pages/items/[vnum].astro,items,generated world-file record,3,template-and-sample QA,,engine data,engine,active world files
/items/27.json,src/pages/items/[vnum].json.ts,agent-json,generated machine-readable record,3,schema-and-sample QA,,engine data,engine,active world files
/items/27/,src/pages/items/[vnum].astro,items,generated world-file record,3,template-and-sample QA,,engine data,engine,active world files
/items/2700.json,src/pages/items/[vnum].json.ts,agent-json,generated machine-readable record,3,schema-and-sample QA,,engine data,engine,active world files
/items/2700/,src/pages/items/[vnum].astro,items,generated world-file record,3,template-and-sample QA,,engine data,engine,active world files
/items/2701.json,src/pages/items/[vnum].json.ts,agent-json,generated machine-readable record,3,schema-and-sample QA,,engine data,engine,active world files
/items/2701/,src/pages/items/[vnum].astro,items,generated world-file record,3,template-and-sample QA,,engine data,engine,active world files
/items/2702.json,src/pages/items/[vnum].json.ts,agent-json,generated machine-readable record,3,schema-and-sample QA,,engine data,engine,active world files
/items/2702/,src/pages/items/[vnum].astro,items,generated world-file record,3,template-and-sample QA,,engine data,engine,active world files
/items/2703.json,src/pages/items/[vnum].json.ts,agent-json,generated machine-readable record,3,schema-and-sample QA,,engine data,engine,active world files
/items/2703/,src/pages/items/[vnum].astro,items,generated world-file record,3,template-and-sample QA,,engine data,engine,active world files
/items/2707.json,src/pages/items/[vnum].json.ts,agent-json,generated machine-readable record,3,schema-and-sample QA,,engine data,engine,active world files
/items/2707/,src/pages/items/[vnum].astro,items,generated world-file record,3,template-and-sample QA,,engine data,engine,active world files
/items/2708.json,src/pages/items/[vnum].json.ts,agent-json,generated machine-readable record,3,schema-and-sample QA,,engine data,engine,active world files
/items/2708/,src/pages/items/[vnum].astro,items,generated world-file record,3,template-and-sample QA,,engine data,engine,active world files
/items/2709.json,src/pages/items/[vnum].json.ts,agent-json,generated machine-readable record,3,schema-and-sample QA,,engine data,engine,active world files
/items/2709/,src/pages/items/[vnum].astro,items,generated world-file record,3,template-and-sample QA,,engine data,engine,active world files
/items/2710.json,src/pages/items/[vnum].json.ts,agent-json,generated machine-readable record,3,schema-and-sample QA,,engine data,engine,active world files
/items/2710/,src/pages/items/[vnum].astro,items,generated world-file record,3,template-and-sample QA,,engine data,engine,active world files
/items/2711.json,src/pages/items/[vnum].json.ts,agent-json,generated machine-readable record,3,schema-and-sample QA,,engine data,engine,active world files
/items/2711/,src/pages/items/[vnum].astro,items,generated world-file record,3,template-and-sample QA,,engine data,engine,active world files
/items/2712.json,src/pages/items/[vnum].json.ts,agent-json,generated machine-readable record,3,schema-and-sample QA,,engine data,engine,active world files
/items/2712/,src/pages/items/[vnum].astro,items,generated world-file record,3,template-and-sample QA,,engine data,engine,active world files
/items/2713.json,src/pages/items/[vnum].json.ts,agent-json,generated machine-readable record,3,schema-and-sample QA,,engine data,engine,active world files
/items/2713/,src/pages/items/[vnum].astro,items,generated world-file record,3,template-and-sample QA,,engine data,engine,active world files
/items/2714.json,src/pages/items/[vnum].json.ts,agent-json,generated machine-readable record,3,schema-and-sample QA,,engine data,engine,active world files
/items/2714/,src/pages/items/[vnum].astro,items,generated world-file record,3,template-and-sample QA,,engine data,engine,active world files
/items/2715.json,src/pages/items/[vnum].json.ts,agent-json,generated machine-readable record,3,schema-and-sample QA,,engine data,engine,active world files
/items/2715/,src/pages/items/[vnum].astro,items,generated world-file record,3,template-and-sample QA,,engine data,engine,active world files
/items/2716.json,src/pages/items/[vnum].json.ts,agent-json,generated machine-readable record,3,schema-and-sample QA,,engine data,engine,active world files
/items/2716/,src/pages/items/[vnum].astro,items,generated world-file record,3,template-and-sample QA,,engine data,engine,active world files
/items/2717.json,src/pages/items/[vnum].json.ts,agent-json,generated machine-readable record,3,schema-and-sample QA,,engine data,engine,active world files
/items/2717/,src/pages/items/[vnum].astro,items,generated world-file record,3,template-and-sample QA,,engine data,engine,active world files
/items/2718.json,src/pages/items/[vnum].json.ts,agent-json,generated machine-readable record,3,schema-and-sample QA,,engine data,engine,active world files
/items/2718/,src/pages/items/[vnum].astro,items,generated world-file record,3,template-and-sample QA,,engine data,engine,active world files
/items/2719.json,src/pages/items/[vnum].json.ts,agent-json,generated machine-readable record,3,schema-and-sample QA,,engine data,engine,active world files
/items/2719/,src/pages/items/[vnum].astro,items,generated world-file record,3,template-and-sample QA,,engine data,engine,active world files
/items/2720.json,src/pages/items/[vnum].json.ts,agent-json,generated machine-readable record,3,schema-and-sample QA,,engine data,engine,active world files
/items/2720/,src/pages/items/[vnum].astro,items,generated world-file record,3,template-and-sample QA,,engine data,engine,active world files
/items/2721.json,src/pages/items/[vnum].json.ts,agent-json,generated machine-readable record,3,schema-and-sample QA,,engine data,engine,active world files
/items/2721/,src/pages/items/[vnum].astro,items,generated world-file record,3,template-and-sample QA,,engine data,engine,active world files
/items/2722.json,src/pages/items/[vnum].json.ts,agent-json,generated machine-readable record,3,schema-and-sample QA,,engine data,engine,active world files
/items/2722/,src/pages/items/[vnum].astro,items,generated world-file record,3,template-and-sample QA,,engine data,engine,active world files
/items/2723.json,src/pages/items/[vnum].json.ts,agent-json,generated machine-readable record,3,schema-and-sample QA,,engine data,engine,active world files
/items/2723/,src/pages/items/[vnum].astro,items,generated world-file record,3,template-and-sample QA,,engine data,engine,active world files
/items/2724.json,src/pages/items/[vnum].json.ts,agent-json,generated machine-readable record,3,schema-and-sample QA,,engine data,engine,active world files
/items/2724/,src/pages/items/[vnum].astro,items,generated world-file record,3,template-and-sample QA,,engine data,engine,active world files
/items/2725.json,src/pages/items/[vnum].json.ts,agent-json,generated machine-readable record,3,schema-and-sample QA,,engine data,engine,active world files
/items/2725/,src/pages/items/[vnum].astro,items,generated world-file record,3,template-and-sample QA,,engine data,engine,active world files
/items/2726.json,src/pages/items/[vnum].json.ts,agent-json,generated machine-readable record,3,schema-and-sample QA,,engine data,engine,active world files
/items/2726/,src/pages/items/[vnum].astro,items,generated world-file record,3,template-and-sample QA,,engine data,engine,active world files
/items/2727.json,src/pages/items/[vnum].json.ts,agent-json,generated machine-readable record,3,schema-and-sample QA,,engine data,engine,active world files
/items/2727/,src/pages/items/[vnum].astro,items,generated world-file record,3,template-and-sample QA,,engine data,engine,active world files
/items/2728.json,src/pages/items/[vnum].json.ts,agent-json,generated machine-readable record,3,schema-and-sample QA,,engine data,engine,active world files
/items/2728/,src/pages/items/[vnum].astro,items,generated world-file record,3,template-and-sample QA,,engine data,engine,active world files
/items/2729.json,src/pages/items/[vnum].json.ts,agent-json,generated machine-readable record,3,schema-and-sample QA,,engine data,engine,active world files
/items/2729/,src/pages/items/[vnum].astro,items,generated world-file record,3,template-and-sample QA,,engine data,engine,active world files
/items/2730.json,src/pages/items/[vnum].json.ts,agent-json,generated machine-readable record,3,schema-and-sample QA,,engine data,engine,active world files
/items/2730/,src/pages/items/[vnum].astro,items,generated world-file record,3,template-and-sample QA,,engine data,engine,active world files
/items/2731.json,src/pages/items/[vnum].json.ts,agent-json,generated machine-readable record,3,schema-and-sample QA,,engine data,engine,active world files
/items/2731/,src/pages/items/[vnum].astro,items,generated world-file record,3,template-and-sample QA,,engine data,engine,active world files
/items/2732.json,src/pages/items/[vnum].json.ts,agent-json,generated machine-readable record,3,schema-and-sample QA,,engine data,engine,active world files
/items/2732/,src/pages/items/[vnum].astro,items,generated world-file record,3,template-and-sample QA,,engine data,engine,active world files
/items/2733.json,src/pages/items/[vnum].json.ts,agent-json,generated machine-readable record,3,schema-and-sample QA,,engine data,engine,active world files
/items/2733/,src/pages/items/[vnum].astro,items,generated world-file record,3,template-and-sample QA,,engine data,engine,active world files
/items/2734.json,src/pages/items/[vnum].json.ts,agent-json,generated machine-readable record,3,schema-and-sample QA,,engine data,engine,active world files
/items/2734/,src/pages/items/[vnum].astro,items,generated world-file record,3,template-and-sample QA,,engine data,engine,active world files
/items/2735.json,src/pages/items/[vnum].json.ts,agent-json,generated machine-readable record,3,schema-and-sample QA,,engine data,engine,active world files
/items/2735/,src/pages/items/[vnum].astro,items,generated world-file record,3,template-and-sample QA,,engine data,engine,active world files
/items/2736.json,src/pages/items/[vnum].json.ts,agent-json,generated machine-readable record,3,schema-and-sample QA,,engine data,engine,active world files
/items/2736/,src/pages/items/[vnum].astro,items,generated world-file record,3,template-and-sample QA,,engine data,engine,active world files
/items/2737.json,src/pages/items/[vnum].json.ts,agent-json,generated machine-readable record,3,schema-and-sample QA,,engine data,engine,active world files
/items/2737/,src/pages/items/[vnum].astro,items,generated world-file record,3,template-and-sample QA,,engine data,engine,active world files
/items/2738.json,src/pages/items/[vnum].json.ts,agent-json,generated machine-readable record,3,schema-and-sample QA,,engine data,engine,active world files
/items/2738/,src/pages/items/[vnum].astro,items,generated world-file record,3,template-and-sample QA,,engine data,engine,active world files
/items/2739.json,src/pages/items/[vnum].json.ts,agent-json,generated machine-readable record,3,schema-and-sample QA,,engine data,engine,active world files
/items/2739/,src/pages/items/[vnum].astro,items,generated world-file record,3,template-and-sample QA,,engine data,engine,active world files
/items/2740.json,src/pages/items/[vnum].json.ts,agent-json,generated machine-readable record,3,schema-and-sample QA,,engine data,engine,active world files
/items/2740/,src/pages/items/[vnum].astro,items,generated world-file record,3,template-and-sample QA,,engine data,engine,active world files
/items/2741.json,src/pages/items/[vnum].json.ts,agent-json,generated machine-readable record,3,schema-and-sample QA,,engine data,engine,active world files
/items/2741/,src/pages/items/[vnum].astro,items,generated world-file record,3,template-and-sample QA,,engine data,engine,active world files
/items/2742.json,src/pages/items/[vnum].json.ts,agent-json,generated machine-readable record,3,schema-and-sample QA,,engine data,engine,active world files
/items/2742/,src/pages/items/[vnum].astro,items,generated world-file record,3,template-and-sample QA,,engine data,engine,active world files
/items/2743.json,src/pages/items/[vnum].json.ts,agent-json,generated machine-readable record,3,schema-and-sample QA,,engine data,engine,active world files
/items/2743/,src/pages/items/[vnum].astro,items,generated world-file record,3,template-and-sample QA,,engine data,engine,active world files
/items/2744.json,src/pages/items/[vnum].json.ts,agent-json,generated machine-readable record,3,schema-and-sample QA,,engine data,engine,active world files
/items/2744/,src/pages/items/[vnum].astro,items,generated world-file record,3,template-and-sample QA,,engine data,engine,active world files
/items/2745.json,src/pages/items/[vnum].json.ts,agent-json,generated machine-readable record,3,schema-and-sample QA,,engine data,engine,active world files
/items/2745/,src/pages/items/[vnum].astro,items,generated world-file record,3,template-and-sample QA,,engine data,engine,active world files
/items/2746.json,src/pages/items/[vnum].json.ts,agent-json,generated machine-readable record,3,schema-and-sample QA,,engine data,engine,active world files
/items/2746/,src/pages/items/[vnum].astro,items,generated world-file record,3,template-and-sample QA,,engine data,engine,active world files
/items/2747.json,src/pages/items/[vnum].json.ts,agent-json,generated machine-readable record,3,schema-and-sample QA,,engine data,engine,active world files
/items/2747/,src/pages/items/[vnum].astro,items,generated world-file record,3,template-and-sample QA,,engine data,engine,active world files
/items/2748.json,src/pages/items/[vnum].json.ts,agent-json,generated machine-readable record,3,schema-and-sample QA,,engine data,engine,active world files
/items/2748/,src/pages/items/[vnum].astro,items,generated world-file record,3,template-and-sample QA,,engine data,engine,active world files
/items/2749.json,src/pages/items/[vnum].json.ts,agent-json,generated machine-readable record,3,schema-and-sample QA,,engine data,engine,active world files
/items/2749/,src/pages/items/[vnum].astro,items,generated world-file record,3,template-and-sample QA,,engine data,engine,active world files
/items/2750.json,src/pages/items/[vnum].json.ts,agent-json,generated machine-readable record,3,schema-and-sample QA,,engine data,engine,active world files
/items/2750/,src/pages/items/[vnum].astro,items,generated world-file record,3,template-and-sample QA,,engine data,engine,active world files
/items/2751.json,src/pages/items/[vnum].json.ts,agent-json,generated machine-readable record,3,schema-and-sample QA,,engine data,engine,active world files
/items/2751/,src/pages/items/[vnum].astro,items,generated world-file record,3,template-and-sample QA,,engine data,engine,active world files
/items/2752.json,src/pages/items/[vnum].json.ts,agent-json,generated machine-readable record,3,schema-and-sample QA,,engine data,engine,active world files
/items/2752/,src/pages/items/[vnum].astro,items,generated world-file record,3,template-and-sample QA,,engine data,engine,active world files
/items/2753.json,src/pages/items/[vnum].json.ts,agent-json,generated machine-readable record,3,schema-and-sample QA,,engine data,engine,active world files
/items/2753/,src/pages/items/[vnum].astro,items,generated world-file record,3,template-and-sample QA,,engine data,engine,active world files
/items/2754.json,src/pages/items/[vnum].json.ts,agent-json,generated machine-readable record,3,schema-and-sample QA,,engine data,engine,active world files
/items/2754/,src/pages/items/[vnum].astro,items,generated world-file record,3,template-and-sample QA,,engine data,engine,active world files
/items/2755.json,src/pages/items/[vnum].json.ts,agent-json,generated machine-readable record,3,schema-and-sample QA,,engine data,engine,active world files
/items/2755/,src/pages/items/[vnum].astro,items,generated world-file record,3,template-and-sample QA,,engine data,engine,active world files
/items/2756.json,src/pages/items/[vnum].json.ts,agent-json,generated machine-readable record,3,schema-and-sample QA,,engine data,engine,active world files
/items/2756/,src/pages/items/[vnum].astro,items,generated world-file record,3,template-and-sample QA,,engine data,engine,active world files
/items/2757.json,src/pages/items/[vnum].json.ts,agent-json,generated machine-readable record,3,schema-and-sample QA,,engine data,engine,active world files
/items/2757/,src/pages/items/[vnum].astro,items,generated world-file record,3,template-and-sample QA,,engine data,engine,active world files
/items/2758.json,src/pages/items/[vnum].json.ts,agent-json,generated machine-readable record,3,schema-and-sample QA,,engine data,engine,active world files
/items/2758/,src/pages/items/[vnum].astro,items,generated world-file record,3,template-and-sample QA,,engine data,engine,active world files
/items/2759.json,src/pages/items/[vnum].json.ts,agent-json,generated machine-readable record,3,schema-and-sample QA,,engine data,engine,active world files
/items/2759/,src/pages/items/[vnum].astro,items,generated world-file record,3,template-and-sample QA,,engine data,engine,active world files
/items/2760.json,src/pages/items/[vnum].json.ts,agent-json,generated machine-readable record,3,schema-and-sample QA,,engine data,engine,active world files
/items/2760/,src/pages/items/[vnum].astro,items,generated world-file record,3,template-and-sample QA,,engine data,engine,active world files
/items/2761.json,src/pages/items/[vnum].json.ts,agent-json,generated machine-readable record,3,schema-and-sample QA,,engine data,engine,active world files
/items/2761/,src/pages/items/[vnum].astro,items,generated world-file record,3,template-and-sample QA,,engine data,engine,active world files
/items/2762.json,src/pages/items/[vnum].json.ts,agent-json,generated machine-readable record,3,schema-and-sample QA,,engine data,engine,active world files
/items/2762/,src/pages/items/[vnum].astro,items,generated world-file record,3,template-and-sample QA,,engine data,engine,active world files
/items/2763.json,src/pages/items/[vnum].json.ts,agent-json,generated machine-readable record,3,schema-and-sample QA,,engine data,engine,active world files
/items/2763/,src/pages/items/[vnum].astro,items,generated world-file record,3,template-and-sample QA,,engine data,engine,active world files
/items/2764.json,src/pages/items/[vnum].json.ts,agent-json,generated machine-readable record,3,schema-and-sample QA,,engine data,engine,active world files
/items/2764/,src/pages/items/[vnum].astro,items,generated world-file record,3,template-and-sample QA,,engine data,engine,active world files
/items/2765.json,src/pages/items/[vnum].json.ts,agent-json,generated machine-readable record,3,schema-and-sample QA,,engine data,engine,active world files
/items/2765/,src/pages/items/[vnum].astro,items,generated world-file record,3,template-and-sample QA,,engine data,engine,active world files
/items/2766.json,src/pages/items/[vnum].json.ts,agent-json,generated machine-readable record,3,schema-and-sample QA,,engine data,engine,active world files
/items/2766/,src/pages/items/[vnum].astro,items,generated world-file record,3,template-and-sample QA,,engine data,engine,active world files
/items/2767.json,src/pages/items/[vnum].json.ts,agent-json,generated machine-readable record,3,schema-and-sample QA,,engine data,engine,active world files
/items/2767/,src/pages/items/[vnum].astro,items,generated world-file record,3,template-and-sample QA,,engine data,engine,active world files
/items/2768.json,src/pages/items/[vnum].json.ts,agent-json,generated machine-readable record,3,schema-and-sample QA,,engine data,engine,active world files
/items/2768/,src/pages/items/[vnum].astro,items,generated world-file record,3,template-and-sample QA,,engine data,engine,active world files
/items/2769.json,src/pages/items/[vnum].json.ts,agent-json,generated machine-readable record,3,schema-and-sample QA,,engine data,engine,active world files
/items/2769/,src/pages/items/[vnum].astro,items,generated world-file record,3,template-and-sample QA,,engine data,engine,active world files
/items/2770.json,src/pages/items/[vnum].json.ts,agent-json,generated machine-readable record,3,schema-and-sample QA,,engine data,engine,active world files
/items/2770/,src/pages/items/[vnum].astro,items,generated world-file record,3,template-and-sample QA,,engine data,engine,active world files
/items/2771.json,src/pages/items/[vnum].json.ts,agent-json,generated machine-readable record,3,schema-and-sample QA,,engine data,engine,active world files
/items/2771/,src/pages/items/[vnum].astro,items,generated world-file record,3,template-and-sample QA,,engine data,engine,active world files
/items/2772.json,src/pages/items/[vnum].json.ts,agent-json,generated machine-readable record,3,schema-and-sample QA,,engine data,engine,active world files
/items/2772/,src/pages/items/[vnum].astro,items,generated world-file record,3,template-and-sample QA,,engine data,engine,active world files
/items/2773.json,src/pages/items/[vnum].json.ts,agent-json,generated machine-readable record,3,schema-and-sample QA,,engine data,engine,active world files
/items/2773/,src/pages/items/[vnum].astro,items,generated world-file record,3,template-and-sample QA,,engine data,engine,active world files
/items/2774.json,src/pages/items/[vnum].json.ts,agent-json,generated machine-readable record,3,schema-and-sample QA,,engine data,engine,active world files
/items/2774/,src/pages/items/[vnum].astro,items,generated world-file record,3,template-and-sample QA,,engine data,engine,active world files
/items/2790.json,src/pages/items/[vnum].json.ts,agent-json,generated machine-readable record,3,schema-and-sample QA,,engine data,engine,active world files
/items/2790/,src/pages/items/[vnum].astro,items,generated world-file record,3,template-and-sample QA,,engine data,engine,active world files
/items/28.json,src/pages/items/[vnum].json.ts,agent-json,generated machine-readable record,3,schema-and-sample QA,,engine data,engine,active world files
/items/28/,src/pages/items/[vnum].astro,items,generated world-file record,3,template-and-sample QA,,engine data,engine,active world files
/items/2807.json,src/pages/items/[vnum].json.ts,agent-json,generated machine-readable record,3,schema-and-sample QA,,engine data,engine,active world files
/items/2807/,src/pages/items/[vnum].astro,items,generated world-file record,3,template-and-sample QA,,engine data,engine,active world files
/items/2810.json,src/pages/items/[vnum].json.ts,agent-json,generated machine-readable record,3,schema-and-sample QA,,engine data,engine,active world files
/items/2810/,src/pages/items/[vnum].astro,items,generated world-file record,3,template-and-sample QA,,engine data,engine,active world files
/items/2817.json,src/pages/items/[vnum].json.ts,agent-json,generated machine-readable record,3,schema-and-sample QA,,engine data,engine,active world files
/items/2817/,src/pages/items/[vnum].astro,items,generated world-file record,3,template-and-sample QA,,engine data,engine,active world files
/items/2828.json,src/pages/items/[vnum].json.ts,agent-json,generated machine-readable record,3,schema-and-sample QA,,engine data,engine,active world files
/items/2828/,src/pages/items/[vnum].astro,items,generated world-file record,3,template-and-sample QA,,engine data,engine,active world files
/items/2891.json,src/pages/items/[vnum].json.ts,agent-json,generated machine-readable record,3,schema-and-sample QA,,engine data,engine,active world files
/items/2891/,src/pages/items/[vnum].astro,items,generated world-file record,3,template-and-sample QA,,engine data,engine,active world files
/items/2892.json,src/pages/items/[vnum].json.ts,agent-json,generated machine-readable record,3,schema-and-sample QA,,engine data,engine,active world files
/items/2892/,src/pages/items/[vnum].astro,items,generated world-file record,3,template-and-sample QA,,engine data,engine,active world files
/items/29.json,src/pages/items/[vnum].json.ts,agent-json,generated machine-readable record,3,schema-and-sample QA,,engine data,engine,active world files
/items/29/,src/pages/items/[vnum].astro,items,generated world-file record,3,template-and-sample QA,,engine data,engine,active world files
/items/2905.json,src/pages/items/[vnum].json.ts,agent-json,generated machine-readable record,3,schema-and-sample QA,,engine data,engine,active world files
/items/2905/,src/pages/items/[vnum].astro,items,generated world-file record,3,template-and-sample QA,,engine data,engine,active world files
/items/2926.json,src/pages/items/[vnum].json.ts,agent-json,generated machine-readable record,3,schema-and-sample QA,,engine data,engine,active world files
/items/2926/,src/pages/items/[vnum].astro,items,generated world-file record,3,template-and-sample QA,,engine data,engine,active world files
/items/2927.json,src/pages/items/[vnum].json.ts,agent-json,generated machine-readable record,3,schema-and-sample QA,,engine data,engine,active world files
/items/2927/,src/pages/items/[vnum].astro,items,generated world-file record,3,template-and-sample QA,,engine data,engine,active world files
/items/2930.json,src/pages/items/[vnum].json.ts,agent-json,generated machine-readable record,3,schema-and-sample QA,,engine data,engine,active world files
/items/2930/,src/pages/items/[vnum].astro,items,generated world-file record,3,template-and-sample QA,,engine data,engine,active world files
/items/2950.json,src/pages/items/[vnum].json.ts,agent-json,generated machine-readable record,3,schema-and-sample QA,,engine data,engine,active world files
/items/2950/,src/pages/items/[vnum].astro,items,generated world-file record,3,template-and-sample QA,,engine data,engine,active world files
/items/2967.json,src/pages/items/[vnum].json.ts,agent-json,generated machine-readable record,3,schema-and-sample QA,,engine data,engine,active world files
/items/2967/,src/pages/items/[vnum].astro,items,generated world-file record,3,template-and-sample QA,,engine data,engine,active world files
/items/2971.json,src/pages/items/[vnum].json.ts,agent-json,generated machine-readable record,3,schema-and-sample QA,,engine data,engine,active world files
/items/2971/,src/pages/items/[vnum].astro,items,generated world-file record,3,template-and-sample QA,,engine data,engine,active world files
/items/3.json,src/pages/items/[vnum].json.ts,agent-json,generated machine-readable record,3,schema-and-sample QA,,engine data,engine,active world files
/items/3/,src/pages/items/[vnum].astro,items,generated world-file record,3,template-and-sample QA,,engine data,engine,active world files
/items/30.json,src/pages/items/[vnum].json.ts,agent-json,generated machine-readable record,3,schema-and-sample QA,,engine data,engine,active world files
/items/30/,src/pages/items/[vnum].astro,items,generated world-file record,3,template-and-sample QA,,engine data,engine,active world files
/items/30101.json,src/pages/items/[vnum].json.ts,agent-json,generated machine-readable record,3,schema-and-sample QA,,engine data,engine,active world files
/items/30101/,src/pages/items/[vnum].astro,items,generated world-file record,3,template-and-sample QA,,engine data,engine,active world files
/items/30102.json,src/pages/items/[vnum].json.ts,agent-json,generated machine-readable record,3,schema-and-sample QA,,engine data,engine,active world files
/items/30102/,src/pages/items/[vnum].astro,items,generated world-file record,3,template-and-sample QA,,engine data,engine,active world files
/items/30103.json,src/pages/items/[vnum].json.ts,agent-json,generated machine-readable record,3,schema-and-sample QA,,engine data,engine,active world files
/items/30103/,src/pages/items/[vnum].astro,items,generated world-file record,3,template-and-sample QA,,engine data,engine,active world files
/items/30104.json,src/pages/items/[vnum].json.ts,agent-json,generated machine-readable record,3,schema-and-sample QA,,engine data,engine,active world files
/items/30104/,src/pages/items/[vnum].astro,items,generated world-file record,3,template-and-sample QA,,engine data,engine,active world files
/items/30105.json,src/pages/items/[vnum].json.ts,agent-json,generated machine-readable record,3,schema-and-sample QA,,engine data,engine,active world files
/items/30105/,src/pages/items/[vnum].astro,items,generated world-file record,3,template-and-sample QA,,engine data,engine,active world files
/items/30107.json,src/pages/items/[vnum].json.ts,agent-json,generated machine-readable record,3,schema-and-sample QA,,engine data,engine,active world files
/items/30107/,src/pages/items/[vnum].astro,items,generated world-file record,3,template-and-sample QA,,engine data,engine,active world files
/items/30108.json,src/pages/items/[vnum].json.ts,agent-json,generated machine-readable record,3,schema-and-sample QA,,engine data,engine,active world files
/items/30108/,src/pages/items/[vnum].astro,items,generated world-file record,3,template-and-sample QA,,engine data,engine,active world files
/items/30109.json,src/pages/items/[vnum].json.ts,agent-json,generated machine-readable record,3,schema-and-sample QA,,engine data,engine,active world files
/items/30109/,src/pages/items/[vnum].astro,items,generated world-file record,3,template-and-sample QA,,engine data,engine,active world files
/items/30110.json,src/pages/items/[vnum].json.ts,agent-json,generated machine-readable record,3,schema-and-sample QA,,engine data,engine,active world files
/items/30110/,src/pages/items/[vnum].astro,items,generated world-file record,3,template-and-sample QA,,engine data,engine,active world files
/items/30111.json,src/pages/items/[vnum].json.ts,agent-json,generated machine-readable record,3,schema-and-sample QA,,engine data,engine,active world files
/items/30111/,src/pages/items/[vnum].astro,items,generated world-file record,3,template-and-sample QA,,engine data,engine,active world files
/items/30112.json,src/pages/items/[vnum].json.ts,agent-json,generated machine-readable record,3,schema-and-sample QA,,engine data,engine,active world files
/items/30112/,src/pages/items/[vnum].astro,items,generated world-file record,3,template-and-sample QA,,engine data,engine,active world files
/items/30113.json,src/pages/items/[vnum].json.ts,agent-json,generated machine-readable record,3,schema-and-sample QA,,engine data,engine,active world files
/items/30113/,src/pages/items/[vnum].astro,items,generated world-file record,3,template-and-sample QA,,engine data,engine,active world files
/items/30114.json,src/pages/items/[vnum].json.ts,agent-json,generated machine-readable record,3,schema-and-sample QA,,engine data,engine,active world files
/items/30114/,src/pages/items/[vnum].astro,items,generated world-file record,3,template-and-sample QA,,engine data,engine,active world files
/items/30300.json,src/pages/items/[vnum].json.ts,agent-json,generated machine-readable record,3,schema-and-sample QA,,engine data,engine,active world files
/items/30300/,src/pages/items/[vnum].astro,items,generated world-file record,3,template-and-sample QA,,engine data,engine,active world files
/items/30301.json,src/pages/items/[vnum].json.ts,agent-json,generated machine-readable record,3,schema-and-sample QA,,engine data,engine,active world files
/items/30301/,src/pages/items/[vnum].astro,items,generated world-file record,3,template-and-sample QA,,engine data,engine,active world files
/items/30302.json,src/pages/items/[vnum].json.ts,agent-json,generated machine-readable record,3,schema-and-sample QA,,engine data,engine,active world files
/items/30302/,src/pages/items/[vnum].astro,items,generated world-file record,3,template-and-sample QA,,engine data,engine,active world files
/items/30303.json,src/pages/items/[vnum].json.ts,agent-json,generated machine-readable record,3,schema-and-sample QA,,engine data,engine,active world files
/items/30303/,src/pages/items/[vnum].astro,items,generated world-file record,3,template-and-sample QA,,engine data,engine,active world files
/items/30304.json,src/pages/items/[vnum].json.ts,agent-json,generated machine-readable record,3,schema-and-sample QA,,engine data,engine,active world files
/items/30304/,src/pages/items/[vnum].astro,items,generated world-file record,3,template-and-sample QA,,engine data,engine,active world files
/items/30305.json,src/pages/items/[vnum].json.ts,agent-json,generated machine-readable record,3,schema-and-sample QA,,engine data,engine,active world files
/items/30305/,src/pages/items/[vnum].astro,items,generated world-file record,3,template-and-sample QA,,engine data,engine,active world files
/items/30306.json,src/pages/items/[vnum].json.ts,agent-json,generated machine-readable record,3,schema-and-sample QA,,engine data,engine,active world files
/items/30306/,src/pages/items/[vnum].astro,items,generated world-file record,3,template-and-sample QA,,engine data,engine,active world files
/items/30307.json,src/pages/items/[vnum].json.ts,agent-json,generated machine-readable record,3,schema-and-sample QA,,engine data,engine,active world files
/items/30307/,src/pages/items/[vnum].astro,items,generated world-file record,3,template-and-sample QA,,engine data,engine,active world files
/items/30308.json,src/pages/items/[vnum].json.ts,agent-json,generated machine-readable record,3,schema-and-sample QA,,engine data,engine,active world files
/items/30308/,src/pages/items/[vnum].astro,items,generated world-file record,3,template-and-sample QA,,engine data,engine,active world files
/items/30309.json,src/pages/items/[vnum].json.ts,agent-json,generated machine-readable record,3,schema-and-sample QA,,engine data,engine,active world files
/items/30309/,src/pages/items/[vnum].astro,items,generated world-file record,3,template-and-sample QA,,engine data,engine,active world files
/items/30310.json,src/pages/items/[vnum].json.ts,agent-json,generated machine-readable record,3,schema-and-sample QA,,engine data,engine,active world files
/items/30310/,src/pages/items/[vnum].astro,items,generated world-file record,3,template-and-sample QA,,engine data,engine,active world files
/items/30311.json,src/pages/items/[vnum].json.ts,agent-json,generated machine-readable record,3,schema-and-sample QA,,engine data,engine,active world files
/items/30311/,src/pages/items/[vnum].astro,items,generated world-file record,3,template-and-sample QA,,engine data,engine,active world files
/items/30312.json,src/pages/items/[vnum].json.ts,agent-json,generated machine-readable record,3,schema-and-sample QA,,engine data,engine,active world files
/items/30312/,src/pages/items/[vnum].astro,items,generated world-file record,3,template-and-sample QA,,engine data,engine,active world files
/items/30313.json,src/pages/items/[vnum].json.ts,agent-json,generated machine-readable record,3,schema-and-sample QA,,engine data,engine,active world files
/items/30313/,src/pages/items/[vnum].astro,items,generated world-file record,3,template-and-sample QA,,engine data,engine,active world files
/items/30314.json,src/pages/items/[vnum].json.ts,agent-json,generated machine-readable record,3,schema-and-sample QA,,engine data,engine,active world files
/items/30314/,src/pages/items/[vnum].astro,items,generated world-file record,3,template-and-sample QA,,engine data,engine,active world files
/items/30315.json,src/pages/items/[vnum].json.ts,agent-json,generated machine-readable record,3,schema-and-sample QA,,engine data,engine,active world files
/items/30315/,src/pages/items/[vnum].astro,items,generated world-file record,3,template-and-sample QA,,engine data,engine,active world files
/items/30316.json,src/pages/items/[vnum].json.ts,agent-json,generated machine-readable record,3,schema-and-sample QA,,engine data,engine,active world files
/items/30316/,src/pages/items/[vnum].astro,items,generated world-file record,3,template-and-sample QA,,engine data,engine,active world files
/items/30317.json,src/pages/items/[vnum].json.ts,agent-json,generated machine-readable record,3,schema-and-sample QA,,engine data,engine,active world files
/items/30317/,src/pages/items/[vnum].astro,items,generated world-file record,3,template-and-sample QA,,engine data,engine,active world files
/items/30318.json,src/pages/items/[vnum].json.ts,agent-json,generated machine-readable record,3,schema-and-sample QA,,engine data,engine,active world files
/items/30318/,src/pages/items/[vnum].astro,items,generated world-file record,3,template-and-sample QA,,engine data,engine,active world files
/items/30319.json,src/pages/items/[vnum].json.ts,agent-json,generated machine-readable record,3,schema-and-sample QA,,engine data,engine,active world files
/items/30319/,src/pages/items/[vnum].astro,items,generated world-file record,3,template-and-sample QA,,engine data,engine,active world files
/items/31.json,src/pages/items/[vnum].json.ts,agent-json,generated machine-readable record,3,schema-and-sample QA,,engine data,engine,active world files
/items/31/,src/pages/items/[vnum].astro,items,generated world-file record,3,template-and-sample QA,,engine data,engine,active world files
/items/3100.json,src/pages/items/[vnum].json.ts,agent-json,generated machine-readable record,3,schema-and-sample QA,,engine data,engine,active world files
/items/3100/,src/pages/items/[vnum].astro,items,generated world-file record,3,template-and-sample QA,,engine data,engine,active world files
/items/3101.json,src/pages/items/[vnum].json.ts,agent-json,generated machine-readable record,3,schema-and-sample QA,,engine data,engine,active world files
/items/3101/,src/pages/items/[vnum].astro,items,generated world-file record,3,template-and-sample QA,,engine data,engine,active world files
/items/3102.json,src/pages/items/[vnum].json.ts,agent-json,generated machine-readable record,3,schema-and-sample QA,,engine data,engine,active world files
/items/3102/,src/pages/items/[vnum].astro,items,generated world-file record,3,template-and-sample QA,,engine data,engine,active world files
/items/3103.json,src/pages/items/[vnum].json.ts,agent-json,generated machine-readable record,3,schema-and-sample QA,,engine data,engine,active world files
/items/3103/,src/pages/items/[vnum].astro,items,generated world-file record,3,template-and-sample QA,,engine data,engine,active world files
/items/3104.json,src/pages/items/[vnum].json.ts,agent-json,generated machine-readable record,3,schema-and-sample QA,,engine data,engine,active world files
/items/3104/,src/pages/items/[vnum].astro,items,generated world-file record,3,template-and-sample QA,,engine data,engine,active world files
/items/3105.json,src/pages/items/[vnum].json.ts,agent-json,generated machine-readable record,3,schema-and-sample QA,,engine data,engine,active world files
/items/3105/,src/pages/items/[vnum].astro,items,generated world-file record,3,template-and-sample QA,,engine data,engine,active world files
/items/3106.json,src/pages/items/[vnum].json.ts,agent-json,generated machine-readable record,3,schema-and-sample QA,,engine data,engine,active world files
/items/3106/,src/pages/items/[vnum].astro,items,generated world-file record,3,template-and-sample QA,,engine data,engine,active world files
/items/3107.json,src/pages/items/[vnum].json.ts,agent-json,generated machine-readable record,3,schema-and-sample QA,,engine data,engine,active world files
/items/3107/,src/pages/items/[vnum].astro,items,generated world-file record,3,template-and-sample QA,,engine data,engine,active world files
/items/3108.json,src/pages/items/[vnum].json.ts,agent-json,generated machine-readable record,3,schema-and-sample QA,,engine data,engine,active world files
/items/3108/,src/pages/items/[vnum].astro,items,generated world-file record,3,template-and-sample QA,,engine data,engine,active world files
/items/3109.json,src/pages/items/[vnum].json.ts,agent-json,generated machine-readable record,3,schema-and-sample QA,,engine data,engine,active world files
/items/3109/,src/pages/items/[vnum].astro,items,generated world-file record,3,template-and-sample QA,,engine data,engine,active world files
/items/3110.json,src/pages/items/[vnum].json.ts,agent-json,generated machine-readable record,3,schema-and-sample QA,,engine data,engine,active world files
/items/3110/,src/pages/items/[vnum].astro,items,generated world-file record,3,template-and-sample QA,,engine data,engine,active world files
/items/3111.json,src/pages/items/[vnum].json.ts,agent-json,generated machine-readable record,3,schema-and-sample QA,,engine data,engine,active world files
/items/3111/,src/pages/items/[vnum].astro,items,generated world-file record,3,template-and-sample QA,,engine data,engine,active world files
/items/3112.json,src/pages/items/[vnum].json.ts,agent-json,generated machine-readable record,3,schema-and-sample QA,,engine data,engine,active world files
/items/3112/,src/pages/items/[vnum].astro,items,generated world-file record,3,template-and-sample QA,,engine data,engine,active world files
/items/3113.json,src/pages/items/[vnum].json.ts,agent-json,generated machine-readable record,3,schema-and-sample QA,,engine data,engine,active world files
/items/3113/,src/pages/items/[vnum].astro,items,generated world-file record,3,template-and-sample QA,,engine data,engine,active world files
/items/3116.json,src/pages/items/[vnum].json.ts,agent-json,generated machine-readable record,3,schema-and-sample QA,,engine data,engine,active world files
/items/3116/,src/pages/items/[vnum].astro,items,generated world-file record,3,template-and-sample QA,,engine data,engine,active world files
/items/3117.json,src/pages/items/[vnum].json.ts,agent-json,generated machine-readable record,3,schema-and-sample QA,,engine data,engine,active world files
/items/3117/,src/pages/items/[vnum].astro,items,generated world-file record,3,template-and-sample QA,,engine data,engine,active world files
/items/3118.json,src/pages/items/[vnum].json.ts,agent-json,generated machine-readable record,3,schema-and-sample QA,,engine data,engine,active world files
/items/3118/,src/pages/items/[vnum].astro,items,generated world-file record,3,template-and-sample QA,,engine data,engine,active world files
/items/3119.json,src/pages/items/[vnum].json.ts,agent-json,generated machine-readable record,3,schema-and-sample QA,,engine data,engine,active world files
/items/3119/,src/pages/items/[vnum].astro,items,generated world-file record,3,template-and-sample QA,,engine data,engine,active world files
/items/3120.json,src/pages/items/[vnum].json.ts,agent-json,generated machine-readable record,3,schema-and-sample QA,,engine data,engine,active world files
/items/3120/,src/pages/items/[vnum].astro,items,generated world-file record,3,template-and-sample QA,,engine data,engine,active world files
/items/3121.json,src/pages/items/[vnum].json.ts,agent-json,generated machine-readable record,3,schema-and-sample QA,,engine data,engine,active world files
/items/3121/,src/pages/items/[vnum].astro,items,generated world-file record,3,template-and-sample QA,,engine data,engine,active world files
/items/3122.json,src/pages/items/[vnum].json.ts,agent-json,generated machine-readable record,3,schema-and-sample QA,,engine data,engine,active world files
/items/3122/,src/pages/items/[vnum].astro,items,generated world-file record,3,template-and-sample QA,,engine data,engine,active world files
/items/3123.json,src/pages/items/[vnum].json.ts,agent-json,generated machine-readable record,3,schema-and-sample QA,,engine data,engine,active world files
/items/3123/,src/pages/items/[vnum].astro,items,generated world-file record,3,template-and-sample QA,,engine data,engine,active world files
/items/3124.json,src/pages/items/[vnum].json.ts,agent-json,generated machine-readable record,3,schema-and-sample QA,,engine data,engine,active world files
/items/3124/,src/pages/items/[vnum].astro,items,generated world-file record,3,template-and-sample QA,,engine data,engine,active world files
/items/3126.json,src/pages/items/[vnum].json.ts,agent-json,generated machine-readable record,3,schema-and-sample QA,,engine data,engine,active world files
/items/3126/,src/pages/items/[vnum].astro,items,generated world-file record,3,template-and-sample QA,,engine data,engine,active world files
/items/3127.json,src/pages/items/[vnum].json.ts,agent-json,generated machine-readable record,3,schema-and-sample QA,,engine data,engine,active world files
/items/3127/,src/pages/items/[vnum].astro,items,generated world-file record,3,template-and-sample QA,,engine data,engine,active world files
/items/3128.json,src/pages/items/[vnum].json.ts,agent-json,generated machine-readable record,3,schema-and-sample QA,,engine data,engine,active world files
/items/3128/,src/pages/items/[vnum].astro,items,generated world-file record,3,template-and-sample QA,,engine data,engine,active world files
/items/3129.json,src/pages/items/[vnum].json.ts,agent-json,generated machine-readable record,3,schema-and-sample QA,,engine data,engine,active world files
/items/3129/,src/pages/items/[vnum].astro,items,generated world-file record,3,template-and-sample QA,,engine data,engine,active world files
/items/3137.json,src/pages/items/[vnum].json.ts,agent-json,generated machine-readable record,3,schema-and-sample QA,,engine data,engine,active world files
/items/3137/,src/pages/items/[vnum].astro,items,generated world-file record,3,template-and-sample QA,,engine data,engine,active world files
/items/3143.json,src/pages/items/[vnum].json.ts,agent-json,generated machine-readable record,3,schema-and-sample QA,,engine data,engine,active world files
/items/3143/,src/pages/items/[vnum].astro,items,generated world-file record,3,template-and-sample QA,,engine data,engine,active world files
/items/3144.json,src/pages/items/[vnum].json.ts,agent-json,generated machine-readable record,3,schema-and-sample QA,,engine data,engine,active world files
/items/3144/,src/pages/items/[vnum].astro,items,generated world-file record,3,template-and-sample QA,,engine data,engine,active world files
/items/3146.json,src/pages/items/[vnum].json.ts,agent-json,generated machine-readable record,3,schema-and-sample QA,,engine data,engine,active world files
/items/3146/,src/pages/items/[vnum].astro,items,generated world-file record,3,template-and-sample QA,,engine data,engine,active world files
/items/3150.json,src/pages/items/[vnum].json.ts,agent-json,generated machine-readable record,3,schema-and-sample QA,,engine data,engine,active world files
/items/3150/,src/pages/items/[vnum].astro,items,generated world-file record,3,template-and-sample QA,,engine data,engine,active world files
/items/3151.json,src/pages/items/[vnum].json.ts,agent-json,generated machine-readable record,3,schema-and-sample QA,,engine data,engine,active world files
/items/3151/,src/pages/items/[vnum].astro,items,generated world-file record,3,template-and-sample QA,,engine data,engine,active world files
/items/33.json,src/pages/items/[vnum].json.ts,agent-json,generated machine-readable record,3,schema-and-sample QA,,engine data,engine,active world files
/items/33/,src/pages/items/[vnum].astro,items,generated world-file record,3,template-and-sample QA,,engine data,engine,active world files
/items/3500.json,src/pages/items/[vnum].json.ts,agent-json,generated machine-readable record,3,schema-and-sample QA,,engine data,engine,active world files
/items/3500/,src/pages/items/[vnum].astro,items,generated world-file record,3,template-and-sample QA,,engine data,engine,active world files
/items/3501.json,src/pages/items/[vnum].json.ts,agent-json,generated machine-readable record,3,schema-and-sample QA,,engine data,engine,active world files
/items/3501/,src/pages/items/[vnum].astro,items,generated world-file record,3,template-and-sample QA,,engine data,engine,active world files
/items/3502.json,src/pages/items/[vnum].json.ts,agent-json,generated machine-readable record,3,schema-and-sample QA,,engine data,engine,active world files
/items/3502/,src/pages/items/[vnum].astro,items,generated world-file record,3,template-and-sample QA,,engine data,engine,active world files
/items/3503.json,src/pages/items/[vnum].json.ts,agent-json,generated machine-readable record,3,schema-and-sample QA,,engine data,engine,active world files
/items/3503/,src/pages/items/[vnum].astro,items,generated world-file record,3,template-and-sample QA,,engine data,engine,active world files
/items/3504.json,src/pages/items/[vnum].json.ts,agent-json,generated machine-readable record,3,schema-and-sample QA,,engine data,engine,active world files
/items/3504/,src/pages/items/[vnum].astro,items,generated world-file record,3,template-and-sample QA,,engine data,engine,active world files
/items/3505.json,src/pages/items/[vnum].json.ts,agent-json,generated machine-readable record,3,schema-and-sample QA,,engine data,engine,active world files
/items/3505/,src/pages/items/[vnum].astro,items,generated world-file record,3,template-and-sample QA,,engine data,engine,active world files
/items/3506.json,src/pages/items/[vnum].json.ts,agent-json,generated machine-readable record,3,schema-and-sample QA,,engine data,engine,active world files
/items/3506/,src/pages/items/[vnum].astro,items,generated world-file record,3,template-and-sample QA,,engine data,engine,active world files
/items/3507.json,src/pages/items/[vnum].json.ts,agent-json,generated machine-readable record,3,schema-and-sample QA,,engine data,engine,active world files
/items/3507/,src/pages/items/[vnum].astro,items,generated world-file record,3,template-and-sample QA,,engine data,engine,active world files
/items/3508.json,src/pages/items/[vnum].json.ts,agent-json,generated machine-readable record,3,schema-and-sample QA,,engine data,engine,active world files
/items/3508/,src/pages/items/[vnum].astro,items,generated world-file record,3,template-and-sample QA,,engine data,engine,active world files
/items/3509.json,src/pages/items/[vnum].json.ts,agent-json,generated machine-readable record,3,schema-and-sample QA,,engine data,engine,active world files
/items/3509/,src/pages/items/[vnum].astro,items,generated world-file record,3,template-and-sample QA,,engine data,engine,active world files
/items/3510.json,src/pages/items/[vnum].json.ts,agent-json,generated machine-readable record,3,schema-and-sample QA,,engine data,engine,active world files
/items/3510/,src/pages/items/[vnum].astro,items,generated world-file record,3,template-and-sample QA,,engine data,engine,active world files
/items/3511.json,src/pages/items/[vnum].json.ts,agent-json,generated machine-readable record,3,schema-and-sample QA,,engine data,engine,active world files
/items/3511/,src/pages/items/[vnum].astro,items,generated world-file record,3,template-and-sample QA,,engine data,engine,active world files
/items/3512.json,src/pages/items/[vnum].json.ts,agent-json,generated machine-readable record,3,schema-and-sample QA,,engine data,engine,active world files
/items/3512/,src/pages/items/[vnum].astro,items,generated world-file record,3,template-and-sample QA,,engine data,engine,active world files
/items/3513.json,src/pages/items/[vnum].json.ts,agent-json,generated machine-readable record,3,schema-and-sample QA,,engine data,engine,active world files
/items/3513/,src/pages/items/[vnum].astro,items,generated world-file record,3,template-and-sample QA,,engine data,engine,active world files
/items/3514.json,src/pages/items/[vnum].json.ts,agent-json,generated machine-readable record,3,schema-and-sample QA,,engine data,engine,active world files
/items/3514/,src/pages/items/[vnum].astro,items,generated world-file record,3,template-and-sample QA,,engine data,engine,active world files
/items/3515.json,src/pages/items/[vnum].json.ts,agent-json,generated machine-readable record,3,schema-and-sample QA,,engine data,engine,active world files
/items/3515/,src/pages/items/[vnum].astro,items,generated world-file record,3,template-and-sample QA,,engine data,engine,active world files
/items/3516.json,src/pages/items/[vnum].json.ts,agent-json,generated machine-readable record,3,schema-and-sample QA,,engine data,engine,active world files
/items/3516/,src/pages/items/[vnum].astro,items,generated world-file record,3,template-and-sample QA,,engine data,engine,active world files
/items/40.json,src/pages/items/[vnum].json.ts,agent-json,generated machine-readable record,3,schema-and-sample QA,,engine data,engine,active world files
/items/40/,src/pages/items/[vnum].astro,items,generated world-file record,3,template-and-sample QA,,engine data,engine,active world files
/items/4001.json,src/pages/items/[vnum].json.ts,agent-json,generated machine-readable record,3,schema-and-sample QA,,engine data,engine,active world files
/items/4001/,src/pages/items/[vnum].astro,items,generated world-file record,3,template-and-sample QA,,engine data,engine,active world files
/items/4002.json,src/pages/items/[vnum].json.ts,agent-json,generated machine-readable record,3,schema-and-sample QA,,engine data,engine,active world files
/items/4002/,src/pages/items/[vnum].astro,items,generated world-file record,3,template-and-sample QA,,engine data,engine,active world files
/items/4101.json,src/pages/items/[vnum].json.ts,agent-json,generated machine-readable record,3,schema-and-sample QA,,engine data,engine,active world files
/items/4101/,src/pages/items/[vnum].astro,items,generated world-file record,3,template-and-sample QA,,engine data,engine,active world files
/items/4102.json,src/pages/items/[vnum].json.ts,agent-json,generated machine-readable record,3,schema-and-sample QA,,engine data,engine,active world files
/items/4102/,src/pages/items/[vnum].astro,items,generated world-file record,3,template-and-sample QA,,engine data,engine,active world files
/items/4103.json,src/pages/items/[vnum].json.ts,agent-json,generated machine-readable record,3,schema-and-sample QA,,engine data,engine,active world files
/items/4103/,src/pages/items/[vnum].astro,items,generated world-file record,3,template-and-sample QA,,engine data,engine,active world files
/items/4104.json,src/pages/items/[vnum].json.ts,agent-json,generated machine-readable record,3,schema-and-sample QA,,engine data,engine,active world files
/items/4104/,src/pages/items/[vnum].astro,items,generated world-file record,3,template-and-sample QA,,engine data,engine,active world files
/items/4105.json,src/pages/items/[vnum].json.ts,agent-json,generated machine-readable record,3,schema-and-sample QA,,engine data,engine,active world files
/items/4105/,src/pages/items/[vnum].astro,items,generated world-file record,3,template-and-sample QA,,engine data,engine,active world files
/items/4106.json,src/pages/items/[vnum].json.ts,agent-json,generated machine-readable record,3,schema-and-sample QA,,engine data,engine,active world files
/items/4106/,src/pages/items/[vnum].astro,items,generated world-file record,3,template-and-sample QA,,engine data,engine,active world files
/items/4107.json,src/pages/items/[vnum].json.ts,agent-json,generated machine-readable record,3,schema-and-sample QA,,engine data,engine,active world files
/items/4107/,src/pages/items/[vnum].astro,items,generated world-file record,3,template-and-sample QA,,engine data,engine,active world files
/items/4108.json,src/pages/items/[vnum].json.ts,agent-json,generated machine-readable record,3,schema-and-sample QA,,engine data,engine,active world files
/items/4108/,src/pages/items/[vnum].astro,items,generated world-file record,3,template-and-sample QA,,engine data,engine,active world files
/items/4109.json,src/pages/items/[vnum].json.ts,agent-json,generated machine-readable record,3,schema-and-sample QA,,engine data,engine,active world files
/items/4109/,src/pages/items/[vnum].astro,items,generated world-file record,3,template-and-sample QA,,engine data,engine,active world files
/items/4110.json,src/pages/items/[vnum].json.ts,agent-json,generated machine-readable record,3,schema-and-sample QA,,engine data,engine,active world files
/items/4110/,src/pages/items/[vnum].astro,items,generated world-file record,3,template-and-sample QA,,engine data,engine,active world files
/items/4111.json,src/pages/items/[vnum].json.ts,agent-json,generated machine-readable record,3,schema-and-sample QA,,engine data,engine,active world files
/items/4111/,src/pages/items/[vnum].astro,items,generated world-file record,3,template-and-sample QA,,engine data,engine,active world files
/items/4112.json,src/pages/items/[vnum].json.ts,agent-json,generated machine-readable record,3,schema-and-sample QA,,engine data,engine,active world files
/items/4112/,src/pages/items/[vnum].astro,items,generated world-file record,3,template-and-sample QA,,engine data,engine,active world files
/items/4113.json,src/pages/items/[vnum].json.ts,agent-json,generated machine-readable record,3,schema-and-sample QA,,engine data,engine,active world files
/items/4113/,src/pages/items/[vnum].astro,items,generated world-file record,3,template-and-sample QA,,engine data,engine,active world files
/items/4201.json,src/pages/items/[vnum].json.ts,agent-json,generated machine-readable record,3,schema-and-sample QA,,engine data,engine,active world files
/items/4201/,src/pages/items/[vnum].astro,items,generated world-file record,3,template-and-sample QA,,engine data,engine,active world files
/items/4202.json,src/pages/items/[vnum].json.ts,agent-json,generated machine-readable record,3,schema-and-sample QA,,engine data,engine,active world files
/items/4202/,src/pages/items/[vnum].astro,items,generated world-file record,3,template-and-sample QA,,engine data,engine,active world files
/items/4203.json,src/pages/items/[vnum].json.ts,agent-json,generated machine-readable record,3,schema-and-sample QA,,engine data,engine,active world files
/items/4203/,src/pages/items/[vnum].astro,items,generated world-file record,3,template-and-sample QA,,engine data,engine,active world files
/items/4204.json,src/pages/items/[vnum].json.ts,agent-json,generated machine-readable record,3,schema-and-sample QA,,engine data,engine,active world files
/items/4204/,src/pages/items/[vnum].astro,items,generated world-file record,3,template-and-sample QA,,engine data,engine,active world files
/items/4205.json,src/pages/items/[vnum].json.ts,agent-json,generated machine-readable record,3,schema-and-sample QA,,engine data,engine,active world files
/items/4205/,src/pages/items/[vnum].astro,items,generated world-file record,3,template-and-sample QA,,engine data,engine,active world files
/items/4206.json,src/pages/items/[vnum].json.ts,agent-json,generated machine-readable record,3,schema-and-sample QA,,engine data,engine,active world files
/items/4206/,src/pages/items/[vnum].astro,items,generated world-file record,3,template-and-sample QA,,engine data,engine,active world files
/items/4207.json,src/pages/items/[vnum].json.ts,agent-json,generated machine-readable record,3,schema-and-sample QA,,engine data,engine,active world files
/items/4207/,src/pages/items/[vnum].astro,items,generated world-file record,3,template-and-sample QA,,engine data,engine,active world files
/items/4208.json,src/pages/items/[vnum].json.ts,agent-json,generated machine-readable record,3,schema-and-sample QA,,engine data,engine,active world files
/items/4208/,src/pages/items/[vnum].astro,items,generated world-file record,3,template-and-sample QA,,engine data,engine,active world files
/items/4209.json,src/pages/items/[vnum].json.ts,agent-json,generated machine-readable record,3,schema-and-sample QA,,engine data,engine,active world files
/items/4209/,src/pages/items/[vnum].astro,items,generated world-file record,3,template-and-sample QA,,engine data,engine,active world files
/items/4210.json,src/pages/items/[vnum].json.ts,agent-json,generated machine-readable record,3,schema-and-sample QA,,engine data,engine,active world files
/items/4210/,src/pages/items/[vnum].astro,items,generated world-file record,3,template-and-sample QA,,engine data,engine,active world files
/items/4211.json,src/pages/items/[vnum].json.ts,agent-json,generated machine-readable record,3,schema-and-sample QA,,engine data,engine,active world files
/items/4211/,src/pages/items/[vnum].astro,items,generated world-file record,3,template-and-sample QA,,engine data,engine,active world files
/items/4212.json,src/pages/items/[vnum].json.ts,agent-json,generated machine-readable record,3,schema-and-sample QA,,engine data,engine,active world files
/items/4212/,src/pages/items/[vnum].astro,items,generated world-file record,3,template-and-sample QA,,engine data,engine,active world files
/items/4213.json,src/pages/items/[vnum].json.ts,agent-json,generated machine-readable record,3,schema-and-sample QA,,engine data,engine,active world files
/items/4213/,src/pages/items/[vnum].astro,items,generated world-file record,3,template-and-sample QA,,engine data,engine,active world files
/items/4214.json,src/pages/items/[vnum].json.ts,agent-json,generated machine-readable record,3,schema-and-sample QA,,engine data,engine,active world files
/items/4214/,src/pages/items/[vnum].astro,items,generated world-file record,3,template-and-sample QA,,engine data,engine,active world files
/items/4220.json,src/pages/items/[vnum].json.ts,agent-json,generated machine-readable record,3,schema-and-sample QA,,engine data,engine,active world files
/items/4220/,src/pages/items/[vnum].astro,items,generated world-file record,3,template-and-sample QA,,engine data,engine,active world files
/items/4221.json,src/pages/items/[vnum].json.ts,agent-json,generated machine-readable record,3,schema-and-sample QA,,engine data,engine,active world files
/items/4221/,src/pages/items/[vnum].astro,items,generated world-file record,3,template-and-sample QA,,engine data,engine,active world files
/items/4290.json,src/pages/items/[vnum].json.ts,agent-json,generated machine-readable record,3,schema-and-sample QA,,engine data,engine,active world files
/items/4290/,src/pages/items/[vnum].astro,items,generated world-file record,3,template-and-sample QA,,engine data,engine,active world files
/items/4291.json,src/pages/items/[vnum].json.ts,agent-json,generated machine-readable record,3,schema-and-sample QA,,engine data,engine,active world files
/items/4291/,src/pages/items/[vnum].astro,items,generated world-file record,3,template-and-sample QA,,engine data,engine,active world files
/items/4292.json,src/pages/items/[vnum].json.ts,agent-json,generated machine-readable record,3,schema-and-sample QA,,engine data,engine,active world files
/items/4292/,src/pages/items/[vnum].astro,items,generated world-file record,3,template-and-sample QA,,engine data,engine,active world files
/items/4293.json,src/pages/items/[vnum].json.ts,agent-json,generated machine-readable record,3,schema-and-sample QA,,engine data,engine,active world files
/items/4293/,src/pages/items/[vnum].astro,items,generated world-file record,3,template-and-sample QA,,engine data,engine,active world files
/items/4301.json,src/pages/items/[vnum].json.ts,agent-json,generated machine-readable record,3,schema-and-sample QA,,engine data,engine,active world files
/items/4301/,src/pages/items/[vnum].astro,items,generated world-file record,3,template-and-sample QA,,engine data,engine,active world files
/items/4302.json,src/pages/items/[vnum].json.ts,agent-json,generated machine-readable record,3,schema-and-sample QA,,engine data,engine,active world files
/items/4302/,src/pages/items/[vnum].astro,items,generated world-file record,3,template-and-sample QA,,engine data,engine,active world files
/items/4303.json,src/pages/items/[vnum].json.ts,agent-json,generated machine-readable record,3,schema-and-sample QA,,engine data,engine,active world files
/items/4303/,src/pages/items/[vnum].astro,items,generated world-file record,3,template-and-sample QA,,engine data,engine,active world files
/items/4304.json,src/pages/items/[vnum].json.ts,agent-json,generated machine-readable record,3,schema-and-sample QA,,engine data,engine,active world files
/items/4304/,src/pages/items/[vnum].astro,items,generated world-file record,3,template-and-sample QA,,engine data,engine,active world files
/items/4305.json,src/pages/items/[vnum].json.ts,agent-json,generated machine-readable record,3,schema-and-sample QA,,engine data,engine,active world files
/items/4305/,src/pages/items/[vnum].astro,items,generated world-file record,3,template-and-sample QA,,engine data,engine,active world files
/items/4306.json,src/pages/items/[vnum].json.ts,agent-json,generated machine-readable record,3,schema-and-sample QA,,engine data,engine,active world files
/items/4306/,src/pages/items/[vnum].astro,items,generated world-file record,3,template-and-sample QA,,engine data,engine,active world files
/items/4307.json,src/pages/items/[vnum].json.ts,agent-json,generated machine-readable record,3,schema-and-sample QA,,engine data,engine,active world files
/items/4307/,src/pages/items/[vnum].astro,items,generated world-file record,3,template-and-sample QA,,engine data,engine,active world files
/items/4308.json,src/pages/items/[vnum].json.ts,agent-json,generated machine-readable record,3,schema-and-sample QA,,engine data,engine,active world files
/items/4308/,src/pages/items/[vnum].astro,items,generated world-file record,3,template-and-sample QA,,engine data,engine,active world files
/items/4309.json,src/pages/items/[vnum].json.ts,agent-json,generated machine-readable record,3,schema-and-sample QA,,engine data,engine,active world files
/items/4309/,src/pages/items/[vnum].astro,items,generated world-file record,3,template-and-sample QA,,engine data,engine,active world files
/items/4310.json,src/pages/items/[vnum].json.ts,agent-json,generated machine-readable record,3,schema-and-sample QA,,engine data,engine,active world files
/items/4310/,src/pages/items/[vnum].astro,items,generated world-file record,3,template-and-sample QA,,engine data,engine,active world files
/items/4311.json,src/pages/items/[vnum].json.ts,agent-json,generated machine-readable record,3,schema-and-sample QA,,engine data,engine,active world files
/items/4311/,src/pages/items/[vnum].astro,items,generated world-file record,3,template-and-sample QA,,engine data,engine,active world files
/items/4312.json,src/pages/items/[vnum].json.ts,agent-json,generated machine-readable record,3,schema-and-sample QA,,engine data,engine,active world files
/items/4312/,src/pages/items/[vnum].astro,items,generated world-file record,3,template-and-sample QA,,engine data,engine,active world files
/items/4313.json,src/pages/items/[vnum].json.ts,agent-json,generated machine-readable record,3,schema-and-sample QA,,engine data,engine,active world files
/items/4313/,src/pages/items/[vnum].astro,items,generated world-file record,3,template-and-sample QA,,engine data,engine,active world files
/items/4314.json,src/pages/items/[vnum].json.ts,agent-json,generated machine-readable record,3,schema-and-sample QA,,engine data,engine,active world files
/items/4314/,src/pages/items/[vnum].astro,items,generated world-file record,3,template-and-sample QA,,engine data,engine,active world files
/items/4315.json,src/pages/items/[vnum].json.ts,agent-json,generated machine-readable record,3,schema-and-sample QA,,engine data,engine,active world files
/items/4315/,src/pages/items/[vnum].astro,items,generated world-file record,3,template-and-sample QA,,engine data,engine,active world files
/items/4316.json,src/pages/items/[vnum].json.ts,agent-json,generated machine-readable record,3,schema-and-sample QA,,engine data,engine,active world files
/items/4316/,src/pages/items/[vnum].astro,items,generated world-file record,3,template-and-sample QA,,engine data,engine,active world files
/items/4317.json,src/pages/items/[vnum].json.ts,agent-json,generated machine-readable record,3,schema-and-sample QA,,engine data,engine,active world files
/items/4317/,src/pages/items/[vnum].astro,items,generated world-file record,3,template-and-sample QA,,engine data,engine,active world files
/items/4318.json,src/pages/items/[vnum].json.ts,agent-json,generated machine-readable record,3,schema-and-sample QA,,engine data,engine,active world files
/items/4318/,src/pages/items/[vnum].astro,items,generated world-file record,3,template-and-sample QA,,engine data,engine,active world files
/items/4320.json,src/pages/items/[vnum].json.ts,agent-json,generated machine-readable record,3,schema-and-sample QA,,engine data,engine,active world files
/items/4320/,src/pages/items/[vnum].astro,items,generated world-file record,3,template-and-sample QA,,engine data,engine,active world files
/items/4322.json,src/pages/items/[vnum].json.ts,agent-json,generated machine-readable record,3,schema-and-sample QA,,engine data,engine,active world files
/items/4322/,src/pages/items/[vnum].astro,items,generated world-file record,3,template-and-sample QA,,engine data,engine,active world files
/items/4323.json,src/pages/items/[vnum].json.ts,agent-json,generated machine-readable record,3,schema-and-sample QA,,engine data,engine,active world files
/items/4323/,src/pages/items/[vnum].astro,items,generated world-file record,3,template-and-sample QA,,engine data,engine,active world files
/items/4325.json,src/pages/items/[vnum].json.ts,agent-json,generated machine-readable record,3,schema-and-sample QA,,engine data,engine,active world files
/items/4325/,src/pages/items/[vnum].astro,items,generated world-file record,3,template-and-sample QA,,engine data,engine,active world files
/items/4329.json,src/pages/items/[vnum].json.ts,agent-json,generated machine-readable record,3,schema-and-sample QA,,engine data,engine,active world files
/items/4329/,src/pages/items/[vnum].astro,items,generated world-file record,3,template-and-sample QA,,engine data,engine,active world files
/items/4330.json,src/pages/items/[vnum].json.ts,agent-json,generated machine-readable record,3,schema-and-sample QA,,engine data,engine,active world files
/items/4330/,src/pages/items/[vnum].astro,items,generated world-file record,3,template-and-sample QA,,engine data,engine,active world files
/items/4331.json,src/pages/items/[vnum].json.ts,agent-json,generated machine-readable record,3,schema-and-sample QA,,engine data,engine,active world files
/items/4331/,src/pages/items/[vnum].astro,items,generated world-file record,3,template-and-sample QA,,engine data,engine,active world files
/items/4332.json,src/pages/items/[vnum].json.ts,agent-json,generated machine-readable record,3,schema-and-sample QA,,engine data,engine,active world files
/items/4332/,src/pages/items/[vnum].astro,items,generated world-file record,3,template-and-sample QA,,engine data,engine,active world files
/items/4333.json,src/pages/items/[vnum].json.ts,agent-json,generated machine-readable record,3,schema-and-sample QA,,engine data,engine,active world files
/items/4333/,src/pages/items/[vnum].astro,items,generated world-file record,3,template-and-sample QA,,engine data,engine,active world files
/items/4334.json,src/pages/items/[vnum].json.ts,agent-json,generated machine-readable record,3,schema-and-sample QA,,engine data,engine,active world files
/items/4334/,src/pages/items/[vnum].astro,items,generated world-file record,3,template-and-sample QA,,engine data,engine,active world files
/items/4335.json,src/pages/items/[vnum].json.ts,agent-json,generated machine-readable record,3,schema-and-sample QA,,engine data,engine,active world files
/items/4335/,src/pages/items/[vnum].astro,items,generated world-file record,3,template-and-sample QA,,engine data,engine,active world files
/items/4336.json,src/pages/items/[vnum].json.ts,agent-json,generated machine-readable record,3,schema-and-sample QA,,engine data,engine,active world files
/items/4336/,src/pages/items/[vnum].astro,items,generated world-file record,3,template-and-sample QA,,engine data,engine,active world files
/items/4337.json,src/pages/items/[vnum].json.ts,agent-json,generated machine-readable record,3,schema-and-sample QA,,engine data,engine,active world files
/items/4337/,src/pages/items/[vnum].astro,items,generated world-file record,3,template-and-sample QA,,engine data,engine,active world files
/items/4339.json,src/pages/items/[vnum].json.ts,agent-json,generated machine-readable record,3,schema-and-sample QA,,engine data,engine,active world files
/items/4339/,src/pages/items/[vnum].astro,items,generated world-file record,3,template-and-sample QA,,engine data,engine,active world files
/items/4340.json,src/pages/items/[vnum].json.ts,agent-json,generated machine-readable record,3,schema-and-sample QA,,engine data,engine,active world files
/items/4340/,src/pages/items/[vnum].astro,items,generated world-file record,3,template-and-sample QA,,engine data,engine,active world files
/items/4341.json,src/pages/items/[vnum].json.ts,agent-json,generated machine-readable record,3,schema-and-sample QA,,engine data,engine,active world files
/items/4341/,src/pages/items/[vnum].astro,items,generated world-file record,3,template-and-sample QA,,engine data,engine,active world files
/items/4342.json,src/pages/items/[vnum].json.ts,agent-json,generated machine-readable record,3,schema-and-sample QA,,engine data,engine,active world files
/items/4342/,src/pages/items/[vnum].astro,items,generated world-file record,3,template-and-sample QA,,engine data,engine,active world files
/items/4343.json,src/pages/items/[vnum].json.ts,agent-json,generated machine-readable record,3,schema-and-sample QA,,engine data,engine,active world files
/items/4343/,src/pages/items/[vnum].astro,items,generated world-file record,3,template-and-sample QA,,engine data,engine,active world files
/items/4344.json,src/pages/items/[vnum].json.ts,agent-json,generated machine-readable record,3,schema-and-sample QA,,engine data,engine,active world files
/items/4344/,src/pages/items/[vnum].astro,items,generated world-file record,3,template-and-sample QA,,engine data,engine,active world files
/items/4346.json,src/pages/items/[vnum].json.ts,agent-json,generated machine-readable record,3,schema-and-sample QA,,engine data,engine,active world files
/items/4346/,src/pages/items/[vnum].astro,items,generated world-file record,3,template-and-sample QA,,engine data,engine,active world files
/items/4348.json,src/pages/items/[vnum].json.ts,agent-json,generated machine-readable record,3,schema-and-sample QA,,engine data,engine,active world files
/items/4348/,src/pages/items/[vnum].astro,items,generated world-file record,3,template-and-sample QA,,engine data,engine,active world files
/items/4350.json,src/pages/items/[vnum].json.ts,agent-json,generated machine-readable record,3,schema-and-sample QA,,engine data,engine,active world files
/items/4350/,src/pages/items/[vnum].astro,items,generated world-file record,3,template-and-sample QA,,engine data,engine,active world files
/items/4360.json,src/pages/items/[vnum].json.ts,agent-json,generated machine-readable record,3,schema-and-sample QA,,engine data,engine,active world files
/items/4360/,src/pages/items/[vnum].astro,items,generated world-file record,3,template-and-sample QA,,engine data,engine,active world files
/items/4361.json,src/pages/items/[vnum].json.ts,agent-json,generated machine-readable record,3,schema-and-sample QA,,engine data,engine,active world files
/items/4361/,src/pages/items/[vnum].astro,items,generated world-file record,3,template-and-sample QA,,engine data,engine,active world files
/items/4362.json,src/pages/items/[vnum].json.ts,agent-json,generated machine-readable record,3,schema-and-sample QA,,engine data,engine,active world files
/items/4362/,src/pages/items/[vnum].astro,items,generated world-file record,3,template-and-sample QA,,engine data,engine,active world files
/items/4363.json,src/pages/items/[vnum].json.ts,agent-json,generated machine-readable record,3,schema-and-sample QA,,engine data,engine,active world files
/items/4363/,src/pages/items/[vnum].astro,items,generated world-file record,3,template-and-sample QA,,engine data,engine,active world files
/items/4364.json,src/pages/items/[vnum].json.ts,agent-json,generated machine-readable record,3,schema-and-sample QA,,engine data,engine,active world files
/items/4364/,src/pages/items/[vnum].astro,items,generated world-file record,3,template-and-sample QA,,engine data,engine,active world files
/items/4368.json,src/pages/items/[vnum].json.ts,agent-json,generated machine-readable record,3,schema-and-sample QA,,engine data,engine,active world files
/items/4368/,src/pages/items/[vnum].astro,items,generated world-file record,3,template-and-sample QA,,engine data,engine,active world files
/items/4369.json,src/pages/items/[vnum].json.ts,agent-json,generated machine-readable record,3,schema-and-sample QA,,engine data,engine,active world files
/items/4369/,src/pages/items/[vnum].astro,items,generated world-file record,3,template-and-sample QA,,engine data,engine,active world files
/items/4371.json,src/pages/items/[vnum].json.ts,agent-json,generated machine-readable record,3,schema-and-sample QA,,engine data,engine,active world files
/items/4371/,src/pages/items/[vnum].astro,items,generated world-file record,3,template-and-sample QA,,engine data,engine,active world files
/items/4372.json,src/pages/items/[vnum].json.ts,agent-json,generated machine-readable record,3,schema-and-sample QA,,engine data,engine,active world files
/items/4372/,src/pages/items/[vnum].astro,items,generated world-file record,3,template-and-sample QA,,engine data,engine,active world files
/items/4373.json,src/pages/items/[vnum].json.ts,agent-json,generated machine-readable record,3,schema-and-sample QA,,engine data,engine,active world files
/items/4373/,src/pages/items/[vnum].astro,items,generated world-file record,3,template-and-sample QA,,engine data,engine,active world files
/items/4374.json,src/pages/items/[vnum].json.ts,agent-json,generated machine-readable record,3,schema-and-sample QA,,engine data,engine,active world files
/items/4374/,src/pages/items/[vnum].astro,items,generated world-file record,3,template-and-sample QA,,engine data,engine,active world files
/items/4375.json,src/pages/items/[vnum].json.ts,agent-json,generated machine-readable record,3,schema-and-sample QA,,engine data,engine,active world files
/items/4375/,src/pages/items/[vnum].astro,items,generated world-file record,3,template-and-sample QA,,engine data,engine,active world files
/items/4377.json,src/pages/items/[vnum].json.ts,agent-json,generated machine-readable record,3,schema-and-sample QA,,engine data,engine,active world files
/items/4377/,src/pages/items/[vnum].astro,items,generated world-file record,3,template-and-sample QA,,engine data,engine,active world files
/items/4379.json,src/pages/items/[vnum].json.ts,agent-json,generated machine-readable record,3,schema-and-sample QA,,engine data,engine,active world files
/items/4379/,src/pages/items/[vnum].astro,items,generated world-file record,3,template-and-sample QA,,engine data,engine,active world files
/items/4381.json,src/pages/items/[vnum].json.ts,agent-json,generated machine-readable record,3,schema-and-sample QA,,engine data,engine,active world files
/items/4381/,src/pages/items/[vnum].astro,items,generated world-file record,3,template-and-sample QA,,engine data,engine,active world files
/items/4390.json,src/pages/items/[vnum].json.ts,agent-json,generated machine-readable record,3,schema-and-sample QA,,engine data,engine,active world files
/items/4390/,src/pages/items/[vnum].astro,items,generated world-file record,3,template-and-sample QA,,engine data,engine,active world files
/items/4391.json,src/pages/items/[vnum].json.ts,agent-json,generated machine-readable record,3,schema-and-sample QA,,engine data,engine,active world files
/items/4391/,src/pages/items/[vnum].astro,items,generated world-file record,3,template-and-sample QA,,engine data,engine,active world files
/items/4392.json,src/pages/items/[vnum].json.ts,agent-json,generated machine-readable record,3,schema-and-sample QA,,engine data,engine,active world files
/items/4392/,src/pages/items/[vnum].astro,items,generated world-file record,3,template-and-sample QA,,engine data,engine,active world files
/items/4394.json,src/pages/items/[vnum].json.ts,agent-json,generated machine-readable record,3,schema-and-sample QA,,engine data,engine,active world files
/items/4394/,src/pages/items/[vnum].astro,items,generated world-file record,3,template-and-sample QA,,engine data,engine,active world files
/items/4395.json,src/pages/items/[vnum].json.ts,agent-json,generated machine-readable record,3,schema-and-sample QA,,engine data,engine,active world files
/items/4395/,src/pages/items/[vnum].astro,items,generated world-file record,3,template-and-sample QA,,engine data,engine,active world files
/items/4396.json,src/pages/items/[vnum].json.ts,agent-json,generated machine-readable record,3,schema-and-sample QA,,engine data,engine,active world files
/items/4396/,src/pages/items/[vnum].astro,items,generated world-file record,3,template-and-sample QA,,engine data,engine,active world files
/items/4397.json,src/pages/items/[vnum].json.ts,agent-json,generated machine-readable record,3,schema-and-sample QA,,engine data,engine,active world files
/items/4397/,src/pages/items/[vnum].astro,items,generated world-file record,3,template-and-sample QA,,engine data,engine,active world files
/items/4398.json,src/pages/items/[vnum].json.ts,agent-json,generated machine-readable record,3,schema-and-sample QA,,engine data,engine,active world files
/items/4398/,src/pages/items/[vnum].astro,items,generated world-file record,3,template-and-sample QA,,engine data,engine,active world files
/items/4399.json,src/pages/items/[vnum].json.ts,agent-json,generated machine-readable record,3,schema-and-sample QA,,engine data,engine,active world files
/items/4399/,src/pages/items/[vnum].astro,items,generated world-file record,3,template-and-sample QA,,engine data,engine,active world files
/items/4401.json,src/pages/items/[vnum].json.ts,agent-json,generated machine-readable record,3,schema-and-sample QA,,engine data,engine,active world files
/items/4401/,src/pages/items/[vnum].astro,items,generated world-file record,3,template-and-sample QA,,engine data,engine,active world files
/items/4402.json,src/pages/items/[vnum].json.ts,agent-json,generated machine-readable record,3,schema-and-sample QA,,engine data,engine,active world files
/items/4402/,src/pages/items/[vnum].astro,items,generated world-file record,3,template-and-sample QA,,engine data,engine,active world files
/items/4404.json,src/pages/items/[vnum].json.ts,agent-json,generated machine-readable record,3,schema-and-sample QA,,engine data,engine,active world files
/items/4404/,src/pages/items/[vnum].astro,items,generated world-file record,3,template-and-sample QA,,engine data,engine,active world files
/items/4405.json,src/pages/items/[vnum].json.ts,agent-json,generated machine-readable record,3,schema-and-sample QA,,engine data,engine,active world files
/items/4405/,src/pages/items/[vnum].astro,items,generated world-file record,3,template-and-sample QA,,engine data,engine,active world files
/items/4406.json,src/pages/items/[vnum].json.ts,agent-json,generated machine-readable record,3,schema-and-sample QA,,engine data,engine,active world files
/items/4406/,src/pages/items/[vnum].astro,items,generated world-file record,3,template-and-sample QA,,engine data,engine,active world files
/items/4407.json,src/pages/items/[vnum].json.ts,agent-json,generated machine-readable record,3,schema-and-sample QA,,engine data,engine,active world files
/items/4407/,src/pages/items/[vnum].astro,items,generated world-file record,3,template-and-sample QA,,engine data,engine,active world files
/items/4408.json,src/pages/items/[vnum].json.ts,agent-json,generated machine-readable record,3,schema-and-sample QA,,engine data,engine,active world files
/items/4408/,src/pages/items/[vnum].astro,items,generated world-file record,3,template-and-sample QA,,engine data,engine,active world files
/items/4409.json,src/pages/items/[vnum].json.ts,agent-json,generated machine-readable record,3,schema-and-sample QA,,engine data,engine,active world files
/items/4409/,src/pages/items/[vnum].astro,items,generated world-file record,3,template-and-sample QA,,engine data,engine,active world files
/items/4410.json,src/pages/items/[vnum].json.ts,agent-json,generated machine-readable record,3,schema-and-sample QA,,engine data,engine,active world files
/items/4410/,src/pages/items/[vnum].astro,items,generated world-file record,3,template-and-sample QA,,engine data,engine,active world files
/items/4411.json,src/pages/items/[vnum].json.ts,agent-json,generated machine-readable record,3,schema-and-sample QA,,engine data,engine,active world files
/items/4411/,src/pages/items/[vnum].astro,items,generated world-file record,3,template-and-sample QA,,engine data,engine,active world files
/items/4414.json,src/pages/items/[vnum].json.ts,agent-json,generated machine-readable record,3,schema-and-sample QA,,engine data,engine,active world files
/items/4414/,src/pages/items/[vnum].astro,items,generated world-file record,3,template-and-sample QA,,engine data,engine,active world files
/items/4500.json,src/pages/items/[vnum].json.ts,agent-json,generated machine-readable record,3,schema-and-sample QA,,engine data,engine,active world files
/items/4500/,src/pages/items/[vnum].astro,items,generated world-file record,3,template-and-sample QA,,engine data,engine,active world files
/items/4501.json,src/pages/items/[vnum].json.ts,agent-json,generated machine-readable record,3,schema-and-sample QA,,engine data,engine,active world files
/items/4501/,src/pages/items/[vnum].astro,items,generated world-file record,3,template-and-sample QA,,engine data,engine,active world files
/items/4502.json,src/pages/items/[vnum].json.ts,agent-json,generated machine-readable record,3,schema-and-sample QA,,engine data,engine,active world files
/items/4502/,src/pages/items/[vnum].astro,items,generated world-file record,3,template-and-sample QA,,engine data,engine,active world files
/items/4503.json,src/pages/items/[vnum].json.ts,agent-json,generated machine-readable record,3,schema-and-sample QA,,engine data,engine,active world files
/items/4503/,src/pages/items/[vnum].astro,items,generated world-file record,3,template-and-sample QA,,engine data,engine,active world files
/items/4600.json,src/pages/items/[vnum].json.ts,agent-json,generated machine-readable record,3,schema-and-sample QA,,engine data,engine,active world files
/items/4600/,src/pages/items/[vnum].astro,items,generated world-file record,3,template-and-sample QA,,engine data,engine,active world files
/items/4601.json,src/pages/items/[vnum].json.ts,agent-json,generated machine-readable record,3,schema-and-sample QA,,engine data,engine,active world files
/items/4601/,src/pages/items/[vnum].astro,items,generated world-file record,3,template-and-sample QA,,engine data,engine,active world files
/items/4602.json,src/pages/items/[vnum].json.ts,agent-json,generated machine-readable record,3,schema-and-sample QA,,engine data,engine,active world files
/items/4602/,src/pages/items/[vnum].astro,items,generated world-file record,3,template-and-sample QA,,engine data,engine,active world files
/items/4603.json,src/pages/items/[vnum].json.ts,agent-json,generated machine-readable record,3,schema-and-sample QA,,engine data,engine,active world files
/items/4603/,src/pages/items/[vnum].astro,items,generated world-file record,3,template-and-sample QA,,engine data,engine,active world files
/items/4604.json,src/pages/items/[vnum].json.ts,agent-json,generated machine-readable record,3,schema-and-sample QA,,engine data,engine,active world files
/items/4604/,src/pages/items/[vnum].astro,items,generated world-file record,3,template-and-sample QA,,engine data,engine,active world files
/items/4605.json,src/pages/items/[vnum].json.ts,agent-json,generated machine-readable record,3,schema-and-sample QA,,engine data,engine,active world files
/items/4605/,src/pages/items/[vnum].astro,items,generated world-file record,3,template-and-sample QA,,engine data,engine,active world files
/items/4606.json,src/pages/items/[vnum].json.ts,agent-json,generated machine-readable record,3,schema-and-sample QA,,engine data,engine,active world files
/items/4606/,src/pages/items/[vnum].astro,items,generated world-file record,3,template-and-sample QA,,engine data,engine,active world files
/items/4607.json,src/pages/items/[vnum].json.ts,agent-json,generated machine-readable record,3,schema-and-sample QA,,engine data,engine,active world files
/items/4607/,src/pages/items/[vnum].astro,items,generated world-file record,3,template-and-sample QA,,engine data,engine,active world files
/items/4608.json,src/pages/items/[vnum].json.ts,agent-json,generated machine-readable record,3,schema-and-sample QA,,engine data,engine,active world files
/items/4608/,src/pages/items/[vnum].astro,items,generated world-file record,3,template-and-sample QA,,engine data,engine,active world files
/items/4609.json,src/pages/items/[vnum].json.ts,agent-json,generated machine-readable record,3,schema-and-sample QA,,engine data,engine,active world files
/items/4609/,src/pages/items/[vnum].astro,items,generated world-file record,3,template-and-sample QA,,engine data,engine,active world files
/items/4610.json,src/pages/items/[vnum].json.ts,agent-json,generated machine-readable record,3,schema-and-sample QA,,engine data,engine,active world files
/items/4610/,src/pages/items/[vnum].astro,items,generated world-file record,3,template-and-sample QA,,engine data,engine,active world files
/items/4611.json,src/pages/items/[vnum].json.ts,agent-json,generated machine-readable record,3,schema-and-sample QA,,engine data,engine,active world files
/items/4611/,src/pages/items/[vnum].astro,items,generated world-file record,3,template-and-sample QA,,engine data,engine,active world files
/items/4612.json,src/pages/items/[vnum].json.ts,agent-json,generated machine-readable record,3,schema-and-sample QA,,engine data,engine,active world files
/items/4612/,src/pages/items/[vnum].astro,items,generated world-file record,3,template-and-sample QA,,engine data,engine,active world files
/items/4613.json,src/pages/items/[vnum].json.ts,agent-json,generated machine-readable record,3,schema-and-sample QA,,engine data,engine,active world files
/items/4613/,src/pages/items/[vnum].astro,items,generated world-file record,3,template-and-sample QA,,engine data,engine,active world files
/items/4614.json,src/pages/items/[vnum].json.ts,agent-json,generated machine-readable record,3,schema-and-sample QA,,engine data,engine,active world files
/items/4614/,src/pages/items/[vnum].astro,items,generated world-file record,3,template-and-sample QA,,engine data,engine,active world files
/items/4615.json,src/pages/items/[vnum].json.ts,agent-json,generated machine-readable record,3,schema-and-sample QA,,engine data,engine,active world files
/items/4615/,src/pages/items/[vnum].astro,items,generated world-file record,3,template-and-sample QA,,engine data,engine,active world files
/items/4616.json,src/pages/items/[vnum].json.ts,agent-json,generated machine-readable record,3,schema-and-sample QA,,engine data,engine,active world files
/items/4616/,src/pages/items/[vnum].astro,items,generated world-file record,3,template-and-sample QA,,engine data,engine,active world files
/items/4617.json,src/pages/items/[vnum].json.ts,agent-json,generated machine-readable record,3,schema-and-sample QA,,engine data,engine,active world files
/items/4617/,src/pages/items/[vnum].astro,items,generated world-file record,3,template-and-sample QA,,engine data,engine,active world files
/items/4701.json,src/pages/items/[vnum].json.ts,agent-json,generated machine-readable record,3,schema-and-sample QA,,engine data,engine,active world files
/items/4701/,src/pages/items/[vnum].astro,items,generated world-file record,3,template-and-sample QA,,engine data,engine,active world files
/items/4702.json,src/pages/items/[vnum].json.ts,agent-json,generated machine-readable record,3,schema-and-sample QA,,engine data,engine,active world files
/items/4702/,src/pages/items/[vnum].astro,items,generated world-file record,3,template-and-sample QA,,engine data,engine,active world files
/items/4703.json,src/pages/items/[vnum].json.ts,agent-json,generated machine-readable record,3,schema-and-sample QA,,engine data,engine,active world files
/items/4703/,src/pages/items/[vnum].astro,items,generated world-file record,3,template-and-sample QA,,engine data,engine,active world files
/items/4704.json,src/pages/items/[vnum].json.ts,agent-json,generated machine-readable record,3,schema-and-sample QA,,engine data,engine,active world files
/items/4704/,src/pages/items/[vnum].astro,items,generated world-file record,3,template-and-sample QA,,engine data,engine,active world files
/items/4705.json,src/pages/items/[vnum].json.ts,agent-json,generated machine-readable record,3,schema-and-sample QA,,engine data,engine,active world files
/items/4705/,src/pages/items/[vnum].astro,items,generated world-file record,3,template-and-sample QA,,engine data,engine,active world files
/items/4777.json,src/pages/items/[vnum].json.ts,agent-json,generated machine-readable record,3,schema-and-sample QA,,engine data,engine,active world files
/items/4777/,src/pages/items/[vnum].astro,items,generated world-file record,3,template-and-sample QA,,engine data,engine,active world files
/items/4800.json,src/pages/items/[vnum].json.ts,agent-json,generated machine-readable record,3,schema-and-sample QA,,engine data,engine,active world files
/items/4800/,src/pages/items/[vnum].astro,items,generated world-file record,3,template-and-sample QA,,engine data,engine,active world files
/items/4801.json,src/pages/items/[vnum].json.ts,agent-json,generated machine-readable record,3,schema-and-sample QA,,engine data,engine,active world files
/items/4801/,src/pages/items/[vnum].astro,items,generated world-file record,3,template-and-sample QA,,engine data,engine,active world files
/items/4802.json,src/pages/items/[vnum].json.ts,agent-json,generated machine-readable record,3,schema-and-sample QA,,engine data,engine,active world files
/items/4802/,src/pages/items/[vnum].astro,items,generated world-file record,3,template-and-sample QA,,engine data,engine,active world files
/items/4803.json,src/pages/items/[vnum].json.ts,agent-json,generated machine-readable record,3,schema-and-sample QA,,engine data,engine,active world files
/items/4803/,src/pages/items/[vnum].astro,items,generated world-file record,3,template-and-sample QA,,engine data,engine,active world files
/items/4804.json,src/pages/items/[vnum].json.ts,agent-json,generated machine-readable record,3,schema-and-sample QA,,engine data,engine,active world files
/items/4804/,src/pages/items/[vnum].astro,items,generated world-file record,3,template-and-sample QA,,engine data,engine,active world files
/items/4805.json,src/pages/items/[vnum].json.ts,agent-json,generated machine-readable record,3,schema-and-sample QA,,engine data,engine,active world files
/items/4805/,src/pages/items/[vnum].astro,items,generated world-file record,3,template-and-sample QA,,engine data,engine,active world files
/items/4806.json,src/pages/items/[vnum].json.ts,agent-json,generated machine-readable record,3,schema-and-sample QA,,engine data,engine,active world files
/items/4806/,src/pages/items/[vnum].astro,items,generated world-file record,3,template-and-sample QA,,engine data,engine,active world files
/items/4807.json,src/pages/items/[vnum].json.ts,agent-json,generated machine-readable record,3,schema-and-sample QA,,engine data,engine,active world files
/items/4807/,src/pages/items/[vnum].astro,items,generated world-file record,3,template-and-sample QA,,engine data,engine,active world files
/items/4808.json,src/pages/items/[vnum].json.ts,agent-json,generated machine-readable record,3,schema-and-sample QA,,engine data,engine,active world files
/items/4808/,src/pages/items/[vnum].astro,items,generated world-file record,3,template-and-sample QA,,engine data,engine,active world files
/items/4809.json,src/pages/items/[vnum].json.ts,agent-json,generated machine-readable record,3,schema-and-sample QA,,engine data,engine,active world files
/items/4809/,src/pages/items/[vnum].astro,items,generated world-file record,3,template-and-sample QA,,engine data,engine,active world files
/items/4810.json,src/pages/items/[vnum].json.ts,agent-json,generated machine-readable record,3,schema-and-sample QA,,engine data,engine,active world files
/items/4810/,src/pages/items/[vnum].astro,items,generated world-file record,3,template-and-sample QA,,engine data,engine,active world files
/items/4811.json,src/pages/items/[vnum].json.ts,agent-json,generated machine-readable record,3,schema-and-sample QA,,engine data,engine,active world files
/items/4811/,src/pages/items/[vnum].astro,items,generated world-file record,3,template-and-sample QA,,engine data,engine,active world files
/items/4812.json,src/pages/items/[vnum].json.ts,agent-json,generated machine-readable record,3,schema-and-sample QA,,engine data,engine,active world files
/items/4812/,src/pages/items/[vnum].astro,items,generated world-file record,3,template-and-sample QA,,engine data,engine,active world files
/items/4813.json,src/pages/items/[vnum].json.ts,agent-json,generated machine-readable record,3,schema-and-sample QA,,engine data,engine,active world files
/items/4813/,src/pages/items/[vnum].astro,items,generated world-file record,3,template-and-sample QA,,engine data,engine,active world files
/items/4814.json,src/pages/items/[vnum].json.ts,agent-json,generated machine-readable record,3,schema-and-sample QA,,engine data,engine,active world files
/items/4814/,src/pages/items/[vnum].astro,items,generated world-file record,3,template-and-sample QA,,engine data,engine,active world files
/items/4815.json,src/pages/items/[vnum].json.ts,agent-json,generated machine-readable record,3,schema-and-sample QA,,engine data,engine,active world files
/items/4815/,src/pages/items/[vnum].astro,items,generated world-file record,3,template-and-sample QA,,engine data,engine,active world files
/items/4816.json,src/pages/items/[vnum].json.ts,agent-json,generated machine-readable record,3,schema-and-sample QA,,engine data,engine,active world files
/items/4816/,src/pages/items/[vnum].astro,items,generated world-file record,3,template-and-sample QA,,engine data,engine,active world files
/items/4817.json,src/pages/items/[vnum].json.ts,agent-json,generated machine-readable record,3,schema-and-sample QA,,engine data,engine,active world files
/items/4817/,src/pages/items/[vnum].astro,items,generated world-file record,3,template-and-sample QA,,engine data,engine,active world files
/items/4818.json,src/pages/items/[vnum].json.ts,agent-json,generated machine-readable record,3,schema-and-sample QA,,engine data,engine,active world files
/items/4818/,src/pages/items/[vnum].astro,items,generated world-file record,3,template-and-sample QA,,engine data,engine,active world files
/items/4819.json,src/pages/items/[vnum].json.ts,agent-json,generated machine-readable record,3,schema-and-sample QA,,engine data,engine,active world files
/items/4819/,src/pages/items/[vnum].astro,items,generated world-file record,3,template-and-sample QA,,engine data,engine,active world files
/items/4820.json,src/pages/items/[vnum].json.ts,agent-json,generated machine-readable record,3,schema-and-sample QA,,engine data,engine,active world files
/items/4820/,src/pages/items/[vnum].astro,items,generated world-file record,3,template-and-sample QA,,engine data,engine,active world files
/items/4821.json,src/pages/items/[vnum].json.ts,agent-json,generated machine-readable record,3,schema-and-sample QA,,engine data,engine,active world files
/items/4821/,src/pages/items/[vnum].astro,items,generated world-file record,3,template-and-sample QA,,engine data,engine,active world files
/items/4822.json,src/pages/items/[vnum].json.ts,agent-json,generated machine-readable record,3,schema-and-sample QA,,engine data,engine,active world files
/items/4822/,src/pages/items/[vnum].astro,items,generated world-file record,3,template-and-sample QA,,engine data,engine,active world files
/items/4823.json,src/pages/items/[vnum].json.ts,agent-json,generated machine-readable record,3,schema-and-sample QA,,engine data,engine,active world files
/items/4823/,src/pages/items/[vnum].astro,items,generated world-file record,3,template-and-sample QA,,engine data,engine,active world files
/items/4824.json,src/pages/items/[vnum].json.ts,agent-json,generated machine-readable record,3,schema-and-sample QA,,engine data,engine,active world files
/items/4824/,src/pages/items/[vnum].astro,items,generated world-file record,3,template-and-sample QA,,engine data,engine,active world files
/items/4825.json,src/pages/items/[vnum].json.ts,agent-json,generated machine-readable record,3,schema-and-sample QA,,engine data,engine,active world files
/items/4825/,src/pages/items/[vnum].astro,items,generated world-file record,3,template-and-sample QA,,engine data,engine,active world files
/items/4826.json,src/pages/items/[vnum].json.ts,agent-json,generated machine-readable record,3,schema-and-sample QA,,engine data,engine,active world files
/items/4826/,src/pages/items/[vnum].astro,items,generated world-file record,3,template-and-sample QA,,engine data,engine,active world files
/items/4827.json,src/pages/items/[vnum].json.ts,agent-json,generated machine-readable record,3,schema-and-sample QA,,engine data,engine,active world files
/items/4827/,src/pages/items/[vnum].astro,items,generated world-file record,3,template-and-sample QA,,engine data,engine,active world files
/items/4828.json,src/pages/items/[vnum].json.ts,agent-json,generated machine-readable record,3,schema-and-sample QA,,engine data,engine,active world files
/items/4828/,src/pages/items/[vnum].astro,items,generated world-file record,3,template-and-sample QA,,engine data,engine,active world files
/items/4829.json,src/pages/items/[vnum].json.ts,agent-json,generated machine-readable record,3,schema-and-sample QA,,engine data,engine,active world files
/items/4829/,src/pages/items/[vnum].astro,items,generated world-file record,3,template-and-sample QA,,engine data,engine,active world files
/items/4830.json,src/pages/items/[vnum].json.ts,agent-json,generated machine-readable record,3,schema-and-sample QA,,engine data,engine,active world files
/items/4830/,src/pages/items/[vnum].astro,items,generated world-file record,3,template-and-sample QA,,engine data,engine,active world files
/items/4831.json,src/pages/items/[vnum].json.ts,agent-json,generated machine-readable record,3,schema-and-sample QA,,engine data,engine,active world files
/items/4831/,src/pages/items/[vnum].astro,items,generated world-file record,3,template-and-sample QA,,engine data,engine,active world files
/items/4832.json,src/pages/items/[vnum].json.ts,agent-json,generated machine-readable record,3,schema-and-sample QA,,engine data,engine,active world files
/items/4832/,src/pages/items/[vnum].astro,items,generated world-file record,3,template-and-sample QA,,engine data,engine,active world files
/items/4833.json,src/pages/items/[vnum].json.ts,agent-json,generated machine-readable record,3,schema-and-sample QA,,engine data,engine,active world files
/items/4833/,src/pages/items/[vnum].astro,items,generated world-file record,3,template-and-sample QA,,engine data,engine,active world files
/items/4834.json,src/pages/items/[vnum].json.ts,agent-json,generated machine-readable record,3,schema-and-sample QA,,engine data,engine,active world files
/items/4834/,src/pages/items/[vnum].astro,items,generated world-file record,3,template-and-sample QA,,engine data,engine,active world files
/items/4835.json,src/pages/items/[vnum].json.ts,agent-json,generated machine-readable record,3,schema-and-sample QA,,engine data,engine,active world files
/items/4835/,src/pages/items/[vnum].astro,items,generated world-file record,3,template-and-sample QA,,engine data,engine,active world files
/items/4836.json,src/pages/items/[vnum].json.ts,agent-json,generated machine-readable record,3,schema-and-sample QA,,engine data,engine,active world files
/items/4836/,src/pages/items/[vnum].astro,items,generated world-file record,3,template-and-sample QA,,engine data,engine,active world files
/items/4837.json,src/pages/items/[vnum].json.ts,agent-json,generated machine-readable record,3,schema-and-sample QA,,engine data,engine,active world files
/items/4837/,src/pages/items/[vnum].astro,items,generated world-file record,3,template-and-sample QA,,engine data,engine,active world files
/items/4838.json,src/pages/items/[vnum].json.ts,agent-json,generated machine-readable record,3,schema-and-sample QA,,engine data,engine,active world files
/items/4838/,src/pages/items/[vnum].astro,items,generated world-file record,3,template-and-sample QA,,engine data,engine,active world files
/items/4839.json,src/pages/items/[vnum].json.ts,agent-json,generated machine-readable record,3,schema-and-sample QA,,engine data,engine,active world files
/items/4839/,src/pages/items/[vnum].astro,items,generated world-file record,3,template-and-sample QA,,engine data,engine,active world files
/items/4841.json,src/pages/items/[vnum].json.ts,agent-json,generated machine-readable record,3,schema-and-sample QA,,engine data,engine,active world files
/items/4841/,src/pages/items/[vnum].astro,items,generated world-file record,3,template-and-sample QA,,engine data,engine,active world files
/items/4842.json,src/pages/items/[vnum].json.ts,agent-json,generated machine-readable record,3,schema-and-sample QA,,engine data,engine,active world files
/items/4842/,src/pages/items/[vnum].astro,items,generated world-file record,3,template-and-sample QA,,engine data,engine,active world files
/items/4845.json,src/pages/items/[vnum].json.ts,agent-json,generated machine-readable record,3,schema-and-sample QA,,engine data,engine,active world files
/items/4845/,src/pages/items/[vnum].astro,items,generated world-file record,3,template-and-sample QA,,engine data,engine,active world files
/items/4846.json,src/pages/items/[vnum].json.ts,agent-json,generated machine-readable record,3,schema-and-sample QA,,engine data,engine,active world files
/items/4846/,src/pages/items/[vnum].astro,items,generated world-file record,3,template-and-sample QA,,engine data,engine,active world files
/items/4847.json,src/pages/items/[vnum].json.ts,agent-json,generated machine-readable record,3,schema-and-sample QA,,engine data,engine,active world files
/items/4847/,src/pages/items/[vnum].astro,items,generated world-file record,3,template-and-sample QA,,engine data,engine,active world files
/items/4900.json,src/pages/items/[vnum].json.ts,agent-json,generated machine-readable record,3,schema-and-sample QA,,engine data,engine,active world files
/items/4900/,src/pages/items/[vnum].astro,items,generated world-file record,3,template-and-sample QA,,engine data,engine,active world files
/items/4901.json,src/pages/items/[vnum].json.ts,agent-json,generated machine-readable record,3,schema-and-sample QA,,engine data,engine,active world files
/items/4901/,src/pages/items/[vnum].astro,items,generated world-file record,3,template-and-sample QA,,engine data,engine,active world files
/items/4902.json,src/pages/items/[vnum].json.ts,agent-json,generated machine-readable record,3,schema-and-sample QA,,engine data,engine,active world files
/items/4902/,src/pages/items/[vnum].astro,items,generated world-file record,3,template-and-sample QA,,engine data,engine,active world files
/items/4903.json,src/pages/items/[vnum].json.ts,agent-json,generated machine-readable record,3,schema-and-sample QA,,engine data,engine,active world files
/items/4903/,src/pages/items/[vnum].astro,items,generated world-file record,3,template-and-sample QA,,engine data,engine,active world files
/items/4904.json,src/pages/items/[vnum].json.ts,agent-json,generated machine-readable record,3,schema-and-sample QA,,engine data,engine,active world files
/items/4904/,src/pages/items/[vnum].astro,items,generated world-file record,3,template-and-sample QA,,engine data,engine,active world files
/items/4905.json,src/pages/items/[vnum].json.ts,agent-json,generated machine-readable record,3,schema-and-sample QA,,engine data,engine,active world files
/items/4905/,src/pages/items/[vnum].astro,items,generated world-file record,3,template-and-sample QA,,engine data,engine,active world files
/items/4906.json,src/pages/items/[vnum].json.ts,agent-json,generated machine-readable record,3,schema-and-sample QA,,engine data,engine,active world files
/items/4906/,src/pages/items/[vnum].astro,items,generated world-file record,3,template-and-sample QA,,engine data,engine,active world files
/items/4907.json,src/pages/items/[vnum].json.ts,agent-json,generated machine-readable record,3,schema-and-sample QA,,engine data,engine,active world files
/items/4907/,src/pages/items/[vnum].astro,items,generated world-file record,3,template-and-sample QA,,engine data,engine,active world files
/items/4908.json,src/pages/items/[vnum].json.ts,agent-json,generated machine-readable record,3,schema-and-sample QA,,engine data,engine,active world files
/items/4908/,src/pages/items/[vnum].astro,items,generated world-file record,3,template-and-sample QA,,engine data,engine,active world files
/items/4909.json,src/pages/items/[vnum].json.ts,agent-json,generated machine-readable record,3,schema-and-sample QA,,engine data,engine,active world files
/items/4909/,src/pages/items/[vnum].astro,items,generated world-file record,3,template-and-sample QA,,engine data,engine,active world files
/items/4910.json,src/pages/items/[vnum].json.ts,agent-json,generated machine-readable record,3,schema-and-sample QA,,engine data,engine,active world files
/items/4910/,src/pages/items/[vnum].astro,items,generated world-file record,3,template-and-sample QA,,engine data,engine,active world files
/items/4911.json,src/pages/items/[vnum].json.ts,agent-json,generated machine-readable record,3,schema-and-sample QA,,engine data,engine,active world files
/items/4911/,src/pages/items/[vnum].astro,items,generated world-file record,3,template-and-sample QA,,engine data,engine,active world files
/items/4912.json,src/pages/items/[vnum].json.ts,agent-json,generated machine-readable record,3,schema-and-sample QA,,engine data,engine,active world files
/items/4912/,src/pages/items/[vnum].astro,items,generated world-file record,3,template-and-sample QA,,engine data,engine,active world files
/items/4913.json,src/pages/items/[vnum].json.ts,agent-json,generated machine-readable record,3,schema-and-sample QA,,engine data,engine,active world files
/items/4913/,src/pages/items/[vnum].astro,items,generated world-file record,3,template-and-sample QA,,engine data,engine,active world files
/items/4914.json,src/pages/items/[vnum].json.ts,agent-json,generated machine-readable record,3,schema-and-sample QA,,engine data,engine,active world files
/items/4914/,src/pages/items/[vnum].astro,items,generated world-file record,3,template-and-sample QA,,engine data,engine,active world files
/items/4915.json,src/pages/items/[vnum].json.ts,agent-json,generated machine-readable record,3,schema-and-sample QA,,engine data,engine,active world files
/items/4915/,src/pages/items/[vnum].astro,items,generated world-file record,3,template-and-sample QA,,engine data,engine,active world files
/items/4916.json,src/pages/items/[vnum].json.ts,agent-json,generated machine-readable record,3,schema-and-sample QA,,engine data,engine,active world files
/items/4916/,src/pages/items/[vnum].astro,items,generated world-file record,3,template-and-sample QA,,engine data,engine,active world files
/items/4917.json,src/pages/items/[vnum].json.ts,agent-json,generated machine-readable record,3,schema-and-sample QA,,engine data,engine,active world files
/items/4917/,src/pages/items/[vnum].astro,items,generated world-file record,3,template-and-sample QA,,engine data,engine,active world files
/items/4918.json,src/pages/items/[vnum].json.ts,agent-json,generated machine-readable record,3,schema-and-sample QA,,engine data,engine,active world files
/items/4918/,src/pages/items/[vnum].astro,items,generated world-file record,3,template-and-sample QA,,engine data,engine,active world files
/items/4919.json,src/pages/items/[vnum].json.ts,agent-json,generated machine-readable record,3,schema-and-sample QA,,engine data,engine,active world files
/items/4919/,src/pages/items/[vnum].astro,items,generated world-file record,3,template-and-sample QA,,engine data,engine,active world files
/items/4920.json,src/pages/items/[vnum].json.ts,agent-json,generated machine-readable record,3,schema-and-sample QA,,engine data,engine,active world files
/items/4920/,src/pages/items/[vnum].astro,items,generated world-file record,3,template-and-sample QA,,engine data,engine,active world files
/items/4921.json,src/pages/items/[vnum].json.ts,agent-json,generated machine-readable record,3,schema-and-sample QA,,engine data,engine,active world files
/items/4921/,src/pages/items/[vnum].astro,items,generated world-file record,3,template-and-sample QA,,engine data,engine,active world files
/items/4922.json,src/pages/items/[vnum].json.ts,agent-json,generated machine-readable record,3,schema-and-sample QA,,engine data,engine,active world files
/items/4922/,src/pages/items/[vnum].astro,items,generated world-file record,3,template-and-sample QA,,engine data,engine,active world files
/items/50.json,src/pages/items/[vnum].json.ts,agent-json,generated machine-readable record,3,schema-and-sample QA,,engine data,engine,active world files
/items/50/,src/pages/items/[vnum].astro,items,generated world-file record,3,template-and-sample QA,,engine data,engine,active world files
/items/5000.json,src/pages/items/[vnum].json.ts,agent-json,generated machine-readable record,3,schema-and-sample QA,,engine data,engine,active world files
/items/5000/,src/pages/items/[vnum].astro,items,generated world-file record,3,template-and-sample QA,,engine data,engine,active world files
/items/5001.json,src/pages/items/[vnum].json.ts,agent-json,generated machine-readable record,3,schema-and-sample QA,,engine data,engine,active world files
/items/5001/,src/pages/items/[vnum].astro,items,generated world-file record,3,template-and-sample QA,,engine data,engine,active world files
/items/5002.json,src/pages/items/[vnum].json.ts,agent-json,generated machine-readable record,3,schema-and-sample QA,,engine data,engine,active world files
/items/5002/,src/pages/items/[vnum].astro,items,generated world-file record,3,template-and-sample QA,,engine data,engine,active world files
/items/51.json,src/pages/items/[vnum].json.ts,agent-json,generated machine-readable record,3,schema-and-sample QA,,engine data,engine,active world files
/items/51/,src/pages/items/[vnum].astro,items,generated world-file record,3,template-and-sample QA,,engine data,engine,active world files
/items/5100.json,src/pages/items/[vnum].json.ts,agent-json,generated machine-readable record,3,schema-and-sample QA,,engine data,engine,active world files
/items/5100/,src/pages/items/[vnum].astro,items,generated world-file record,3,template-and-sample QA,,engine data,engine,active world files
/items/52.json,src/pages/items/[vnum].json.ts,agent-json,generated machine-readable record,3,schema-and-sample QA,,engine data,engine,active world files
/items/52/,src/pages/items/[vnum].astro,items,generated world-file record,3,template-and-sample QA,,engine data,engine,active world files
/items/5200.json,src/pages/items/[vnum].json.ts,agent-json,generated machine-readable record,3,schema-and-sample QA,,engine data,engine,active world files
/items/5200/,src/pages/items/[vnum].astro,items,generated world-file record,3,template-and-sample QA,,engine data,engine,active world files
/items/5500.json,src/pages/items/[vnum].json.ts,agent-json,generated machine-readable record,3,schema-and-sample QA,,engine data,engine,active world files
/items/5500/,src/pages/items/[vnum].astro,items,generated world-file record,3,template-and-sample QA,,engine data,engine,active world files
/items/5501.json,src/pages/items/[vnum].json.ts,agent-json,generated machine-readable record,3,schema-and-sample QA,,engine data,engine,active world files
/items/5501/,src/pages/items/[vnum].astro,items,generated world-file record,3,template-and-sample QA,,engine data,engine,active world files
/items/5502.json,src/pages/items/[vnum].json.ts,agent-json,generated machine-readable record,3,schema-and-sample QA,,engine data,engine,active world files
/items/5502/,src/pages/items/[vnum].astro,items,generated world-file record,3,template-and-sample QA,,engine data,engine,active world files
/items/5503.json,src/pages/items/[vnum].json.ts,agent-json,generated machine-readable record,3,schema-and-sample QA,,engine data,engine,active world files
/items/5503/,src/pages/items/[vnum].astro,items,generated world-file record,3,template-and-sample QA,,engine data,engine,active world files
/items/5504.json,src/pages/items/[vnum].json.ts,agent-json,generated machine-readable record,3,schema-and-sample QA,,engine data,engine,active world files
/items/5504/,src/pages/items/[vnum].astro,items,generated world-file record,3,template-and-sample QA,,engine data,engine,active world files
/items/5505.json,src/pages/items/[vnum].json.ts,agent-json,generated machine-readable record,3,schema-and-sample QA,,engine data,engine,active world files
/items/5505/,src/pages/items/[vnum].astro,items,generated world-file record,3,template-and-sample QA,,engine data,engine,active world files
/items/5506.json,src/pages/items/[vnum].json.ts,agent-json,generated machine-readable record,3,schema-and-sample QA,,engine data,engine,active world files
/items/5506/,src/pages/items/[vnum].astro,items,generated world-file record,3,template-and-sample QA,,engine data,engine,active world files
/items/5700.json,src/pages/items/[vnum].json.ts,agent-json,generated machine-readable record,3,schema-and-sample QA,,engine data,engine,active world files
/items/5700/,src/pages/items/[vnum].astro,items,generated world-file record,3,template-and-sample QA,,engine data,engine,active world files
/items/5701.json,src/pages/items/[vnum].json.ts,agent-json,generated machine-readable record,3,schema-and-sample QA,,engine data,engine,active world files
/items/5701/,src/pages/items/[vnum].astro,items,generated world-file record,3,template-and-sample QA,,engine data,engine,active world files
/items/5702.json,src/pages/items/[vnum].json.ts,agent-json,generated machine-readable record,3,schema-and-sample QA,,engine data,engine,active world files
/items/5702/,src/pages/items/[vnum].astro,items,generated world-file record,3,template-and-sample QA,,engine data,engine,active world files
/items/5703.json,src/pages/items/[vnum].json.ts,agent-json,generated machine-readable record,3,schema-and-sample QA,,engine data,engine,active world files
/items/5703/,src/pages/items/[vnum].astro,items,generated world-file record,3,template-and-sample QA,,engine data,engine,active world files
/items/5704.json,src/pages/items/[vnum].json.ts,agent-json,generated machine-readable record,3,schema-and-sample QA,,engine data,engine,active world files
/items/5704/,src/pages/items/[vnum].astro,items,generated world-file record,3,template-and-sample QA,,engine data,engine,active world files
/items/5705.json,src/pages/items/[vnum].json.ts,agent-json,generated machine-readable record,3,schema-and-sample QA,,engine data,engine,active world files
/items/5705/,src/pages/items/[vnum].astro,items,generated world-file record,3,template-and-sample QA,,engine data,engine,active world files
/items/5706.json,src/pages/items/[vnum].json.ts,agent-json,generated machine-readable record,3,schema-and-sample QA,,engine data,engine,active world files
/items/5706/,src/pages/items/[vnum].astro,items,generated world-file record,3,template-and-sample QA,,engine data,engine,active world files
/items/5707.json,src/pages/items/[vnum].json.ts,agent-json,generated machine-readable record,3,schema-and-sample QA,,engine data,engine,active world files
/items/5707/,src/pages/items/[vnum].astro,items,generated world-file record,3,template-and-sample QA,,engine data,engine,active world files
/items/5708.json,src/pages/items/[vnum].json.ts,agent-json,generated machine-readable record,3,schema-and-sample QA,,engine data,engine,active world files
/items/5708/,src/pages/items/[vnum].astro,items,generated world-file record,3,template-and-sample QA,,engine data,engine,active world files
/items/5709.json,src/pages/items/[vnum].json.ts,agent-json,generated machine-readable record,3,schema-and-sample QA,,engine data,engine,active world files
/items/5709/,src/pages/items/[vnum].astro,items,generated world-file record,3,template-and-sample QA,,engine data,engine,active world files
/items/5710.json,src/pages/items/[vnum].json.ts,agent-json,generated machine-readable record,3,schema-and-sample QA,,engine data,engine,active world files
/items/5710/,src/pages/items/[vnum].astro,items,generated world-file record,3,template-and-sample QA,,engine data,engine,active world files
/items/5711.json,src/pages/items/[vnum].json.ts,agent-json,generated machine-readable record,3,schema-and-sample QA,,engine data,engine,active world files
/items/5711/,src/pages/items/[vnum].astro,items,generated world-file record,3,template-and-sample QA,,engine data,engine,active world files
/items/5712.json,src/pages/items/[vnum].json.ts,agent-json,generated machine-readable record,3,schema-and-sample QA,,engine data,engine,active world files
/items/5712/,src/pages/items/[vnum].astro,items,generated world-file record,3,template-and-sample QA,,engine data,engine,active world files
/items/5713.json,src/pages/items/[vnum].json.ts,agent-json,generated machine-readable record,3,schema-and-sample QA,,engine data,engine,active world files
/items/5713/,src/pages/items/[vnum].astro,items,generated world-file record,3,template-and-sample QA,,engine data,engine,active world files
/items/5714.json,src/pages/items/[vnum].json.ts,agent-json,generated machine-readable record,3,schema-and-sample QA,,engine data,engine,active world files
/items/5714/,src/pages/items/[vnum].astro,items,generated world-file record,3,template-and-sample QA,,engine data,engine,active world files
/items/5715.json,src/pages/items/[vnum].json.ts,agent-json,generated machine-readable record,3,schema-and-sample QA,,engine data,engine,active world files
/items/5715/,src/pages/items/[vnum].astro,items,generated world-file record,3,template-and-sample QA,,engine data,engine,active world files
/items/5716.json,src/pages/items/[vnum].json.ts,agent-json,generated machine-readable record,3,schema-and-sample QA,,engine data,engine,active world files
/items/5716/,src/pages/items/[vnum].astro,items,generated world-file record,3,template-and-sample QA,,engine data,engine,active world files
/items/5717.json,src/pages/items/[vnum].json.ts,agent-json,generated machine-readable record,3,schema-and-sample QA,,engine data,engine,active world files
/items/5717/,src/pages/items/[vnum].astro,items,generated world-file record,3,template-and-sample QA,,engine data,engine,active world files
/items/5718.json,src/pages/items/[vnum].json.ts,agent-json,generated machine-readable record,3,schema-and-sample QA,,engine data,engine,active world files
/items/5718/,src/pages/items/[vnum].astro,items,generated world-file record,3,template-and-sample QA,,engine data,engine,active world files
/items/5719.json,src/pages/items/[vnum].json.ts,agent-json,generated machine-readable record,3,schema-and-sample QA,,engine data,engine,active world files
/items/5719/,src/pages/items/[vnum].astro,items,generated world-file record,3,template-and-sample QA,,engine data,engine,active world files
/items/5720.json,src/pages/items/[vnum].json.ts,agent-json,generated machine-readable record,3,schema-and-sample QA,,engine data,engine,active world files
/items/5720/,src/pages/items/[vnum].astro,items,generated world-file record,3,template-and-sample QA,,engine data,engine,active world files
/items/5721.json,src/pages/items/[vnum].json.ts,agent-json,generated machine-readable record,3,schema-and-sample QA,,engine data,engine,active world files
/items/5721/,src/pages/items/[vnum].astro,items,generated world-file record,3,template-and-sample QA,,engine data,engine,active world files
/items/5722.json,src/pages/items/[vnum].json.ts,agent-json,generated machine-readable record,3,schema-and-sample QA,,engine data,engine,active world files
/items/5722/,src/pages/items/[vnum].astro,items,generated world-file record,3,template-and-sample QA,,engine data,engine,active world files
/items/5723.json,src/pages/items/[vnum].json.ts,agent-json,generated machine-readable record,3,schema-and-sample QA,,engine data,engine,active world files
/items/5723/,src/pages/items/[vnum].astro,items,generated world-file record,3,template-and-sample QA,,engine data,engine,active world files
/items/5724.json,src/pages/items/[vnum].json.ts,agent-json,generated machine-readable record,3,schema-and-sample QA,,engine data,engine,active world files
/items/5724/,src/pages/items/[vnum].astro,items,generated world-file record,3,template-and-sample QA,,engine data,engine,active world files
/items/5725.json,src/pages/items/[vnum].json.ts,agent-json,generated machine-readable record,3,schema-and-sample QA,,engine data,engine,active world files
/items/5725/,src/pages/items/[vnum].astro,items,generated world-file record,3,template-and-sample QA,,engine data,engine,active world files
/items/5726.json,src/pages/items/[vnum].json.ts,agent-json,generated machine-readable record,3,schema-and-sample QA,,engine data,engine,active world files
/items/5726/,src/pages/items/[vnum].astro,items,generated world-file record,3,template-and-sample QA,,engine data,engine,active world files
/items/5727.json,src/pages/items/[vnum].json.ts,agent-json,generated machine-readable record,3,schema-and-sample QA,,engine data,engine,active world files
/items/5727/,src/pages/items/[vnum].astro,items,generated world-file record,3,template-and-sample QA,,engine data,engine,active world files
/items/5728.json,src/pages/items/[vnum].json.ts,agent-json,generated machine-readable record,3,schema-and-sample QA,,engine data,engine,active world files
/items/5728/,src/pages/items/[vnum].astro,items,generated world-file record,3,template-and-sample QA,,engine data,engine,active world files
/items/5729.json,src/pages/items/[vnum].json.ts,agent-json,generated machine-readable record,3,schema-and-sample QA,,engine data,engine,active world files
/items/5729/,src/pages/items/[vnum].astro,items,generated world-file record,3,template-and-sample QA,,engine data,engine,active world files
/items/5730.json,src/pages/items/[vnum].json.ts,agent-json,generated machine-readable record,3,schema-and-sample QA,,engine data,engine,active world files
/items/5730/,src/pages/items/[vnum].astro,items,generated world-file record,3,template-and-sample QA,,engine data,engine,active world files
/items/5731.json,src/pages/items/[vnum].json.ts,agent-json,generated machine-readable record,3,schema-and-sample QA,,engine data,engine,active world files
/items/5731/,src/pages/items/[vnum].astro,items,generated world-file record,3,template-and-sample QA,,engine data,engine,active world files
/items/5732.json,src/pages/items/[vnum].json.ts,agent-json,generated machine-readable record,3,schema-and-sample QA,,engine data,engine,active world files
/items/5732/,src/pages/items/[vnum].astro,items,generated world-file record,3,template-and-sample QA,,engine data,engine,active world files
/items/5733.json,src/pages/items/[vnum].json.ts,agent-json,generated machine-readable record,3,schema-and-sample QA,,engine data,engine,active world files
/items/5733/,src/pages/items/[vnum].astro,items,generated world-file record,3,template-and-sample QA,,engine data,engine,active world files
/items/5734.json,src/pages/items/[vnum].json.ts,agent-json,generated machine-readable record,3,schema-and-sample QA,,engine data,engine,active world files
/items/5734/,src/pages/items/[vnum].astro,items,generated world-file record,3,template-and-sample QA,,engine data,engine,active world files
/items/5735.json,src/pages/items/[vnum].json.ts,agent-json,generated machine-readable record,3,schema-and-sample QA,,engine data,engine,active world files
/items/5735/,src/pages/items/[vnum].astro,items,generated world-file record,3,template-and-sample QA,,engine data,engine,active world files
/items/5736.json,src/pages/items/[vnum].json.ts,agent-json,generated machine-readable record,3,schema-and-sample QA,,engine data,engine,active world files
/items/5736/,src/pages/items/[vnum].astro,items,generated world-file record,3,template-and-sample QA,,engine data,engine,active world files
/items/5737.json,src/pages/items/[vnum].json.ts,agent-json,generated machine-readable record,3,schema-and-sample QA,,engine data,engine,active world files
/items/5737/,src/pages/items/[vnum].astro,items,generated world-file record,3,template-and-sample QA,,engine data,engine,active world files
/items/5738.json,src/pages/items/[vnum].json.ts,agent-json,generated machine-readable record,3,schema-and-sample QA,,engine data,engine,active world files
/items/5738/,src/pages/items/[vnum].astro,items,generated world-file record,3,template-and-sample QA,,engine data,engine,active world files
/items/5739.json,src/pages/items/[vnum].json.ts,agent-json,generated machine-readable record,3,schema-and-sample QA,,engine data,engine,active world files
/items/5739/,src/pages/items/[vnum].astro,items,generated world-file record,3,template-and-sample QA,,engine data,engine,active world files
/items/5740.json,src/pages/items/[vnum].json.ts,agent-json,generated machine-readable record,3,schema-and-sample QA,,engine data,engine,active world files
/items/5740/,src/pages/items/[vnum].astro,items,generated world-file record,3,template-and-sample QA,,engine data,engine,active world files
/items/5741.json,src/pages/items/[vnum].json.ts,agent-json,generated machine-readable record,3,schema-and-sample QA,,engine data,engine,active world files
/items/5741/,src/pages/items/[vnum].astro,items,generated world-file record,3,template-and-sample QA,,engine data,engine,active world files
/items/5800.json,src/pages/items/[vnum].json.ts,agent-json,generated machine-readable record,3,schema-and-sample QA,,engine data,engine,active world files
/items/5800/,src/pages/items/[vnum].astro,items,generated world-file record,3,template-and-sample QA,,engine data,engine,active world files
/items/5801.json,src/pages/items/[vnum].json.ts,agent-json,generated machine-readable record,3,schema-and-sample QA,,engine data,engine,active world files
/items/5801/,src/pages/items/[vnum].astro,items,generated world-file record,3,template-and-sample QA,,engine data,engine,active world files
/items/5802.json,src/pages/items/[vnum].json.ts,agent-json,generated machine-readable record,3,schema-and-sample QA,,engine data,engine,active world files
/items/5802/,src/pages/items/[vnum].astro,items,generated world-file record,3,template-and-sample QA,,engine data,engine,active world files
/items/5803.json,src/pages/items/[vnum].json.ts,agent-json,generated machine-readable record,3,schema-and-sample QA,,engine data,engine,active world files
/items/5803/,src/pages/items/[vnum].astro,items,generated world-file record,3,template-and-sample QA,,engine data,engine,active world files
/items/5804.json,src/pages/items/[vnum].json.ts,agent-json,generated machine-readable record,3,schema-and-sample QA,,engine data,engine,active world files
/items/5804/,src/pages/items/[vnum].astro,items,generated world-file record,3,template-and-sample QA,,engine data,engine,active world files
/items/5805.json,src/pages/items/[vnum].json.ts,agent-json,generated machine-readable record,3,schema-and-sample QA,,engine data,engine,active world files
/items/5805/,src/pages/items/[vnum].astro,items,generated world-file record,3,template-and-sample QA,,engine data,engine,active world files
/items/5806.json,src/pages/items/[vnum].json.ts,agent-json,generated machine-readable record,3,schema-and-sample QA,,engine data,engine,active world files
/items/5806/,src/pages/items/[vnum].astro,items,generated world-file record,3,template-and-sample QA,,engine data,engine,active world files
/items/5807.json,src/pages/items/[vnum].json.ts,agent-json,generated machine-readable record,3,schema-and-sample QA,,engine data,engine,active world files
/items/5807/,src/pages/items/[vnum].astro,items,generated world-file record,3,template-and-sample QA,,engine data,engine,active world files
/items/5808.json,src/pages/items/[vnum].json.ts,agent-json,generated machine-readable record,3,schema-and-sample QA,,engine data,engine,active world files
/items/5808/,src/pages/items/[vnum].astro,items,generated world-file record,3,template-and-sample QA,,engine data,engine,active world files
/items/5809.json,src/pages/items/[vnum].json.ts,agent-json,generated machine-readable record,3,schema-and-sample QA,,engine data,engine,active world files
/items/5809/,src/pages/items/[vnum].astro,items,generated world-file record,3,template-and-sample QA,,engine data,engine,active world files
/items/5810.json,src/pages/items/[vnum].json.ts,agent-json,generated machine-readable record,3,schema-and-sample QA,,engine data,engine,active world files
/items/5810/,src/pages/items/[vnum].astro,items,generated world-file record,3,template-and-sample QA,,engine data,engine,active world files
/items/6.json,src/pages/items/[vnum].json.ts,agent-json,generated machine-readable record,3,schema-and-sample QA,,engine data,engine,active world files
/items/6/,src/pages/items/[vnum].astro,items,generated world-file record,3,template-and-sample QA,,engine data,engine,active world files
/items/64.json,src/pages/items/[vnum].json.ts,agent-json,generated machine-readable record,3,schema-and-sample QA,,engine data,engine,active world files
/items/64/,src/pages/items/[vnum].astro,items,generated world-file record,3,template-and-sample QA,,engine data,engine,active world files
/items/65.json,src/pages/items/[vnum].json.ts,agent-json,generated machine-readable record,3,schema-and-sample QA,,engine data,engine,active world files
/items/65/,src/pages/items/[vnum].astro,items,generated world-file record,3,template-and-sample QA,,engine data,engine,active world files
/items/66.json,src/pages/items/[vnum].json.ts,agent-json,generated machine-readable record,3,schema-and-sample QA,,engine data,engine,active world files
/items/66/,src/pages/items/[vnum].astro,items,generated world-file record,3,template-and-sample QA,,engine data,engine,active world files
/items/69.json,src/pages/items/[vnum].json.ts,agent-json,generated machine-readable record,3,schema-and-sample QA,,engine data,engine,active world files
/items/69/,src/pages/items/[vnum].astro,items,generated world-file record,3,template-and-sample QA,,engine data,engine,active world files
/items/70.json,src/pages/items/[vnum].json.ts,agent-json,generated machine-readable record,3,schema-and-sample QA,,engine data,engine,active world files
/items/70/,src/pages/items/[vnum].astro,items,generated world-file record,3,template-and-sample QA,,engine data,engine,active world files
/items/7001.json,src/pages/items/[vnum].json.ts,agent-json,generated machine-readable record,3,schema-and-sample QA,,engine data,engine,active world files
/items/7001/,src/pages/items/[vnum].astro,items,generated world-file record,3,template-and-sample QA,,engine data,engine,active world files
/items/7002.json,src/pages/items/[vnum].json.ts,agent-json,generated machine-readable record,3,schema-and-sample QA,,engine data,engine,active world files
/items/7002/,src/pages/items/[vnum].astro,items,generated world-file record,3,template-and-sample QA,,engine data,engine,active world files
/items/7003.json,src/pages/items/[vnum].json.ts,agent-json,generated machine-readable record,3,schema-and-sample QA,,engine data,engine,active world files
/items/7003/,src/pages/items/[vnum].astro,items,generated world-file record,3,template-and-sample QA,,engine data,engine,active world files
/items/7004.json,src/pages/items/[vnum].json.ts,agent-json,generated machine-readable record,3,schema-and-sample QA,,engine data,engine,active world files
/items/7004/,src/pages/items/[vnum].astro,items,generated world-file record,3,template-and-sample QA,,engine data,engine,active world files
/items/7005.json,src/pages/items/[vnum].json.ts,agent-json,generated machine-readable record,3,schema-and-sample QA,,engine data,engine,active world files
/items/7005/,src/pages/items/[vnum].astro,items,generated world-file record,3,template-and-sample QA,,engine data,engine,active world files
/items/7006.json,src/pages/items/[vnum].json.ts,agent-json,generated machine-readable record,3,schema-and-sample QA,,engine data,engine,active world files
/items/7006/,src/pages/items/[vnum].astro,items,generated world-file record,3,template-and-sample QA,,engine data,engine,active world files
/items/7007.json,src/pages/items/[vnum].json.ts,agent-json,generated machine-readable record,3,schema-and-sample QA,,engine data,engine,active world files
/items/7007/,src/pages/items/[vnum].astro,items,generated world-file record,3,template-and-sample QA,,engine data,engine,active world files
/items/7008.json,src/pages/items/[vnum].json.ts,agent-json,generated machine-readable record,3,schema-and-sample QA,,engine data,engine,active world files
/items/7008/,src/pages/items/[vnum].astro,items,generated world-file record,3,template-and-sample QA,,engine data,engine,active world files
/items/7009.json,src/pages/items/[vnum].json.ts,agent-json,generated machine-readable record,3,schema-and-sample QA,,engine data,engine,active world files
/items/7009/,src/pages/items/[vnum].astro,items,generated world-file record,3,template-and-sample QA,,engine data,engine,active world files
/items/7010.json,src/pages/items/[vnum].json.ts,agent-json,generated machine-readable record,3,schema-and-sample QA,,engine data,engine,active world files
/items/7010/,src/pages/items/[vnum].astro,items,generated world-file record,3,template-and-sample QA,,engine data,engine,active world files
/items/7011.json,src/pages/items/[vnum].json.ts,agent-json,generated machine-readable record,3,schema-and-sample QA,,engine data,engine,active world files
/items/7011/,src/pages/items/[vnum].astro,items,generated world-file record,3,template-and-sample QA,,engine data,engine,active world files
/items/7012.json,src/pages/items/[vnum].json.ts,agent-json,generated machine-readable record,3,schema-and-sample QA,,engine data,engine,active world files
/items/7012/,src/pages/items/[vnum].astro,items,generated world-file record,3,template-and-sample QA,,engine data,engine,active world files
/items/7013.json,src/pages/items/[vnum].json.ts,agent-json,generated machine-readable record,3,schema-and-sample QA,,engine data,engine,active world files
/items/7013/,src/pages/items/[vnum].astro,items,generated world-file record,3,template-and-sample QA,,engine data,engine,active world files
/items/7014.json,src/pages/items/[vnum].json.ts,agent-json,generated machine-readable record,3,schema-and-sample QA,,engine data,engine,active world files
/items/7014/,src/pages/items/[vnum].astro,items,generated world-file record,3,template-and-sample QA,,engine data,engine,active world files
/items/7015.json,src/pages/items/[vnum].json.ts,agent-json,generated machine-readable record,3,schema-and-sample QA,,engine data,engine,active world files
/items/7015/,src/pages/items/[vnum].astro,items,generated world-file record,3,template-and-sample QA,,engine data,engine,active world files
/items/7016.json,src/pages/items/[vnum].json.ts,agent-json,generated machine-readable record,3,schema-and-sample QA,,engine data,engine,active world files
/items/7016/,src/pages/items/[vnum].astro,items,generated world-file record,3,template-and-sample QA,,engine data,engine,active world files
/items/7017.json,src/pages/items/[vnum].json.ts,agent-json,generated machine-readable record,3,schema-and-sample QA,,engine data,engine,active world files
/items/7017/,src/pages/items/[vnum].astro,items,generated world-file record,3,template-and-sample QA,,engine data,engine,active world files
/items/7018.json,src/pages/items/[vnum].json.ts,agent-json,generated machine-readable record,3,schema-and-sample QA,,engine data,engine,active world files
/items/7018/,src/pages/items/[vnum].astro,items,generated world-file record,3,template-and-sample QA,,engine data,engine,active world files
/items/7019.json,src/pages/items/[vnum].json.ts,agent-json,generated machine-readable record,3,schema-and-sample QA,,engine data,engine,active world files
/items/7019/,src/pages/items/[vnum].astro,items,generated world-file record,3,template-and-sample QA,,engine data,engine,active world files
/items/7020.json,src/pages/items/[vnum].json.ts,agent-json,generated machine-readable record,3,schema-and-sample QA,,engine data,engine,active world files
/items/7020/,src/pages/items/[vnum].astro,items,generated world-file record,3,template-and-sample QA,,engine data,engine,active world files
/items/7021.json,src/pages/items/[vnum].json.ts,agent-json,generated machine-readable record,3,schema-and-sample QA,,engine data,engine,active world files
/items/7021/,src/pages/items/[vnum].astro,items,generated world-file record,3,template-and-sample QA,,engine data,engine,active world files
/items/7022.json,src/pages/items/[vnum].json.ts,agent-json,generated machine-readable record,3,schema-and-sample QA,,engine data,engine,active world files
/items/7022/,src/pages/items/[vnum].astro,items,generated world-file record,3,template-and-sample QA,,engine data,engine,active world files
/items/7023.json,src/pages/items/[vnum].json.ts,agent-json,generated machine-readable record,3,schema-and-sample QA,,engine data,engine,active world files
/items/7023/,src/pages/items/[vnum].astro,items,generated world-file record,3,template-and-sample QA,,engine data,engine,active world files
/items/7024.json,src/pages/items/[vnum].json.ts,agent-json,generated machine-readable record,3,schema-and-sample QA,,engine data,engine,active world files
/items/7024/,src/pages/items/[vnum].astro,items,generated world-file record,3,template-and-sample QA,,engine data,engine,active world files
/items/7025.json,src/pages/items/[vnum].json.ts,agent-json,generated machine-readable record,3,schema-and-sample QA,,engine data,engine,active world files
/items/7025/,src/pages/items/[vnum].astro,items,generated world-file record,3,template-and-sample QA,,engine data,engine,active world files
/items/7026.json,src/pages/items/[vnum].json.ts,agent-json,generated machine-readable record,3,schema-and-sample QA,,engine data,engine,active world files
/items/7026/,src/pages/items/[vnum].astro,items,generated world-file record,3,template-and-sample QA,,engine data,engine,active world files
/items/7027.json,src/pages/items/[vnum].json.ts,agent-json,generated machine-readable record,3,schema-and-sample QA,,engine data,engine,active world files
/items/7027/,src/pages/items/[vnum].astro,items,generated world-file record,3,template-and-sample QA,,engine data,engine,active world files
/items/7028.json,src/pages/items/[vnum].json.ts,agent-json,generated machine-readable record,3,schema-and-sample QA,,engine data,engine,active world files
/items/7028/,src/pages/items/[vnum].astro,items,generated world-file record,3,template-and-sample QA,,engine data,engine,active world files
/items/71.json,src/pages/items/[vnum].json.ts,agent-json,generated machine-readable record,3,schema-and-sample QA,,engine data,engine,active world files
/items/71/,src/pages/items/[vnum].astro,items,generated world-file record,3,template-and-sample QA,,engine data,engine,active world files
/items/72.json,src/pages/items/[vnum].json.ts,agent-json,generated machine-readable record,3,schema-and-sample QA,,engine data,engine,active world files
/items/72/,src/pages/items/[vnum].astro,items,generated world-file record,3,template-and-sample QA,,engine data,engine,active world files
/items/74.json,src/pages/items/[vnum].json.ts,agent-json,generated machine-readable record,3,schema-and-sample QA,,engine data,engine,active world files
/items/74/,src/pages/items/[vnum].astro,items,generated world-file record,3,template-and-sample QA,,engine data,engine,active world files
/items/75.json,src/pages/items/[vnum].json.ts,agent-json,generated machine-readable record,3,schema-and-sample QA,,engine data,engine,active world files
/items/75/,src/pages/items/[vnum].astro,items,generated world-file record,3,template-and-sample QA,,engine data,engine,active world files
/items/76.json,src/pages/items/[vnum].json.ts,agent-json,generated machine-readable record,3,schema-and-sample QA,,engine data,engine,active world files
/items/76/,src/pages/items/[vnum].astro,items,generated world-file record,3,template-and-sample QA,,engine data,engine,active world files
/items/77.json,src/pages/items/[vnum].json.ts,agent-json,generated machine-readable record,3,schema-and-sample QA,,engine data,engine,active world files
/items/77/,src/pages/items/[vnum].astro,items,generated world-file record,3,template-and-sample QA,,engine data,engine,active world files
/items/78.json,src/pages/items/[vnum].json.ts,agent-json,generated machine-readable record,3,schema-and-sample QA,,engine data,engine,active world files
/items/78/,src/pages/items/[vnum].astro,items,generated world-file record,3,template-and-sample QA,,engine data,engine,active world files
/items/79.json,src/pages/items/[vnum].json.ts,agent-json,generated machine-readable record,3,schema-and-sample QA,,engine data,engine,active world files
/items/79/,src/pages/items/[vnum].astro,items,generated world-file record,3,template-and-sample QA,,engine data,engine,active world files
/items/7901.json,src/pages/items/[vnum].json.ts,agent-json,generated machine-readable record,3,schema-and-sample QA,,engine data,engine,active world files
/items/7901/,src/pages/items/[vnum].astro,items,generated world-file record,3,template-and-sample QA,,engine data,engine,active world files
/items/7902.json,src/pages/items/[vnum].json.ts,agent-json,generated machine-readable record,3,schema-and-sample QA,,engine data,engine,active world files
/items/7902/,src/pages/items/[vnum].astro,items,generated world-file record,3,template-and-sample QA,,engine data,engine,active world files
/items/7903.json,src/pages/items/[vnum].json.ts,agent-json,generated machine-readable record,3,schema-and-sample QA,,engine data,engine,active world files
/items/7903/,src/pages/items/[vnum].astro,items,generated world-file record,3,template-and-sample QA,,engine data,engine,active world files
/items/7904.json,src/pages/items/[vnum].json.ts,agent-json,generated machine-readable record,3,schema-and-sample QA,,engine data,engine,active world files
/items/7904/,src/pages/items/[vnum].astro,items,generated world-file record,3,template-and-sample QA,,engine data,engine,active world files
/items/7905.json,src/pages/items/[vnum].json.ts,agent-json,generated machine-readable record,3,schema-and-sample QA,,engine data,engine,active world files
/items/7905/,src/pages/items/[vnum].astro,items,generated world-file record,3,template-and-sample QA,,engine data,engine,active world files
/items/7912.json,src/pages/items/[vnum].json.ts,agent-json,generated machine-readable record,3,schema-and-sample QA,,engine data,engine,active world files
/items/7912/,src/pages/items/[vnum].astro,items,generated world-file record,3,template-and-sample QA,,engine data,engine,active world files
/items/7913.json,src/pages/items/[vnum].json.ts,agent-json,generated machine-readable record,3,schema-and-sample QA,,engine data,engine,active world files
/items/7913/,src/pages/items/[vnum].astro,items,generated world-file record,3,template-and-sample QA,,engine data,engine,active world files
/items/7914.json,src/pages/items/[vnum].json.ts,agent-json,generated machine-readable record,3,schema-and-sample QA,,engine data,engine,active world files
/items/7914/,src/pages/items/[vnum].astro,items,generated world-file record,3,template-and-sample QA,,engine data,engine,active world files
/items/7915.json,src/pages/items/[vnum].json.ts,agent-json,generated machine-readable record,3,schema-and-sample QA,,engine data,engine,active world files
/items/7915/,src/pages/items/[vnum].astro,items,generated world-file record,3,template-and-sample QA,,engine data,engine,active world files
/items/7916.json,src/pages/items/[vnum].json.ts,agent-json,generated machine-readable record,3,schema-and-sample QA,,engine data,engine,active world files
/items/7916/,src/pages/items/[vnum].astro,items,generated world-file record,3,template-and-sample QA,,engine data,engine,active world files
/items/7917.json,src/pages/items/[vnum].json.ts,agent-json,generated machine-readable record,3,schema-and-sample QA,,engine data,engine,active world files
/items/7917/,src/pages/items/[vnum].astro,items,generated world-file record,3,template-and-sample QA,,engine data,engine,active world files
/items/7920.json,src/pages/items/[vnum].json.ts,agent-json,generated machine-readable record,3,schema-and-sample QA,,engine data,engine,active world files
/items/7920/,src/pages/items/[vnum].astro,items,generated world-file record,3,template-and-sample QA,,engine data,engine,active world files
/items/7921.json,src/pages/items/[vnum].json.ts,agent-json,generated machine-readable record,3,schema-and-sample QA,,engine data,engine,active world files
/items/7921/,src/pages/items/[vnum].astro,items,generated world-file record,3,template-and-sample QA,,engine data,engine,active world files
/items/7922.json,src/pages/items/[vnum].json.ts,agent-json,generated machine-readable record,3,schema-and-sample QA,,engine data,engine,active world files
/items/7922/,src/pages/items/[vnum].astro,items,generated world-file record,3,template-and-sample QA,,engine data,engine,active world files
/items/7923.json,src/pages/items/[vnum].json.ts,agent-json,generated machine-readable record,3,schema-and-sample QA,,engine data,engine,active world files
/items/7923/,src/pages/items/[vnum].astro,items,generated world-file record,3,template-and-sample QA,,engine data,engine,active world files
/items/7924.json,src/pages/items/[vnum].json.ts,agent-json,generated machine-readable record,3,schema-and-sample QA,,engine data,engine,active world files
/items/7924/,src/pages/items/[vnum].astro,items,generated world-file record,3,template-and-sample QA,,engine data,engine,active world files
/items/7925.json,src/pages/items/[vnum].json.ts,agent-json,generated machine-readable record,3,schema-and-sample QA,,engine data,engine,active world files
/items/7925/,src/pages/items/[vnum].astro,items,generated world-file record,3,template-and-sample QA,,engine data,engine,active world files
/items/7926.json,src/pages/items/[vnum].json.ts,agent-json,generated machine-readable record,3,schema-and-sample QA,,engine data,engine,active world files
/items/7926/,src/pages/items/[vnum].astro,items,generated world-file record,3,template-and-sample QA,,engine data,engine,active world files
/items/7927.json,src/pages/items/[vnum].json.ts,agent-json,generated machine-readable record,3,schema-and-sample QA,,engine data,engine,active world files
/items/7927/,src/pages/items/[vnum].astro,items,generated world-file record,3,template-and-sample QA,,engine data,engine,active world files
/items/7928.json,src/pages/items/[vnum].json.ts,agent-json,generated machine-readable record,3,schema-and-sample QA,,engine data,engine,active world files
/items/7928/,src/pages/items/[vnum].astro,items,generated world-file record,3,template-and-sample QA,,engine data,engine,active world files
/items/7929.json,src/pages/items/[vnum].json.ts,agent-json,generated machine-readable record,3,schema-and-sample QA,,engine data,engine,active world files
/items/7929/,src/pages/items/[vnum].astro,items,generated world-file record,3,template-and-sample QA,,engine data,engine,active world files
/items/7930.json,src/pages/items/[vnum].json.ts,agent-json,generated machine-readable record,3,schema-and-sample QA,,engine data,engine,active world files
/items/7930/,src/pages/items/[vnum].astro,items,generated world-file record,3,template-and-sample QA,,engine data,engine,active world files
/items/7931.json,src/pages/items/[vnum].json.ts,agent-json,generated machine-readable record,3,schema-and-sample QA,,engine data,engine,active world files
/items/7931/,src/pages/items/[vnum].astro,items,generated world-file record,3,template-and-sample QA,,engine data,engine,active world files
/items/7932.json,src/pages/items/[vnum].json.ts,agent-json,generated machine-readable record,3,schema-and-sample QA,,engine data,engine,active world files
/items/7932/,src/pages/items/[vnum].astro,items,generated world-file record,3,template-and-sample QA,,engine data,engine,active world files
/items/7933.json,src/pages/items/[vnum].json.ts,agent-json,generated machine-readable record,3,schema-and-sample QA,,engine data,engine,active world files
/items/7933/,src/pages/items/[vnum].astro,items,generated world-file record,3,template-and-sample QA,,engine data,engine,active world files
/items/7934.json,src/pages/items/[vnum].json.ts,agent-json,generated machine-readable record,3,schema-and-sample QA,,engine data,engine,active world files
/items/7934/,src/pages/items/[vnum].astro,items,generated world-file record,3,template-and-sample QA,,engine data,engine,active world files
/items/7935.json,src/pages/items/[vnum].json.ts,agent-json,generated machine-readable record,3,schema-and-sample QA,,engine data,engine,active world files
/items/7935/,src/pages/items/[vnum].astro,items,generated world-file record,3,template-and-sample QA,,engine data,engine,active world files
/items/7936.json,src/pages/items/[vnum].json.ts,agent-json,generated machine-readable record,3,schema-and-sample QA,,engine data,engine,active world files
/items/7936/,src/pages/items/[vnum].astro,items,generated world-file record,3,template-and-sample QA,,engine data,engine,active world files
/items/7937.json,src/pages/items/[vnum].json.ts,agent-json,generated machine-readable record,3,schema-and-sample QA,,engine data,engine,active world files
/items/7937/,src/pages/items/[vnum].astro,items,generated world-file record,3,template-and-sample QA,,engine data,engine,active world files
/items/7938.json,src/pages/items/[vnum].json.ts,agent-json,generated machine-readable record,3,schema-and-sample QA,,engine data,engine,active world files
/items/7938/,src/pages/items/[vnum].astro,items,generated world-file record,3,template-and-sample QA,,engine data,engine,active world files
/items/7939.json,src/pages/items/[vnum].json.ts,agent-json,generated machine-readable record,3,schema-and-sample QA,,engine data,engine,active world files
/items/7939/,src/pages/items/[vnum].astro,items,generated world-file record,3,template-and-sample QA,,engine data,engine,active world files
/items/7940.json,src/pages/items/[vnum].json.ts,agent-json,generated machine-readable record,3,schema-and-sample QA,,engine data,engine,active world files
/items/7940/,src/pages/items/[vnum].astro,items,generated world-file record,3,template-and-sample QA,,engine data,engine,active world files
/items/7950.json,src/pages/items/[vnum].json.ts,agent-json,generated machine-readable record,3,schema-and-sample QA,,engine data,engine,active world files
/items/7950/,src/pages/items/[vnum].astro,items,generated world-file record,3,template-and-sample QA,,engine data,engine,active world files
/items/7951.json,src/pages/items/[vnum].json.ts,agent-json,generated machine-readable record,3,schema-and-sample QA,,engine data,engine,active world files
/items/7951/,src/pages/items/[vnum].astro,items,generated world-file record,3,template-and-sample QA,,engine data,engine,active world files
/items/7952.json,src/pages/items/[vnum].json.ts,agent-json,generated machine-readable record,3,schema-and-sample QA,,engine data,engine,active world files
/items/7952/,src/pages/items/[vnum].astro,items,generated world-file record,3,template-and-sample QA,,engine data,engine,active world files
/items/7953.json,src/pages/items/[vnum].json.ts,agent-json,generated machine-readable record,3,schema-and-sample QA,,engine data,engine,active world files
/items/7953/,src/pages/items/[vnum].astro,items,generated world-file record,3,template-and-sample QA,,engine data,engine,active world files
/items/7954.json,src/pages/items/[vnum].json.ts,agent-json,generated machine-readable record,3,schema-and-sample QA,,engine data,engine,active world files
/items/7954/,src/pages/items/[vnum].astro,items,generated world-file record,3,template-and-sample QA,,engine data,engine,active world files
/items/7955.json,src/pages/items/[vnum].json.ts,agent-json,generated machine-readable record,3,schema-and-sample QA,,engine data,engine,active world files
/items/7955/,src/pages/items/[vnum].astro,items,generated world-file record,3,template-and-sample QA,,engine data,engine,active world files
/items/80.json,src/pages/items/[vnum].json.ts,agent-json,generated machine-readable record,3,schema-and-sample QA,,engine data,engine,active world files
/items/80/,src/pages/items/[vnum].astro,items,generated world-file record,3,template-and-sample QA,,engine data,engine,active world files
/items/8000.json,src/pages/items/[vnum].json.ts,agent-json,generated machine-readable record,3,schema-and-sample QA,,engine data,engine,active world files
/items/8000/,src/pages/items/[vnum].astro,items,generated world-file record,3,template-and-sample QA,,engine data,engine,active world files
/items/8001.json,src/pages/items/[vnum].json.ts,agent-json,generated machine-readable record,3,schema-and-sample QA,,engine data,engine,active world files
/items/8001/,src/pages/items/[vnum].astro,items,generated world-file record,3,template-and-sample QA,,engine data,engine,active world files
/items/8002.json,src/pages/items/[vnum].json.ts,agent-json,generated machine-readable record,3,schema-and-sample QA,,engine data,engine,active world files
/items/8002/,src/pages/items/[vnum].astro,items,generated world-file record,3,template-and-sample QA,,engine data,engine,active world files
/items/8003.json,src/pages/items/[vnum].json.ts,agent-json,generated machine-readable record,3,schema-and-sample QA,,engine data,engine,active world files
/items/8003/,src/pages/items/[vnum].astro,items,generated world-file record,3,template-and-sample QA,,engine data,engine,active world files
/items/8004.json,src/pages/items/[vnum].json.ts,agent-json,generated machine-readable record,3,schema-and-sample QA,,engine data,engine,active world files
/items/8004/,src/pages/items/[vnum].astro,items,generated world-file record,3,template-and-sample QA,,engine data,engine,active world files
/items/8005.json,src/pages/items/[vnum].json.ts,agent-json,generated machine-readable record,3,schema-and-sample QA,,engine data,engine,active world files
/items/8005/,src/pages/items/[vnum].astro,items,generated world-file record,3,template-and-sample QA,,engine data,engine,active world files
/items/8006.json,src/pages/items/[vnum].json.ts,agent-json,generated machine-readable record,3,schema-and-sample QA,,engine data,engine,active world files
/items/8006/,src/pages/items/[vnum].astro,items,generated world-file record,3,template-and-sample QA,,engine data,engine,active world files
/items/8007.json,src/pages/items/[vnum].json.ts,agent-json,generated machine-readable record,3,schema-and-sample QA,,engine data,engine,active world files
/items/8007/,src/pages/items/[vnum].astro,items,generated world-file record,3,template-and-sample QA,,engine data,engine,active world files
/items/8008.json,src/pages/items/[vnum].json.ts,agent-json,generated machine-readable record,3,schema-and-sample QA,,engine data,engine,active world files
/items/8008/,src/pages/items/[vnum].astro,items,generated world-file record,3,template-and-sample QA,,engine data,engine,active world files
/items/8010.json,src/pages/items/[vnum].json.ts,agent-json,generated machine-readable record,3,schema-and-sample QA,,engine data,engine,active world files
/items/8010/,src/pages/items/[vnum].astro,items,generated world-file record,3,template-and-sample QA,,engine data,engine,active world files
/items/8011.json,src/pages/items/[vnum].json.ts,agent-json,generated machine-readable record,3,schema-and-sample QA,,engine data,engine,active world files
/items/8011/,src/pages/items/[vnum].astro,items,generated world-file record,3,template-and-sample QA,,engine data,engine,active world files
/items/8012.json,src/pages/items/[vnum].json.ts,agent-json,generated machine-readable record,3,schema-and-sample QA,,engine data,engine,active world files
/items/8012/,src/pages/items/[vnum].astro,items,generated world-file record,3,template-and-sample QA,,engine data,engine,active world files
/items/8015.json,src/pages/items/[vnum].json.ts,agent-json,generated machine-readable record,3,schema-and-sample QA,,engine data,engine,active world files
/items/8015/,src/pages/items/[vnum].astro,items,generated world-file record,3,template-and-sample QA,,engine data,engine,active world files
/items/8019.json,src/pages/items/[vnum].json.ts,agent-json,generated machine-readable record,3,schema-and-sample QA,,engine data,engine,active world files
/items/8019/,src/pages/items/[vnum].astro,items,generated world-file record,3,template-and-sample QA,,engine data,engine,active world files
/items/8020.json,src/pages/items/[vnum].json.ts,agent-json,generated machine-readable record,3,schema-and-sample QA,,engine data,engine,active world files
/items/8020/,src/pages/items/[vnum].astro,items,generated world-file record,3,template-and-sample QA,,engine data,engine,active world files
/items/8021.json,src/pages/items/[vnum].json.ts,agent-json,generated machine-readable record,3,schema-and-sample QA,,engine data,engine,active world files
/items/8021/,src/pages/items/[vnum].astro,items,generated world-file record,3,template-and-sample QA,,engine data,engine,active world files
/items/8022.json,src/pages/items/[vnum].json.ts,agent-json,generated machine-readable record,3,schema-and-sample QA,,engine data,engine,active world files
/items/8022/,src/pages/items/[vnum].astro,items,generated world-file record,3,template-and-sample QA,,engine data,engine,active world files
/items/8023.json,src/pages/items/[vnum].json.ts,agent-json,generated machine-readable record,3,schema-and-sample QA,,engine data,engine,active world files
/items/8023/,src/pages/items/[vnum].astro,items,generated world-file record,3,template-and-sample QA,,engine data,engine,active world files
/items/8024.json,src/pages/items/[vnum].json.ts,agent-json,generated machine-readable record,3,schema-and-sample QA,,engine data,engine,active world files
/items/8024/,src/pages/items/[vnum].astro,items,generated world-file record,3,template-and-sample QA,,engine data,engine,active world files
/items/8025.json,src/pages/items/[vnum].json.ts,agent-json,generated machine-readable record,3,schema-and-sample QA,,engine data,engine,active world files
/items/8025/,src/pages/items/[vnum].astro,items,generated world-file record,3,template-and-sample QA,,engine data,engine,active world files
/items/8026.json,src/pages/items/[vnum].json.ts,agent-json,generated machine-readable record,3,schema-and-sample QA,,engine data,engine,active world files
/items/8026/,src/pages/items/[vnum].astro,items,generated world-file record,3,template-and-sample QA,,engine data,engine,active world files
/items/8027.json,src/pages/items/[vnum].json.ts,agent-json,generated machine-readable record,3,schema-and-sample QA,,engine data,engine,active world files
/items/8027/,src/pages/items/[vnum].astro,items,generated world-file record,3,template-and-sample QA,,engine data,engine,active world files
/items/8028.json,src/pages/items/[vnum].json.ts,agent-json,generated machine-readable record,3,schema-and-sample QA,,engine data,engine,active world files
/items/8028/,src/pages/items/[vnum].astro,items,generated world-file record,3,template-and-sample QA,,engine data,engine,active world files
/items/8030.json,src/pages/items/[vnum].json.ts,agent-json,generated machine-readable record,3,schema-and-sample QA,,engine data,engine,active world files
/items/8030/,src/pages/items/[vnum].astro,items,generated world-file record,3,template-and-sample QA,,engine data,engine,active world files
/items/8031.json,src/pages/items/[vnum].json.ts,agent-json,generated machine-readable record,3,schema-and-sample QA,,engine data,engine,active world files
/items/8031/,src/pages/items/[vnum].astro,items,generated world-file record,3,template-and-sample QA,,engine data,engine,active world files
/items/8032.json,src/pages/items/[vnum].json.ts,agent-json,generated machine-readable record,3,schema-and-sample QA,,engine data,engine,active world files
/items/8032/,src/pages/items/[vnum].astro,items,generated world-file record,3,template-and-sample QA,,engine data,engine,active world files
/items/8033.json,src/pages/items/[vnum].json.ts,agent-json,generated machine-readable record,3,schema-and-sample QA,,engine data,engine,active world files
/items/8033/,src/pages/items/[vnum].astro,items,generated world-file record,3,template-and-sample QA,,engine data,engine,active world files
/items/8034.json,src/pages/items/[vnum].json.ts,agent-json,generated machine-readable record,3,schema-and-sample QA,,engine data,engine,active world files
/items/8034/,src/pages/items/[vnum].astro,items,generated world-file record,3,template-and-sample QA,,engine data,engine,active world files
/items/8035.json,src/pages/items/[vnum].json.ts,agent-json,generated machine-readable record,3,schema-and-sample QA,,engine data,engine,active world files
/items/8035/,src/pages/items/[vnum].astro,items,generated world-file record,3,template-and-sample QA,,engine data,engine,active world files
/items/8036.json,src/pages/items/[vnum].json.ts,agent-json,generated machine-readable record,3,schema-and-sample QA,,engine data,engine,active world files
/items/8036/,src/pages/items/[vnum].astro,items,generated world-file record,3,template-and-sample QA,,engine data,engine,active world files
/items/8037.json,src/pages/items/[vnum].json.ts,agent-json,generated machine-readable record,3,schema-and-sample QA,,engine data,engine,active world files
/items/8037/,src/pages/items/[vnum].astro,items,generated world-file record,3,template-and-sample QA,,engine data,engine,active world files
/items/8038.json,src/pages/items/[vnum].json.ts,agent-json,generated machine-readable record,3,schema-and-sample QA,,engine data,engine,active world files
/items/8038/,src/pages/items/[vnum].astro,items,generated world-file record,3,template-and-sample QA,,engine data,engine,active world files
/items/8040.json,src/pages/items/[vnum].json.ts,agent-json,generated machine-readable record,3,schema-and-sample QA,,engine data,engine,active world files
/items/8040/,src/pages/items/[vnum].astro,items,generated world-file record,3,template-and-sample QA,,engine data,engine,active world files
/items/8041.json,src/pages/items/[vnum].json.ts,agent-json,generated machine-readable record,3,schema-and-sample QA,,engine data,engine,active world files
/items/8041/,src/pages/items/[vnum].astro,items,generated world-file record,3,template-and-sample QA,,engine data,engine,active world files
/items/8042.json,src/pages/items/[vnum].json.ts,agent-json,generated machine-readable record,3,schema-and-sample QA,,engine data,engine,active world files
/items/8042/,src/pages/items/[vnum].astro,items,generated world-file record,3,template-and-sample QA,,engine data,engine,active world files
/items/8043.json,src/pages/items/[vnum].json.ts,agent-json,generated machine-readable record,3,schema-and-sample QA,,engine data,engine,active world files
/items/8043/,src/pages/items/[vnum].astro,items,generated world-file record,3,template-and-sample QA,,engine data,engine,active world files
/items/8044.json,src/pages/items/[vnum].json.ts,agent-json,generated machine-readable record,3,schema-and-sample QA,,engine data,engine,active world files
/items/8044/,src/pages/items/[vnum].astro,items,generated world-file record,3,template-and-sample QA,,engine data,engine,active world files
/items/8045.json,src/pages/items/[vnum].json.ts,agent-json,generated machine-readable record,3,schema-and-sample QA,,engine data,engine,active world files
/items/8045/,src/pages/items/[vnum].astro,items,generated world-file record,3,template-and-sample QA,,engine data,engine,active world files
/items/8046.json,src/pages/items/[vnum].json.ts,agent-json,generated machine-readable record,3,schema-and-sample QA,,engine data,engine,active world files
/items/8046/,src/pages/items/[vnum].astro,items,generated world-file record,3,template-and-sample QA,,engine data,engine,active world files
/items/8050.json,src/pages/items/[vnum].json.ts,agent-json,generated machine-readable record,3,schema-and-sample QA,,engine data,engine,active world files
/items/8050/,src/pages/items/[vnum].astro,items,generated world-file record,3,template-and-sample QA,,engine data,engine,active world files
/items/8051.json,src/pages/items/[vnum].json.ts,agent-json,generated machine-readable record,3,schema-and-sample QA,,engine data,engine,active world files
/items/8051/,src/pages/items/[vnum].astro,items,generated world-file record,3,template-and-sample QA,,engine data,engine,active world files
/items/8052.json,src/pages/items/[vnum].json.ts,agent-json,generated machine-readable record,3,schema-and-sample QA,,engine data,engine,active world files
/items/8052/,src/pages/items/[vnum].astro,items,generated world-file record,3,template-and-sample QA,,engine data,engine,active world files
/items/8053.json,src/pages/items/[vnum].json.ts,agent-json,generated machine-readable record,3,schema-and-sample QA,,engine data,engine,active world files
/items/8053/,src/pages/items/[vnum].astro,items,generated world-file record,3,template-and-sample QA,,engine data,engine,active world files
/items/8054.json,src/pages/items/[vnum].json.ts,agent-json,generated machine-readable record,3,schema-and-sample QA,,engine data,engine,active world files
/items/8054/,src/pages/items/[vnum].astro,items,generated world-file record,3,template-and-sample QA,,engine data,engine,active world files
/items/8055.json,src/pages/items/[vnum].json.ts,agent-json,generated machine-readable record,3,schema-and-sample QA,,engine data,engine,active world files
/items/8055/,src/pages/items/[vnum].astro,items,generated world-file record,3,template-and-sample QA,,engine data,engine,active world files
/items/8060.json,src/pages/items/[vnum].json.ts,agent-json,generated machine-readable record,3,schema-and-sample QA,,engine data,engine,active world files
/items/8060/,src/pages/items/[vnum].astro,items,generated world-file record,3,template-and-sample QA,,engine data,engine,active world files
/items/8061.json,src/pages/items/[vnum].json.ts,agent-json,generated machine-readable record,3,schema-and-sample QA,,engine data,engine,active world files
/items/8061/,src/pages/items/[vnum].astro,items,generated world-file record,3,template-and-sample QA,,engine data,engine,active world files
/items/8062.json,src/pages/items/[vnum].json.ts,agent-json,generated machine-readable record,3,schema-and-sample QA,,engine data,engine,active world files
/items/8062/,src/pages/items/[vnum].astro,items,generated world-file record,3,template-and-sample QA,,engine data,engine,active world files
/items/8063.json,src/pages/items/[vnum].json.ts,agent-json,generated machine-readable record,3,schema-and-sample QA,,engine data,engine,active world files
/items/8063/,src/pages/items/[vnum].astro,items,generated world-file record,3,template-and-sample QA,,engine data,engine,active world files
/items/8064.json,src/pages/items/[vnum].json.ts,agent-json,generated machine-readable record,3,schema-and-sample QA,,engine data,engine,active world files
/items/8064/,src/pages/items/[vnum].astro,items,generated world-file record,3,template-and-sample QA,,engine data,engine,active world files
/items/8065.json,src/pages/items/[vnum].json.ts,agent-json,generated machine-readable record,3,schema-and-sample QA,,engine data,engine,active world files
/items/8065/,src/pages/items/[vnum].astro,items,generated world-file record,3,template-and-sample QA,,engine data,engine,active world files
/items/8066.json,src/pages/items/[vnum].json.ts,agent-json,generated machine-readable record,3,schema-and-sample QA,,engine data,engine,active world files
/items/8066/,src/pages/items/[vnum].astro,items,generated world-file record,3,template-and-sample QA,,engine data,engine,active world files
/items/8067.json,src/pages/items/[vnum].json.ts,agent-json,generated machine-readable record,3,schema-and-sample QA,,engine data,engine,active world files
/items/8067/,src/pages/items/[vnum].astro,items,generated world-file record,3,template-and-sample QA,,engine data,engine,active world files
/items/8068.json,src/pages/items/[vnum].json.ts,agent-json,generated machine-readable record,3,schema-and-sample QA,,engine data,engine,active world files
/items/8068/,src/pages/items/[vnum].astro,items,generated world-file record,3,template-and-sample QA,,engine data,engine,active world files
/items/8070.json,src/pages/items/[vnum].json.ts,agent-json,generated machine-readable record,3,schema-and-sample QA,,engine data,engine,active world files
/items/8070/,src/pages/items/[vnum].astro,items,generated world-file record,3,template-and-sample QA,,engine data,engine,active world files
/items/8071.json,src/pages/items/[vnum].json.ts,agent-json,generated machine-readable record,3,schema-and-sample QA,,engine data,engine,active world files
/items/8071/,src/pages/items/[vnum].astro,items,generated world-file record,3,template-and-sample QA,,engine data,engine,active world files
/items/8075.json,src/pages/items/[vnum].json.ts,agent-json,generated machine-readable record,3,schema-and-sample QA,,engine data,engine,active world files
/items/8075/,src/pages/items/[vnum].astro,items,generated world-file record,3,template-and-sample QA,,engine data,engine,active world files
/items/8076.json,src/pages/items/[vnum].json.ts,agent-json,generated machine-readable record,3,schema-and-sample QA,,engine data,engine,active world files
/items/8076/,src/pages/items/[vnum].astro,items,generated world-file record,3,template-and-sample QA,,engine data,engine,active world files
/items/8077.json,src/pages/items/[vnum].json.ts,agent-json,generated machine-readable record,3,schema-and-sample QA,,engine data,engine,active world files
/items/8077/,src/pages/items/[vnum].astro,items,generated world-file record,3,template-and-sample QA,,engine data,engine,active world files
/items/8078.json,src/pages/items/[vnum].json.ts,agent-json,generated machine-readable record,3,schema-and-sample QA,,engine data,engine,active world files
/items/8078/,src/pages/items/[vnum].astro,items,generated world-file record,3,template-and-sample QA,,engine data,engine,active world files
/items/8080.json,src/pages/items/[vnum].json.ts,agent-json,generated machine-readable record,3,schema-and-sample QA,,engine data,engine,active world files
/items/8080/,src/pages/items/[vnum].astro,items,generated world-file record,3,template-and-sample QA,,engine data,engine,active world files
/items/8081.json,src/pages/items/[vnum].json.ts,agent-json,generated machine-readable record,3,schema-and-sample QA,,engine data,engine,active world files
/items/8081/,src/pages/items/[vnum].astro,items,generated world-file record,3,template-and-sample QA,,engine data,engine,active world files
/items/8085.json,src/pages/items/[vnum].json.ts,agent-json,generated machine-readable record,3,schema-and-sample QA,,engine data,engine,active world files
/items/8085/,src/pages/items/[vnum].astro,items,generated world-file record,3,template-and-sample QA,,engine data,engine,active world files
/items/8086.json,src/pages/items/[vnum].json.ts,agent-json,generated machine-readable record,3,schema-and-sample QA,,engine data,engine,active world files
/items/8086/,src/pages/items/[vnum].astro,items,generated world-file record,3,template-and-sample QA,,engine data,engine,active world files
/items/8087.json,src/pages/items/[vnum].json.ts,agent-json,generated machine-readable record,3,schema-and-sample QA,,engine data,engine,active world files
/items/8087/,src/pages/items/[vnum].astro,items,generated world-file record,3,template-and-sample QA,,engine data,engine,active world files
/items/8089.json,src/pages/items/[vnum].json.ts,agent-json,generated machine-readable record,3,schema-and-sample QA,,engine data,engine,active world files
/items/8089/,src/pages/items/[vnum].astro,items,generated world-file record,3,template-and-sample QA,,engine data,engine,active world files
/items/8095.json,src/pages/items/[vnum].json.ts,agent-json,generated machine-readable record,3,schema-and-sample QA,,engine data,engine,active world files
/items/8095/,src/pages/items/[vnum].astro,items,generated world-file record,3,template-and-sample QA,,engine data,engine,active world files
/items/8096.json,src/pages/items/[vnum].json.ts,agent-json,generated machine-readable record,3,schema-and-sample QA,,engine data,engine,active world files
/items/8096/,src/pages/items/[vnum].astro,items,generated world-file record,3,template-and-sample QA,,engine data,engine,active world files
/items/8097.json,src/pages/items/[vnum].json.ts,agent-json,generated machine-readable record,3,schema-and-sample QA,,engine data,engine,active world files
/items/8097/,src/pages/items/[vnum].astro,items,generated world-file record,3,template-and-sample QA,,engine data,engine,active world files
/items/8098.json,src/pages/items/[vnum].json.ts,agent-json,generated machine-readable record,3,schema-and-sample QA,,engine data,engine,active world files
/items/8098/,src/pages/items/[vnum].astro,items,generated world-file record,3,template-and-sample QA,,engine data,engine,active world files
/items/8099.json,src/pages/items/[vnum].json.ts,agent-json,generated machine-readable record,3,schema-and-sample QA,,engine data,engine,active world files
/items/8099/,src/pages/items/[vnum].astro,items,generated world-file record,3,template-and-sample QA,,engine data,engine,active world files
/items/81.json,src/pages/items/[vnum].json.ts,agent-json,generated machine-readable record,3,schema-and-sample QA,,engine data,engine,active world files
/items/81/,src/pages/items/[vnum].astro,items,generated world-file record,3,template-and-sample QA,,engine data,engine,active world files
/items/8100.json,src/pages/items/[vnum].json.ts,agent-json,generated machine-readable record,3,schema-and-sample QA,,engine data,engine,active world files
/items/8100/,src/pages/items/[vnum].astro,items,generated world-file record,3,template-and-sample QA,,engine data,engine,active world files
/items/8101.json,src/pages/items/[vnum].json.ts,agent-json,generated machine-readable record,3,schema-and-sample QA,,engine data,engine,active world files
/items/8101/,src/pages/items/[vnum].astro,items,generated world-file record,3,template-and-sample QA,,engine data,engine,active world files
/items/82.json,src/pages/items/[vnum].json.ts,agent-json,generated machine-readable record,3,schema-and-sample QA,,engine data,engine,active world files
/items/82/,src/pages/items/[vnum].astro,items,generated world-file record,3,template-and-sample QA,,engine data,engine,active world files
/items/83.json,src/pages/items/[vnum].json.ts,agent-json,generated machine-readable record,3,schema-and-sample QA,,engine data,engine,active world files
/items/83/,src/pages/items/[vnum].astro,items,generated world-file record,3,template-and-sample QA,,engine data,engine,active world files
/items/84.json,src/pages/items/[vnum].json.ts,agent-json,generated machine-readable record,3,schema-and-sample QA,,engine data,engine,active world files
/items/84/,src/pages/items/[vnum].astro,items,generated world-file record,3,template-and-sample QA,,engine data,engine,active world files
/items/90.json,src/pages/items/[vnum].json.ts,agent-json,generated machine-readable record,3,schema-and-sample QA,,engine data,engine,active world files
/items/90/,src/pages/items/[vnum].astro,items,generated world-file record,3,template-and-sample QA,,engine data,engine,active world files
/items/91.json,src/pages/items/[vnum].json.ts,agent-json,generated machine-readable record,3,schema-and-sample QA,,engine data,engine,active world files
/items/91/,src/pages/items/[vnum].astro,items,generated world-file record,3,template-and-sample QA,,engine data,engine,active world files
/items/9101.json,src/pages/items/[vnum].json.ts,agent-json,generated machine-readable record,3,schema-and-sample QA,,engine data,engine,active world files
/items/9101/,src/pages/items/[vnum].astro,items,generated world-file record,3,template-and-sample QA,,engine data,engine,active world files
/items/9102.json,src/pages/items/[vnum].json.ts,agent-json,generated machine-readable record,3,schema-and-sample QA,,engine data,engine,active world files
/items/9102/,src/pages/items/[vnum].astro,items,generated world-file record,3,template-and-sample QA,,engine data,engine,active world files
/items/9103.json,src/pages/items/[vnum].json.ts,agent-json,generated machine-readable record,3,schema-and-sample QA,,engine data,engine,active world files
/items/9103/,src/pages/items/[vnum].astro,items,generated world-file record,3,template-and-sample QA,,engine data,engine,active world files
/items/9104.json,src/pages/items/[vnum].json.ts,agent-json,generated machine-readable record,3,schema-and-sample QA,,engine data,engine,active world files
/items/9104/,src/pages/items/[vnum].astro,items,generated world-file record,3,template-and-sample QA,,engine data,engine,active world files
/items/9105.json,src/pages/items/[vnum].json.ts,agent-json,generated machine-readable record,3,schema-and-sample QA,,engine data,engine,active world files
/items/9105/,src/pages/items/[vnum].astro,items,generated world-file record,3,template-and-sample QA,,engine data,engine,active world files
/items/9106.json,src/pages/items/[vnum].json.ts,agent-json,generated machine-readable record,3,schema-and-sample QA,,engine data,engine,active world files
/items/9106/,src/pages/items/[vnum].astro,items,generated world-file record,3,template-and-sample QA,,engine data,engine,active world files
/items/9107.json,src/pages/items/[vnum].json.ts,agent-json,generated machine-readable record,3,schema-and-sample QA,,engine data,engine,active world files
/items/9107/,src/pages/items/[vnum].astro,items,generated world-file record,3,template-and-sample QA,,engine data,engine,active world files
/items/9108.json,src/pages/items/[vnum].json.ts,agent-json,generated machine-readable record,3,schema-and-sample QA,,engine data,engine,active world files
/items/9108/,src/pages/items/[vnum].astro,items,generated world-file record,3,template-and-sample QA,,engine data,engine,active world files
/items/9109.json,src/pages/items/[vnum].json.ts,agent-json,generated machine-readable record,3,schema-and-sample QA,,engine data,engine,active world files
/items/9109/,src/pages/items/[vnum].astro,items,generated world-file record,3,template-and-sample QA,,engine data,engine,active world files
/items/9110.json,src/pages/items/[vnum].json.ts,agent-json,generated machine-readable record,3,schema-and-sample QA,,engine data,engine,active world files
/items/9110/,src/pages/items/[vnum].astro,items,generated world-file record,3,template-and-sample QA,,engine data,engine,active world files
/items/9111.json,src/pages/items/[vnum].json.ts,agent-json,generated machine-readable record,3,schema-and-sample QA,,engine data,engine,active world files
/items/9111/,src/pages/items/[vnum].astro,items,generated world-file record,3,template-and-sample QA,,engine data,engine,active world files
/items/9112.json,src/pages/items/[vnum].json.ts,agent-json,generated machine-readable record,3,schema-and-sample QA,,engine data,engine,active world files
/items/9112/,src/pages/items/[vnum].astro,items,generated world-file record,3,template-and-sample QA,,engine data,engine,active world files
/items/9113.json,src/pages/items/[vnum].json.ts,agent-json,generated machine-readable record,3,schema-and-sample QA,,engine data,engine,active world files
/items/9113/,src/pages/items/[vnum].astro,items,generated world-file record,3,template-and-sample QA,,engine data,engine,active world files
/items/9114.json,src/pages/items/[vnum].json.ts,agent-json,generated machine-readable record,3,schema-and-sample QA,,engine data,engine,active world files
/items/9114/,src/pages/items/[vnum].astro,items,generated world-file record,3,template-and-sample QA,,engine data,engine,active world files
/items/9115.json,src/pages/items/[vnum].json.ts,agent-json,generated machine-readable record,3,schema-and-sample QA,,engine data,engine,active world files
/items/9115/,src/pages/items/[vnum].astro,items,generated world-file record,3,template-and-sample QA,,engine data,engine,active world files
/items/92.json,src/pages/items/[vnum].json.ts,agent-json,generated machine-readable record,3,schema-and-sample QA,,engine data,engine,active world files
/items/92/,src/pages/items/[vnum].astro,items,generated world-file record,3,template-and-sample QA,,engine data,engine,active world files
/items/93.json,src/pages/items/[vnum].json.ts,agent-json,generated machine-readable record,3,schema-and-sample QA,,engine data,engine,active world files
/items/93/,src/pages/items/[vnum].astro,items,generated world-file record,3,template-and-sample QA,,engine data,engine,active world files
/items/94.json,src/pages/items/[vnum].json.ts,agent-json,generated machine-readable record,3,schema-and-sample QA,,engine data,engine,active world files
/items/94/,src/pages/items/[vnum].astro,items,generated world-file record,3,template-and-sample QA,,engine data,engine,active world files
/items/9401.json,src/pages/items/[vnum].json.ts,agent-json,generated machine-readable record,3,schema-and-sample QA,,engine data,engine,active world files
/items/9401/,src/pages/items/[vnum].astro,items,generated world-file record,3,template-and-sample QA,,engine data,engine,active world files
/items/95.json,src/pages/items/[vnum].json.ts,agent-json,generated machine-readable record,3,schema-and-sample QA,,engine data,engine,active world files
/items/95/,src/pages/items/[vnum].astro,items,generated world-file record,3,template-and-sample QA,,engine data,engine,active world files
/items/96.json,src/pages/items/[vnum].json.ts,agent-json,generated machine-readable record,3,schema-and-sample QA,,engine data,engine,active world files
/items/96/,src/pages/items/[vnum].astro,items,generated world-file record,3,template-and-sample QA,,engine data,engine,active world files
/items/97.json,src/pages/items/[vnum].json.ts,agent-json,generated machine-readable record,3,schema-and-sample QA,,engine data,engine,active world files
/items/97/,src/pages/items/[vnum].astro,items,generated world-file record,3,template-and-sample QA,,engine data,engine,active world files
/items/9900.json,src/pages/items/[vnum].json.ts,agent-json,generated machine-readable record,3,schema-and-sample QA,,engine data,engine,active world files
/items/9900/,src/pages/items/[vnum].astro,items,generated world-file record,3,template-and-sample QA,,engine data,engine,active world files
/items/9901.json,src/pages/items/[vnum].json.ts,agent-json,generated machine-readable record,3,schema-and-sample QA,,engine data,engine,active world files
/items/9901/,src/pages/items/[vnum].astro,items,generated world-file record,3,template-and-sample QA,,engine data,engine,active world files
/items/9902.json,src/pages/items/[vnum].json.ts,agent-json,generated machine-readable record,3,schema-and-sample QA,,engine data,engine,active world files
/items/9902/,src/pages/items/[vnum].astro,items,generated world-file record,3,template-and-sample QA,,engine data,engine,active world files
/items/9903.json,src/pages/items/[vnum].json.ts,agent-json,generated machine-readable record,3,schema-and-sample QA,,engine data,engine,active world files
/items/9903/,src/pages/items/[vnum].astro,items,generated world-file record,3,template-and-sample QA,,engine data,engine,active world files
/items/9904.json,src/pages/items/[vnum].json.ts,agent-json,generated machine-readable record,3,schema-and-sample QA,,engine data,engine,active world files
/items/9904/,src/pages/items/[vnum].astro,items,generated world-file record,3,template-and-sample QA,,engine data,engine,active world files
/items/9905.json,src/pages/items/[vnum].json.ts,agent-json,generated machine-readable record,3,schema-and-sample QA,,engine data,engine,active world files
/items/9905/,src/pages/items/[vnum].astro,items,generated world-file record,3,template-and-sample QA,,engine data,engine,active world files
/items/9906.json,src/pages/items/[vnum].json.ts,agent-json,generated machine-readable record,3,schema-and-sample QA,,engine data,engine,active world files
/items/9906/,src/pages/items/[vnum].astro,items,generated world-file record,3,template-and-sample QA,,engine data,engine,active world files
/items/9907.json,src/pages/items/[vnum].json.ts,agent-json,generated machine-readable record,3,schema-and-sample QA,,engine data,engine,active world files
/items/9907/,src/pages/items/[vnum].astro,items,generated world-file record,3,template-and-sample QA,,engine data,engine,active world files
/items/9908.json,src/pages/items/[vnum].json.ts,agent-json,generated machine-readable record,3,schema-and-sample QA,,engine data,engine,active world files
/items/9908/,src/pages/items/[vnum].astro,items,generated world-file record,3,template-and-sample QA,,engine data,engine,active world files
/items/9909.json,src/pages/items/[vnum].json.ts,agent-json,generated machine-readable record,3,schema-and-sample QA,,engine data,engine,active world files
/items/9909/,src/pages/items/[vnum].astro,items,generated world-file record,3,template-and-sample QA,,engine data,engine,active world files
/items/9910.json,src/pages/items/[vnum].json.ts,agent-json,generated machine-readable record,3,schema-and-sample QA,,engine data,engine,active world files
/items/9910/,src/pages/items/[vnum].astro,items,generated world-file record,3,template-and-sample QA,,engine data,engine,active world files
/items/9911.json,src/pages/items/[vnum].json.ts,agent-json,generated machine-readable record,3,schema-and-sample QA,,engine data,engine,active world files
/items/9911/,src/pages/items/[vnum].astro,items,generated world-file record,3,template-and-sample QA,,engine data,engine,active world files
/items/9912.json,src/pages/items/[vnum].json.ts,agent-json,generated machine-readable record,3,schema-and-sample QA,,engine data,engine,active world files
/items/9912/,src/pages/items/[vnum].astro,items,generated world-file record,3,template-and-sample QA,,engine data,engine,active world files
/items/9913.json,src/pages/items/[vnum].json.ts,agent-json,generated machine-readable record,3,schema-and-sample QA,,engine data,engine,active world files
/items/9913/,src/pages/items/[vnum].astro,items,generated world-file record,3,template-and-sample QA,,engine data,engine,active world files
/map/,src/pages/map.astro,core,authored static page,1,full editorial review,,,,
/mobs/,src/pages/mobs/index.astro,mobs-index,generated database index,3,template-and-sample QA,,,,
/mobs/1.json,src/pages/mobs/[vnum].json.ts,agent-json,generated machine-readable record,3,schema-and-sample QA,,engine data,engine,active world files
/mobs/1/,src/pages/mobs/[vnum].astro,mobs,generated world-file record,3,template-and-sample QA,,engine data,engine,active world files
/mobs/10.json,src/pages/mobs/[vnum].json.ts,agent-json,generated machine-readable record,3,schema-and-sample QA,,engine data,engine,active world files
/mobs/10/,src/pages/mobs/[vnum].astro,mobs,generated world-file record,3,template-and-sample QA,,engine data,engine,active world files
/mobs/10021.json,src/pages/mobs/[vnum].json.ts,agent-json,generated machine-readable record,3,schema-and-sample QA,,engine data,engine,active world files
/mobs/10021/,src/pages/mobs/[vnum].astro,mobs,generated world-file record,3,template-and-sample QA,,engine data,engine,active world files
/mobs/10022.json,src/pages/mobs/[vnum].json.ts,agent-json,generated machine-readable record,3,schema-and-sample QA,,engine data,engine,active world files
/mobs/10022/,src/pages/mobs/[vnum].astro,mobs,generated world-file record,3,template-and-sample QA,,engine data,engine,active world files
/mobs/10023.json,src/pages/mobs/[vnum].json.ts,agent-json,generated machine-readable record,3,schema-and-sample QA,,engine data,engine,active world files
/mobs/10023/,src/pages/mobs/[vnum].astro,mobs,generated world-file record,3,template-and-sample QA,,engine data,engine,active world files
/mobs/10024.json,src/pages/mobs/[vnum].json.ts,agent-json,generated machine-readable record,3,schema-and-sample QA,,engine data,engine,active world files
/mobs/10024/,src/pages/mobs/[vnum].astro,mobs,generated world-file record,3,template-and-sample QA,,engine data,engine,active world files
/mobs/10025.json,src/pages/mobs/[vnum].json.ts,agent-json,generated machine-readable record,3,schema-and-sample QA,,engine data,engine,active world files
/mobs/10025/,src/pages/mobs/[vnum].astro,mobs,generated world-file record,3,template-and-sample QA,,engine data,engine,active world files
/mobs/10026.json,src/pages/mobs/[vnum].json.ts,agent-json,generated machine-readable record,3,schema-and-sample QA,,engine data,engine,active world files
/mobs/10026/,src/pages/mobs/[vnum].astro,mobs,generated world-file record,3,template-and-sample QA,,engine data,engine,active world files
/mobs/10027.json,src/pages/mobs/[vnum].json.ts,agent-json,generated machine-readable record,3,schema-and-sample QA,,engine data,engine,active world files
/mobs/10027/,src/pages/mobs/[vnum].astro,mobs,generated world-file record,3,template-and-sample QA,,engine data,engine,active world files
/mobs/10028.json,src/pages/mobs/[vnum].json.ts,agent-json,generated machine-readable record,3,schema-and-sample QA,,engine data,engine,active world files
/mobs/10028/,src/pages/mobs/[vnum].astro,mobs,generated world-file record,3,template-and-sample QA,,engine data,engine,active world files
/mobs/10029.json,src/pages/mobs/[vnum].json.ts,agent-json,generated machine-readable record,3,schema-and-sample QA,,engine data,engine,active world files
/mobs/10029/,src/pages/mobs/[vnum].astro,mobs,generated world-file record,3,template-and-sample QA,,engine data,engine,active world files
/mobs/10030.json,src/pages/mobs/[vnum].json.ts,agent-json,generated machine-readable record,3,schema-and-sample QA,,engine data,engine,active world files
/mobs/10030/,src/pages/mobs/[vnum].astro,mobs,generated world-file record,3,template-and-sample QA,,engine data,engine,active world files
/mobs/11.json,src/pages/mobs/[vnum].json.ts,agent-json,generated machine-readable record,3,schema-and-sample QA,,engine data,engine,active world files
/mobs/11/,src/pages/mobs/[vnum].astro,mobs,generated world-file record,3,template-and-sample QA,,engine data,engine,active world files
/mobs/11000.json,src/pages/mobs/[vnum].json.ts,agent-json,generated machine-readable record,3,schema-and-sample QA,,engine data,engine,active world files
/mobs/11000/,src/pages/mobs/[vnum].astro,mobs,generated world-file record,3,template-and-sample QA,,engine data,engine,active world files
/mobs/11001.json,src/pages/mobs/[vnum].json.ts,agent-json,generated machine-readable record,3,schema-and-sample QA,,engine data,engine,active world files
/mobs/11001/,src/pages/mobs/[vnum].astro,mobs,generated world-file record,3,template-and-sample QA,,engine data,engine,active world files
/mobs/11002.json,src/pages/mobs/[vnum].json.ts,agent-json,generated machine-readable record,3,schema-and-sample QA,,engine data,engine,active world files
/mobs/11002/,src/pages/mobs/[vnum].astro,mobs,generated world-file record,3,template-and-sample QA,,engine data,engine,active world files
/mobs/11004.json,src/pages/mobs/[vnum].json.ts,agent-json,generated machine-readable record,3,schema-and-sample QA,,engine data,engine,active world files
/mobs/11004/,src/pages/mobs/[vnum].astro,mobs,generated world-file record,3,template-and-sample QA,,engine data,engine,active world files
/mobs/11005.json,src/pages/mobs/[vnum].json.ts,agent-json,generated machine-readable record,3,schema-and-sample QA,,engine data,engine,active world files
/mobs/11005/,src/pages/mobs/[vnum].astro,mobs,generated world-file record,3,template-and-sample QA,,engine data,engine,active world files
/mobs/11006.json,src/pages/mobs/[vnum].json.ts,agent-json,generated machine-readable record,3,schema-and-sample QA,,engine data,engine,active world files
/mobs/11006/,src/pages/mobs/[vnum].astro,mobs,generated world-file record,3,template-and-sample QA,,engine data,engine,active world files
/mobs/11007.json,src/pages/mobs/[vnum].json.ts,agent-json,generated machine-readable record,3,schema-and-sample QA,,engine data,engine,active world files
/mobs/11007/,src/pages/mobs/[vnum].astro,mobs,generated world-file record,3,template-and-sample QA,,engine data,engine,active world files
/mobs/11008.json,src/pages/mobs/[vnum].json.ts,agent-json,generated machine-readable record,3,schema-and-sample QA,,engine data,engine,active world files
/mobs/11008/,src/pages/mobs/[vnum].astro,mobs,generated world-file record,3,template-and-sample QA,,engine data,engine,active world files
/mobs/11009.json,src/pages/mobs/[vnum].json.ts,agent-json,generated machine-readable record,3,schema-and-sample QA,,engine data,engine,active world files
/mobs/11009/,src/pages/mobs/[vnum].astro,mobs,generated world-file record,3,template-and-sample QA,,engine data,engine,active world files
/mobs/11010.json,src/pages/mobs/[vnum].json.ts,agent-json,generated machine-readable record,3,schema-and-sample QA,,engine data,engine,active world files
/mobs/11010/,src/pages/mobs/[vnum].astro,mobs,generated world-file record,3,template-and-sample QA,,engine data,engine,active world files
/mobs/11011.json,src/pages/mobs/[vnum].json.ts,agent-json,generated machine-readable record,3,schema-and-sample QA,,engine data,engine,active world files
/mobs/11011/,src/pages/mobs/[vnum].astro,mobs,generated world-file record,3,template-and-sample QA,,engine data,engine,active world files
/mobs/11012.json,src/pages/mobs/[vnum].json.ts,agent-json,generated machine-readable record,3,schema-and-sample QA,,engine data,engine,active world files
/mobs/11012/,src/pages/mobs/[vnum].astro,mobs,generated world-file record,3,template-and-sample QA,,engine data,engine,active world files
/mobs/11013.json,src/pages/mobs/[vnum].json.ts,agent-json,generated machine-readable record,3,schema-and-sample QA,,engine data,engine,active world files
/mobs/11013/,src/pages/mobs/[vnum].astro,mobs,generated world-file record,3,template-and-sample QA,,engine data,engine,active world files
/mobs/11014.json,src/pages/mobs/[vnum].json.ts,agent-json,generated machine-readable record,3,schema-and-sample QA,,engine data,engine,active world files
/mobs/11014/,src/pages/mobs/[vnum].astro,mobs,generated world-file record,3,template-and-sample QA,,engine data,engine,active world files
/mobs/11015.json,src/pages/mobs/[vnum].json.ts,agent-json,generated machine-readable record,3,schema-and-sample QA,,engine data,engine,active world files
/mobs/11015/,src/pages/mobs/[vnum].astro,mobs,generated world-file record,3,template-and-sample QA,,engine data,engine,active world files
/mobs/11016.json,src/pages/mobs/[vnum].json.ts,agent-json,generated machine-readable record,3,schema-and-sample QA,,engine data,engine,active world files
/mobs/11016/,src/pages/mobs/[vnum].astro,mobs,generated world-file record,3,template-and-sample QA,,engine data,engine,active world files
/mobs/11017.json,src/pages/mobs/[vnum].json.ts,agent-json,generated machine-readable record,3,schema-and-sample QA,,engine data,engine,active world files
/mobs/11017/,src/pages/mobs/[vnum].astro,mobs,generated world-file record,3,template-and-sample QA,,engine data,engine,active world files
/mobs/11018.json,src/pages/mobs/[vnum].json.ts,agent-json,generated machine-readable record,3,schema-and-sample QA,,engine data,engine,active world files
/mobs/11018/,src/pages/mobs/[vnum].astro,mobs,generated world-file record,3,template-and-sample QA,,engine data,engine,active world files
/mobs/11019.json,src/pages/mobs/[vnum].json.ts,agent-json,generated machine-readable record,3,schema-and-sample QA,,engine data,engine,active world files
/mobs/11019/,src/pages/mobs/[vnum].astro,mobs,generated world-file record,3,template-and-sample QA,,engine data,engine,active world files
/mobs/11020.json,src/pages/mobs/[vnum].json.ts,agent-json,generated machine-readable record,3,schema-and-sample QA,,engine data,engine,active world files
/mobs/11020/,src/pages/mobs/[vnum].astro,mobs,generated world-file record,3,template-and-sample QA,,engine data,engine,active world files
/mobs/11021.json,src/pages/mobs/[vnum].json.ts,agent-json,generated machine-readable record,3,schema-and-sample QA,,engine data,engine,active world files
/mobs/11021/,src/pages/mobs/[vnum].astro,mobs,generated world-file record,3,template-and-sample QA,,engine data,engine,active world files
/mobs/11022.json,src/pages/mobs/[vnum].json.ts,agent-json,generated machine-readable record,3,schema-and-sample QA,,engine data,engine,active world files
/mobs/11022/,src/pages/mobs/[vnum].astro,mobs,generated world-file record,3,template-and-sample QA,,engine data,engine,active world files
/mobs/11023.json,src/pages/mobs/[vnum].json.ts,agent-json,generated machine-readable record,3,schema-and-sample QA,,engine data,engine,active world files
/mobs/11023/,src/pages/mobs/[vnum].astro,mobs,generated world-file record,3,template-and-sample QA,,engine data,engine,active world files
/mobs/11024.json,src/pages/mobs/[vnum].json.ts,agent-json,generated machine-readable record,3,schema-and-sample QA,,engine data,engine,active world files
/mobs/11024/,src/pages/mobs/[vnum].astro,mobs,generated world-file record,3,template-and-sample QA,,engine data,engine,active world files
/mobs/11025.json,src/pages/mobs/[vnum].json.ts,agent-json,generated machine-readable record,3,schema-and-sample QA,,engine data,engine,active world files
/mobs/11025/,src/pages/mobs/[vnum].astro,mobs,generated world-file record,3,template-and-sample QA,,engine data,engine,active world files
/mobs/11026.json,src/pages/mobs/[vnum].json.ts,agent-json,generated machine-readable record,3,schema-and-sample QA,,engine data,engine,active world files
/mobs/11026/,src/pages/mobs/[vnum].astro,mobs,generated world-file record,3,template-and-sample QA,,engine data,engine,active world files
/mobs/11027.json,src/pages/mobs/[vnum].json.ts,agent-json,generated machine-readable record,3,schema-and-sample QA,,engine data,engine,active world files
/mobs/11027/,src/pages/mobs/[vnum].astro,mobs,generated world-file record,3,template-and-sample QA,,engine data,engine,active world files
/mobs/11028.json,src/pages/mobs/[vnum].json.ts,agent-json,generated machine-readable record,3,schema-and-sample QA,,engine data,engine,active world files
/mobs/11028/,src/pages/mobs/[vnum].astro,mobs,generated world-file record,3,template-and-sample QA,,engine data,engine,active world files
/mobs/11029.json,src/pages/mobs/[vnum].json.ts,agent-json,generated machine-readable record,3,schema-and-sample QA,,engine data,engine,active world files
/mobs/11029/,src/pages/mobs/[vnum].astro,mobs,generated world-file record,3,template-and-sample QA,,engine data,engine,active world files
/mobs/11030.json,src/pages/mobs/[vnum].json.ts,agent-json,generated machine-readable record,3,schema-and-sample QA,,engine data,engine,active world files
/mobs/11030/,src/pages/mobs/[vnum].astro,mobs,generated world-file record,3,template-and-sample QA,,engine data,engine,active world files
/mobs/11031.json,src/pages/mobs/[vnum].json.ts,agent-json,generated machine-readable record,3,schema-and-sample QA,,engine data,engine,active world files
/mobs/11031/,src/pages/mobs/[vnum].astro,mobs,generated world-file record,3,template-and-sample QA,,engine data,engine,active world files
/mobs/11032.json,src/pages/mobs/[vnum].json.ts,agent-json,generated machine-readable record,3,schema-and-sample QA,,engine data,engine,active world files
/mobs/11032/,src/pages/mobs/[vnum].astro,mobs,generated world-file record,3,template-and-sample QA,,engine data,engine,active world files
/mobs/11033.json,src/pages/mobs/[vnum].json.ts,agent-json,generated machine-readable record,3,schema-and-sample QA,,engine data,engine,active world files
/mobs/11033/,src/pages/mobs/[vnum].astro,mobs,generated world-file record,3,template-and-sample QA,,engine data,engine,active world files
/mobs/11034.json,src/pages/mobs/[vnum].json.ts,agent-json,generated machine-readable record,3,schema-and-sample QA,,engine data,engine,active world files
/mobs/11034/,src/pages/mobs/[vnum].astro,mobs,generated world-file record,3,template-and-sample QA,,engine data,engine,active world files
/mobs/11035.json,src/pages/mobs/[vnum].json.ts,agent-json,generated machine-readable record,3,schema-and-sample QA,,engine data,engine,active world files
/mobs/11035/,src/pages/mobs/[vnum].astro,mobs,generated world-file record,3,template-and-sample QA,,engine data,engine,active world files
/mobs/11036.json,src/pages/mobs/[vnum].json.ts,agent-json,generated machine-readable record,3,schema-and-sample QA,,engine data,engine,active world files
/mobs/11036/,src/pages/mobs/[vnum].astro,mobs,generated world-file record,3,template-and-sample QA,,engine data,engine,active world files
/mobs/11037.json,src/pages/mobs/[vnum].json.ts,agent-json,generated machine-readable record,3,schema-and-sample QA,,engine data,engine,active world files
/mobs/11037/,src/pages/mobs/[vnum].astro,mobs,generated world-file record,3,template-and-sample QA,,engine data,engine,active world files
/mobs/11038.json,src/pages/mobs/[vnum].json.ts,agent-json,generated machine-readable record,3,schema-and-sample QA,,engine data,engine,active world files
/mobs/11038/,src/pages/mobs/[vnum].astro,mobs,generated world-file record,3,template-and-sample QA,,engine data,engine,active world files
/mobs/11039.json,src/pages/mobs/[vnum].json.ts,agent-json,generated machine-readable record,3,schema-and-sample QA,,engine data,engine,active world files
/mobs/11039/,src/pages/mobs/[vnum].astro,mobs,generated world-file record,3,template-and-sample QA,,engine data,engine,active world files
/mobs/11040.json,src/pages/mobs/[vnum].json.ts,agent-json,generated machine-readable record,3,schema-and-sample QA,,engine data,engine,active world files
/mobs/11040/,src/pages/mobs/[vnum].astro,mobs,generated world-file record,3,template-and-sample QA,,engine data,engine,active world files
/mobs/11041.json,src/pages/mobs/[vnum].json.ts,agent-json,generated machine-readable record,3,schema-and-sample QA,,engine data,engine,active world files
/mobs/11041/,src/pages/mobs/[vnum].astro,mobs,generated world-file record,3,template-and-sample QA,,engine data,engine,active world files
/mobs/11042.json,src/pages/mobs/[vnum].json.ts,agent-json,generated machine-readable record,3,schema-and-sample QA,,engine data,engine,active world files
/mobs/11042/,src/pages/mobs/[vnum].astro,mobs,generated world-file record,3,template-and-sample QA,,engine data,engine,active world files
/mobs/11700.json,src/pages/mobs/[vnum].json.ts,agent-json,generated machine-readable record,3,schema-and-sample QA,,engine data,engine,active world files
/mobs/11700/,src/pages/mobs/[vnum].astro,mobs,generated world-file record,3,template-and-sample QA,,engine data,engine,active world files
/mobs/11701.json,src/pages/mobs/[vnum].json.ts,agent-json,generated machine-readable record,3,schema-and-sample QA,,engine data,engine,active world files
/mobs/11701/,src/pages/mobs/[vnum].astro,mobs,generated world-file record,3,template-and-sample QA,,engine data,engine,active world files
/mobs/11702.json,src/pages/mobs/[vnum].json.ts,agent-json,generated machine-readable record,3,schema-and-sample QA,,engine data,engine,active world files
/mobs/11702/,src/pages/mobs/[vnum].astro,mobs,generated world-file record,3,template-and-sample QA,,engine data,engine,active world files
/mobs/11703.json,src/pages/mobs/[vnum].json.ts,agent-json,generated machine-readable record,3,schema-and-sample QA,,engine data,engine,active world files
/mobs/11703/,src/pages/mobs/[vnum].astro,mobs,generated world-file record,3,template-and-sample QA,,engine data,engine,active world files
/mobs/11704.json,src/pages/mobs/[vnum].json.ts,agent-json,generated machine-readable record,3,schema-and-sample QA,,engine data,engine,active world files
/mobs/11704/,src/pages/mobs/[vnum].astro,mobs,generated world-file record,3,template-and-sample QA,,engine data,engine,active world files
/mobs/11705.json,src/pages/mobs/[vnum].json.ts,agent-json,generated machine-readable record,3,schema-and-sample QA,,engine data,engine,active world files
/mobs/11705/,src/pages/mobs/[vnum].astro,mobs,generated world-file record,3,template-and-sample QA,,engine data,engine,active world files
/mobs/11706.json,src/pages/mobs/[vnum].json.ts,agent-json,generated machine-readable record,3,schema-and-sample QA,,engine data,engine,active world files
/mobs/11706/,src/pages/mobs/[vnum].astro,mobs,generated world-file record,3,template-and-sample QA,,engine data,engine,active world files
/mobs/12100.json,src/pages/mobs/[vnum].json.ts,agent-json,generated machine-readable record,3,schema-and-sample QA,,engine data,engine,active world files
/mobs/12100/,src/pages/mobs/[vnum].astro,mobs,generated world-file record,3,template-and-sample QA,,engine data,engine,active world files
/mobs/12101.json,src/pages/mobs/[vnum].json.ts,agent-json,generated machine-readable record,3,schema-and-sample QA,,engine data,engine,active world files
/mobs/12101/,src/pages/mobs/[vnum].astro,mobs,generated world-file record,3,template-and-sample QA,,engine data,engine,active world files
/mobs/12102.json,src/pages/mobs/[vnum].json.ts,agent-json,generated machine-readable record,3,schema-and-sample QA,,engine data,engine,active world files
/mobs/12102/,src/pages/mobs/[vnum].astro,mobs,generated world-file record,3,template-and-sample QA,,engine data,engine,active world files
/mobs/12103.json,src/pages/mobs/[vnum].json.ts,agent-json,generated machine-readable record,3,schema-and-sample QA,,engine data,engine,active world files
/mobs/12103/,src/pages/mobs/[vnum].astro,mobs,generated world-file record,3,template-and-sample QA,,engine data,engine,active world files
/mobs/12104.json,src/pages/mobs/[vnum].json.ts,agent-json,generated machine-readable record,3,schema-and-sample QA,,engine data,engine,active world files
/mobs/12104/,src/pages/mobs/[vnum].astro,mobs,generated world-file record,3,template-and-sample QA,,engine data,engine,active world files
/mobs/12105.json,src/pages/mobs/[vnum].json.ts,agent-json,generated machine-readable record,3,schema-and-sample QA,,engine data,engine,active world files
/mobs/12105/,src/pages/mobs/[vnum].astro,mobs,generated world-file record,3,template-and-sample QA,,engine data,engine,active world files
/mobs/12106.json,src/pages/mobs/[vnum].json.ts,agent-json,generated machine-readable record,3,schema-and-sample QA,,engine data,engine,active world files
/mobs/12106/,src/pages/mobs/[vnum].astro,mobs,generated world-file record,3,template-and-sample QA,,engine data,engine,active world files
/mobs/12107.json,src/pages/mobs/[vnum].json.ts,agent-json,generated machine-readable record,3,schema-and-sample QA,,engine data,engine,active world files
/mobs/12107/,src/pages/mobs/[vnum].astro,mobs,generated world-file record,3,template-and-sample QA,,engine data,engine,active world files
/mobs/12108.json,src/pages/mobs/[vnum].json.ts,agent-json,generated machine-readable record,3,schema-and-sample QA,,engine data,engine,active world files
/mobs/12108/,src/pages/mobs/[vnum].astro,mobs,generated world-file record,3,template-and-sample QA,,engine data,engine,active world files
/mobs/12109.json,src/pages/mobs/[vnum].json.ts,agent-json,generated machine-readable record,3,schema-and-sample QA,,engine data,engine,active world files
/mobs/12109/,src/pages/mobs/[vnum].astro,mobs,generated world-file record,3,template-and-sample QA,,engine data,engine,active world files
/mobs/12110.json,src/pages/mobs/[vnum].json.ts,agent-json,generated machine-readable record,3,schema-and-sample QA,,engine data,engine,active world files
/mobs/12110/,src/pages/mobs/[vnum].astro,mobs,generated world-file record,3,template-and-sample QA,,engine data,engine,active world files
/mobs/12111.json,src/pages/mobs/[vnum].json.ts,agent-json,generated machine-readable record,3,schema-and-sample QA,,engine data,engine,active world files
/mobs/12111/,src/pages/mobs/[vnum].astro,mobs,generated world-file record,3,template-and-sample QA,,engine data,engine,active world files
/mobs/12112.json,src/pages/mobs/[vnum].json.ts,agent-json,generated machine-readable record,3,schema-and-sample QA,,engine data,engine,active world files
/mobs/12112/,src/pages/mobs/[vnum].astro,mobs,generated world-file record,3,template-and-sample QA,,engine data,engine,active world files
/mobs/12113.json,src/pages/mobs/[vnum].json.ts,agent-json,generated machine-readable record,3,schema-and-sample QA,,engine data,engine,active world files
/mobs/12113/,src/pages/mobs/[vnum].astro,mobs,generated world-file record,3,template-and-sample QA,,engine data,engine,active world files
/mobs/12114.json,src/pages/mobs/[vnum].json.ts,agent-json,generated machine-readable record,3,schema-and-sample QA,,engine data,engine,active world files
/mobs/12114/,src/pages/mobs/[vnum].astro,mobs,generated world-file record,3,template-and-sample QA,,engine data,engine,active world files
/mobs/12115.json,src/pages/mobs/[vnum].json.ts,agent-json,generated machine-readable record,3,schema-and-sample QA,,engine data,engine,active world files
/mobs/12115/,src/pages/mobs/[vnum].astro,mobs,generated world-file record,3,template-and-sample QA,,engine data,engine,active world files
/mobs/12116.json,src/pages/mobs/[vnum].json.ts,agent-json,generated machine-readable record,3,schema-and-sample QA,,engine data,engine,active world files
/mobs/12116/,src/pages/mobs/[vnum].astro,mobs,generated world-file record,3,template-and-sample QA,,engine data,engine,active world files
/mobs/12117.json,src/pages/mobs/[vnum].json.ts,agent-json,generated machine-readable record,3,schema-and-sample QA,,engine data,engine,active world files
/mobs/12117/,src/pages/mobs/[vnum].astro,mobs,generated world-file record,3,template-and-sample QA,,engine data,engine,active world files
/mobs/12118.json,src/pages/mobs/[vnum].json.ts,agent-json,generated machine-readable record,3,schema-and-sample QA,,engine data,engine,active world files
/mobs/12118/,src/pages/mobs/[vnum].astro,mobs,generated world-file record,3,template-and-sample QA,,engine data,engine,active world files
/mobs/12119.json,src/pages/mobs/[vnum].json.ts,agent-json,generated machine-readable record,3,schema-and-sample QA,,engine data,engine,active world files
/mobs/12119/,src/pages/mobs/[vnum].astro,mobs,generated world-file record,3,template-and-sample QA,,engine data,engine,active world files
/mobs/12120.json,src/pages/mobs/[vnum].json.ts,agent-json,generated machine-readable record,3,schema-and-sample QA,,engine data,engine,active world files
/mobs/12120/,src/pages/mobs/[vnum].astro,mobs,generated world-file record,3,template-and-sample QA,,engine data,engine,active world files
/mobs/12121.json,src/pages/mobs/[vnum].json.ts,agent-json,generated machine-readable record,3,schema-and-sample QA,,engine data,engine,active world files
/mobs/12121/,src/pages/mobs/[vnum].astro,mobs,generated world-file record,3,template-and-sample QA,,engine data,engine,active world files
/mobs/12122.json,src/pages/mobs/[vnum].json.ts,agent-json,generated machine-readable record,3,schema-and-sample QA,,engine data,engine,active world files
/mobs/12122/,src/pages/mobs/[vnum].astro,mobs,generated world-file record,3,template-and-sample QA,,engine data,engine,active world files
/mobs/12123.json,src/pages/mobs/[vnum].json.ts,agent-json,generated machine-readable record,3,schema-and-sample QA,,engine data,engine,active world files
/mobs/12123/,src/pages/mobs/[vnum].astro,mobs,generated world-file record,3,template-and-sample QA,,engine data,engine,active world files
/mobs/12124.json,src/pages/mobs/[vnum].json.ts,agent-json,generated machine-readable record,3,schema-and-sample QA,,engine data,engine,active world files
/mobs/12124/,src/pages/mobs/[vnum].astro,mobs,generated world-file record,3,template-and-sample QA,,engine data,engine,active world files
/mobs/12125.json,src/pages/mobs/[vnum].json.ts,agent-json,generated machine-readable record,3,schema-and-sample QA,,engine data,engine,active world files
/mobs/12125/,src/pages/mobs/[vnum].astro,mobs,generated world-file record,3,template-and-sample QA,,engine data,engine,active world files
/mobs/12126.json,src/pages/mobs/[vnum].json.ts,agent-json,generated machine-readable record,3,schema-and-sample QA,,engine data,engine,active world files
/mobs/12126/,src/pages/mobs/[vnum].astro,mobs,generated world-file record,3,template-and-sample QA,,engine data,engine,active world files
/mobs/12127.json,src/pages/mobs/[vnum].json.ts,agent-json,generated machine-readable record,3,schema-and-sample QA,,engine data,engine,active world files
/mobs/12127/,src/pages/mobs/[vnum].astro,mobs,generated world-file record,3,template-and-sample QA,,engine data,engine,active world files
/mobs/12128.json,src/pages/mobs/[vnum].json.ts,agent-json,generated machine-readable record,3,schema-and-sample QA,,engine data,engine,active world files
/mobs/12128/,src/pages/mobs/[vnum].astro,mobs,generated world-file record,3,template-and-sample QA,,engine data,engine,active world files
/mobs/12129.json,src/pages/mobs/[vnum].json.ts,agent-json,generated machine-readable record,3,schema-and-sample QA,,engine data,engine,active world files
/mobs/12129/,src/pages/mobs/[vnum].astro,mobs,generated world-file record,3,template-and-sample QA,,engine data,engine,active world files
/mobs/12130.json,src/pages/mobs/[vnum].json.ts,agent-json,generated machine-readable record,3,schema-and-sample QA,,engine data,engine,active world files
/mobs/12130/,src/pages/mobs/[vnum].astro,mobs,generated world-file record,3,template-and-sample QA,,engine data,engine,active world files
/mobs/12131.json,src/pages/mobs/[vnum].json.ts,agent-json,generated machine-readable record,3,schema-and-sample QA,,engine data,engine,active world files
/mobs/12131/,src/pages/mobs/[vnum].astro,mobs,generated world-file record,3,template-and-sample QA,,engine data,engine,active world files
/mobs/12132.json,src/pages/mobs/[vnum].json.ts,agent-json,generated machine-readable record,3,schema-and-sample QA,,engine data,engine,active world files
/mobs/12132/,src/pages/mobs/[vnum].astro,mobs,generated world-file record,3,template-and-sample QA,,engine data,engine,active world files
/mobs/12133.json,src/pages/mobs/[vnum].json.ts,agent-json,generated machine-readable record,3,schema-and-sample QA,,engine data,engine,active world files
/mobs/12133/,src/pages/mobs/[vnum].astro,mobs,generated world-file record,3,template-and-sample QA,,engine data,engine,active world files
/mobs/12200.json,src/pages/mobs/[vnum].json.ts,agent-json,generated machine-readable record,3,schema-and-sample QA,,engine data,engine,active world files
/mobs/12200/,src/pages/mobs/[vnum].astro,mobs,generated world-file record,3,template-and-sample QA,,engine data,engine,active world files
/mobs/12201.json,src/pages/mobs/[vnum].json.ts,agent-json,generated machine-readable record,3,schema-and-sample QA,,engine data,engine,active world files
/mobs/12201/,src/pages/mobs/[vnum].astro,mobs,generated world-file record,3,template-and-sample QA,,engine data,engine,active world files
/mobs/12202.json,src/pages/mobs/[vnum].json.ts,agent-json,generated machine-readable record,3,schema-and-sample QA,,engine data,engine,active world files
/mobs/12202/,src/pages/mobs/[vnum].astro,mobs,generated world-file record,3,template-and-sample QA,,engine data,engine,active world files
/mobs/12203.json,src/pages/mobs/[vnum].json.ts,agent-json,generated machine-readable record,3,schema-and-sample QA,,engine data,engine,active world files
/mobs/12203/,src/pages/mobs/[vnum].astro,mobs,generated world-file record,3,template-and-sample QA,,engine data,engine,active world files
/mobs/12204.json,src/pages/mobs/[vnum].json.ts,agent-json,generated machine-readable record,3,schema-and-sample QA,,engine data,engine,active world files
/mobs/12204/,src/pages/mobs/[vnum].astro,mobs,generated world-file record,3,template-and-sample QA,,engine data,engine,active world files
/mobs/12205.json,src/pages/mobs/[vnum].json.ts,agent-json,generated machine-readable record,3,schema-and-sample QA,,engine data,engine,active world files
/mobs/12205/,src/pages/mobs/[vnum].astro,mobs,generated world-file record,3,template-and-sample QA,,engine data,engine,active world files
/mobs/12206.json,src/pages/mobs/[vnum].json.ts,agent-json,generated machine-readable record,3,schema-and-sample QA,,engine data,engine,active world files
/mobs/12206/,src/pages/mobs/[vnum].astro,mobs,generated world-file record,3,template-and-sample QA,,engine data,engine,active world files
/mobs/12207.json,src/pages/mobs/[vnum].json.ts,agent-json,generated machine-readable record,3,schema-and-sample QA,,engine data,engine,active world files
/mobs/12207/,src/pages/mobs/[vnum].astro,mobs,generated world-file record,3,template-and-sample QA,,engine data,engine,active world files
/mobs/12208.json,src/pages/mobs/[vnum].json.ts,agent-json,generated machine-readable record,3,schema-and-sample QA,,engine data,engine,active world files
/mobs/12208/,src/pages/mobs/[vnum].astro,mobs,generated world-file record,3,template-and-sample QA,,engine data,engine,active world files
/mobs/12209.json,src/pages/mobs/[vnum].json.ts,agent-json,generated machine-readable record,3,schema-and-sample QA,,engine data,engine,active world files
/mobs/12209/,src/pages/mobs/[vnum].astro,mobs,generated world-file record,3,template-and-sample QA,,engine data,engine,active world files
/mobs/12210.json,src/pages/mobs/[vnum].json.ts,agent-json,generated machine-readable record,3,schema-and-sample QA,,engine data,engine,active world files
/mobs/12210/,src/pages/mobs/[vnum].astro,mobs,generated world-file record,3,template-and-sample QA,,engine data,engine,active world files
/mobs/12211.json,src/pages/mobs/[vnum].json.ts,agent-json,generated machine-readable record,3,schema-and-sample QA,,engine data,engine,active world files
/mobs/12211/,src/pages/mobs/[vnum].astro,mobs,generated world-file record,3,template-and-sample QA,,engine data,engine,active world files
/mobs/12212.json,src/pages/mobs/[vnum].json.ts,agent-json,generated machine-readable record,3,schema-and-sample QA,,engine data,engine,active world files
/mobs/12212/,src/pages/mobs/[vnum].astro,mobs,generated world-file record,3,template-and-sample QA,,engine data,engine,active world files
/mobs/12213.json,src/pages/mobs/[vnum].json.ts,agent-json,generated machine-readable record,3,schema-and-sample QA,,engine data,engine,active world files
/mobs/12213/,src/pages/mobs/[vnum].astro,mobs,generated world-file record,3,template-and-sample QA,,engine data,engine,active world files
/mobs/12214.json,src/pages/mobs/[vnum].json.ts,agent-json,generated machine-readable record,3,schema-and-sample QA,,engine data,engine,active world files
/mobs/12214/,src/pages/mobs/[vnum].astro,mobs,generated world-file record,3,template-and-sample QA,,engine data,engine,active world files
/mobs/12215.json,src/pages/mobs/[vnum].json.ts,agent-json,generated machine-readable record,3,schema-and-sample QA,,engine data,engine,active world files
/mobs/12215/,src/pages/mobs/[vnum].astro,mobs,generated world-file record,3,template-and-sample QA,,engine data,engine,active world files
/mobs/12216.json,src/pages/mobs/[vnum].json.ts,agent-json,generated machine-readable record,3,schema-and-sample QA,,engine data,engine,active world files
/mobs/12216/,src/pages/mobs/[vnum].astro,mobs,generated world-file record,3,template-and-sample QA,,engine data,engine,active world files
/mobs/12217.json,src/pages/mobs/[vnum].json.ts,agent-json,generated machine-readable record,3,schema-and-sample QA,,engine data,engine,active world files
/mobs/12217/,src/pages/mobs/[vnum].astro,mobs,generated world-file record,3,template-and-sample QA,,engine data,engine,active world files
/mobs/12218.json,src/pages/mobs/[vnum].json.ts,agent-json,generated machine-readable record,3,schema-and-sample QA,,engine data,engine,active world files
/mobs/12218/,src/pages/mobs/[vnum].astro,mobs,generated world-file record,3,template-and-sample QA,,engine data,engine,active world files
/mobs/12219.json,src/pages/mobs/[vnum].json.ts,agent-json,generated machine-readable record,3,schema-and-sample QA,,engine data,engine,active world files
/mobs/12219/,src/pages/mobs/[vnum].astro,mobs,generated world-file record,3,template-and-sample QA,,engine data,engine,active world files
/mobs/12220.json,src/pages/mobs/[vnum].json.ts,agent-json,generated machine-readable record,3,schema-and-sample QA,,engine data,engine,active world files
/mobs/12220/,src/pages/mobs/[vnum].astro,mobs,generated world-file record,3,template-and-sample QA,,engine data,engine,active world files
/mobs/12832.json,src/pages/mobs/[vnum].json.ts,agent-json,generated machine-readable record,3,schema-and-sample QA,,engine data,engine,active world files
/mobs/12832/,src/pages/mobs/[vnum].astro,mobs,generated world-file record,3,template-and-sample QA,,engine data,engine,active world files
/mobs/12848.json,src/pages/mobs/[vnum].json.ts,agent-json,generated machine-readable record,3,schema-and-sample QA,,engine data,engine,active world files
/mobs/12848/,src/pages/mobs/[vnum].astro,mobs,generated world-file record,3,template-and-sample QA,,engine data,engine,active world files
/mobs/12850.json,src/pages/mobs/[vnum].json.ts,agent-json,generated machine-readable record,3,schema-and-sample QA,,engine data,engine,active world files
/mobs/12850/,src/pages/mobs/[vnum].astro,mobs,generated world-file record,3,template-and-sample QA,,engine data,engine,active world files
/mobs/12868.json,src/pages/mobs/[vnum].json.ts,agent-json,generated machine-readable record,3,schema-and-sample QA,,engine data,engine,active world files
/mobs/12868/,src/pages/mobs/[vnum].astro,mobs,generated world-file record,3,template-and-sample QA,,engine data,engine,active world files
/mobs/12870.json,src/pages/mobs/[vnum].json.ts,agent-json,generated machine-readable record,3,schema-and-sample QA,,engine data,engine,active world files
/mobs/12870/,src/pages/mobs/[vnum].astro,mobs,generated world-file record,3,template-and-sample QA,,engine data,engine,active world files
/mobs/12876.json,src/pages/mobs/[vnum].json.ts,agent-json,generated machine-readable record,3,schema-and-sample QA,,engine data,engine,active world files
/mobs/12876/,src/pages/mobs/[vnum].astro,mobs,generated world-file record,3,template-and-sample QA,,engine data,engine,active world files
/mobs/12877.json,src/pages/mobs/[vnum].json.ts,agent-json,generated machine-readable record,3,schema-and-sample QA,,engine data,engine,active world files
/mobs/12877/,src/pages/mobs/[vnum].astro,mobs,generated world-file record,3,template-and-sample QA,,engine data,engine,active world files
/mobs/12900.json,src/pages/mobs/[vnum].json.ts,agent-json,generated machine-readable record,3,schema-and-sample QA,,engine data,engine,active world files
/mobs/12900/,src/pages/mobs/[vnum].astro,mobs,generated world-file record,3,template-and-sample QA,,engine data,engine,active world files
/mobs/12901.json,src/pages/mobs/[vnum].json.ts,agent-json,generated machine-readable record,3,schema-and-sample QA,,engine data,engine,active world files
/mobs/12901/,src/pages/mobs/[vnum].astro,mobs,generated world-file record,3,template-and-sample QA,,engine data,engine,active world files
/mobs/1300.json,src/pages/mobs/[vnum].json.ts,agent-json,generated machine-readable record,3,schema-and-sample QA,,engine data,engine,active world files
/mobs/1300/,src/pages/mobs/[vnum].astro,mobs,generated world-file record,3,template-and-sample QA,,engine data,engine,active world files
/mobs/1301.json,src/pages/mobs/[vnum].json.ts,agent-json,generated machine-readable record,3,schema-and-sample QA,,engine data,engine,active world files
/mobs/1301/,src/pages/mobs/[vnum].astro,mobs,generated world-file record,3,template-and-sample QA,,engine data,engine,active world files
/mobs/1302.json,src/pages/mobs/[vnum].json.ts,agent-json,generated machine-readable record,3,schema-and-sample QA,,engine data,engine,active world files
/mobs/1302/,src/pages/mobs/[vnum].astro,mobs,generated world-file record,3,template-and-sample QA,,engine data,engine,active world files
/mobs/1303.json,src/pages/mobs/[vnum].json.ts,agent-json,generated machine-readable record,3,schema-and-sample QA,,engine data,engine,active world files
/mobs/1303/,src/pages/mobs/[vnum].astro,mobs,generated world-file record,3,template-and-sample QA,,engine data,engine,active world files
/mobs/1304.json,src/pages/mobs/[vnum].json.ts,agent-json,generated machine-readable record,3,schema-and-sample QA,,engine data,engine,active world files
/mobs/1304/,src/pages/mobs/[vnum].astro,mobs,generated world-file record,3,template-and-sample QA,,engine data,engine,active world files
/mobs/1305.json,src/pages/mobs/[vnum].json.ts,agent-json,generated machine-readable record,3,schema-and-sample QA,,engine data,engine,active world files
/mobs/1305/,src/pages/mobs/[vnum].astro,mobs,generated world-file record,3,template-and-sample QA,,engine data,engine,active world files
/mobs/1306.json,src/pages/mobs/[vnum].json.ts,agent-json,generated machine-readable record,3,schema-and-sample QA,,engine data,engine,active world files
/mobs/1306/,src/pages/mobs/[vnum].astro,mobs,generated world-file record,3,template-and-sample QA,,engine data,engine,active world files
/mobs/1307.json,src/pages/mobs/[vnum].json.ts,agent-json,generated machine-readable record,3,schema-and-sample QA,,engine data,engine,active world files
/mobs/1307/,src/pages/mobs/[vnum].astro,mobs,generated world-file record,3,template-and-sample QA,,engine data,engine,active world files
/mobs/1308.json,src/pages/mobs/[vnum].json.ts,agent-json,generated machine-readable record,3,schema-and-sample QA,,engine data,engine,active world files
/mobs/1308/,src/pages/mobs/[vnum].astro,mobs,generated world-file record,3,template-and-sample QA,,engine data,engine,active world files
/mobs/1309.json,src/pages/mobs/[vnum].json.ts,agent-json,generated machine-readable record,3,schema-and-sample QA,,engine data,engine,active world files
/mobs/1309/,src/pages/mobs/[vnum].astro,mobs,generated world-file record,3,template-and-sample QA,,engine data,engine,active world files
/mobs/1310.json,src/pages/mobs/[vnum].json.ts,agent-json,generated machine-readable record,3,schema-and-sample QA,,engine data,engine,active world files
/mobs/1310/,src/pages/mobs/[vnum].astro,mobs,generated world-file record,3,template-and-sample QA,,engine data,engine,active world files
/mobs/13100.json,src/pages/mobs/[vnum].json.ts,agent-json,generated machine-readable record,3,schema-and-sample QA,,engine data,engine,active world files
/mobs/13100/,src/pages/mobs/[vnum].astro,mobs,generated world-file record,3,template-and-sample QA,,engine data,engine,active world files
/mobs/13101.json,src/pages/mobs/[vnum].json.ts,agent-json,generated machine-readable record,3,schema-and-sample QA,,engine data,engine,active world files
/mobs/13101/,src/pages/mobs/[vnum].astro,mobs,generated world-file record,3,template-and-sample QA,,engine data,engine,active world files
/mobs/13102.json,src/pages/mobs/[vnum].json.ts,agent-json,generated machine-readable record,3,schema-and-sample QA,,engine data,engine,active world files
/mobs/13102/,src/pages/mobs/[vnum].astro,mobs,generated world-file record,3,template-and-sample QA,,engine data,engine,active world files
/mobs/13103.json,src/pages/mobs/[vnum].json.ts,agent-json,generated machine-readable record,3,schema-and-sample QA,,engine data,engine,active world files
/mobs/13103/,src/pages/mobs/[vnum].astro,mobs,generated world-file record,3,template-and-sample QA,,engine data,engine,active world files
/mobs/13104.json,src/pages/mobs/[vnum].json.ts,agent-json,generated machine-readable record,3,schema-and-sample QA,,engine data,engine,active world files
/mobs/13104/,src/pages/mobs/[vnum].astro,mobs,generated world-file record,3,template-and-sample QA,,engine data,engine,active world files
/mobs/13105.json,src/pages/mobs/[vnum].json.ts,agent-json,generated machine-readable record,3,schema-and-sample QA,,engine data,engine,active world files
/mobs/13105/,src/pages/mobs/[vnum].astro,mobs,generated world-file record,3,template-and-sample QA,,engine data,engine,active world files
/mobs/13106.json,src/pages/mobs/[vnum].json.ts,agent-json,generated machine-readable record,3,schema-and-sample QA,,engine data,engine,active world files
/mobs/13106/,src/pages/mobs/[vnum].astro,mobs,generated world-file record,3,template-and-sample QA,,engine data,engine,active world files
/mobs/13107.json,src/pages/mobs/[vnum].json.ts,agent-json,generated machine-readable record,3,schema-and-sample QA,,engine data,engine,active world files
/mobs/13107/,src/pages/mobs/[vnum].astro,mobs,generated world-file record,3,template-and-sample QA,,engine data,engine,active world files
/mobs/13108.json,src/pages/mobs/[vnum].json.ts,agent-json,generated machine-readable record,3,schema-and-sample QA,,engine data,engine,active world files
/mobs/13108/,src/pages/mobs/[vnum].astro,mobs,generated world-file record,3,template-and-sample QA,,engine data,engine,active world files
/mobs/13109.json,src/pages/mobs/[vnum].json.ts,agent-json,generated machine-readable record,3,schema-and-sample QA,,engine data,engine,active world files
/mobs/13109/,src/pages/mobs/[vnum].astro,mobs,generated world-file record,3,template-and-sample QA,,engine data,engine,active world files
/mobs/1311.json,src/pages/mobs/[vnum].json.ts,agent-json,generated machine-readable record,3,schema-and-sample QA,,engine data,engine,active world files
/mobs/1311/,src/pages/mobs/[vnum].astro,mobs,generated world-file record,3,template-and-sample QA,,engine data,engine,active world files
/mobs/13110.json,src/pages/mobs/[vnum].json.ts,agent-json,generated machine-readable record,3,schema-and-sample QA,,engine data,engine,active world files
/mobs/13110/,src/pages/mobs/[vnum].astro,mobs,generated world-file record,3,template-and-sample QA,,engine data,engine,active world files
/mobs/13111.json,src/pages/mobs/[vnum].json.ts,agent-json,generated machine-readable record,3,schema-and-sample QA,,engine data,engine,active world files
/mobs/13111/,src/pages/mobs/[vnum].astro,mobs,generated world-file record,3,template-and-sample QA,,engine data,engine,active world files
/mobs/13112.json,src/pages/mobs/[vnum].json.ts,agent-json,generated machine-readable record,3,schema-and-sample QA,,engine data,engine,active world files
/mobs/13112/,src/pages/mobs/[vnum].astro,mobs,generated world-file record,3,template-and-sample QA,,engine data,engine,active world files
/mobs/1312.json,src/pages/mobs/[vnum].json.ts,agent-json,generated machine-readable record,3,schema-and-sample QA,,engine data,engine,active world files
/mobs/1312/,src/pages/mobs/[vnum].astro,mobs,generated world-file record,3,template-and-sample QA,,engine data,engine,active world files
/mobs/1313.json,src/pages/mobs/[vnum].json.ts,agent-json,generated machine-readable record,3,schema-and-sample QA,,engine data,engine,active world files
/mobs/1313/,src/pages/mobs/[vnum].astro,mobs,generated world-file record,3,template-and-sample QA,,engine data,engine,active world files
/mobs/1314.json,src/pages/mobs/[vnum].json.ts,agent-json,generated machine-readable record,3,schema-and-sample QA,,engine data,engine,active world files
/mobs/1314/,src/pages/mobs/[vnum].astro,mobs,generated world-file record,3,template-and-sample QA,,engine data,engine,active world files
/mobs/1315.json,src/pages/mobs/[vnum].json.ts,agent-json,generated machine-readable record,3,schema-and-sample QA,,engine data,engine,active world files
/mobs/1315/,src/pages/mobs/[vnum].astro,mobs,generated world-file record,3,template-and-sample QA,,engine data,engine,active world files
/mobs/13199.json,src/pages/mobs/[vnum].json.ts,agent-json,generated machine-readable record,3,schema-and-sample QA,,engine data,engine,active world files
/mobs/13199/,src/pages/mobs/[vnum].astro,mobs,generated world-file record,3,template-and-sample QA,,engine data,engine,active world files
/mobs/13333.json,src/pages/mobs/[vnum].json.ts,agent-json,generated machine-readable record,3,schema-and-sample QA,,engine data,engine,active world files
/mobs/13333/,src/pages/mobs/[vnum].astro,mobs,generated world-file record,3,template-and-sample QA,,engine data,engine,active world files
/mobs/13342.json,src/pages/mobs/[vnum].json.ts,agent-json,generated machine-readable record,3,schema-and-sample QA,,engine data,engine,active world files
/mobs/13342/,src/pages/mobs/[vnum].astro,mobs,generated world-file record,3,template-and-sample QA,,engine data,engine,active world files
/mobs/13344.json,src/pages/mobs/[vnum].json.ts,agent-json,generated machine-readable record,3,schema-and-sample QA,,engine data,engine,active world files
/mobs/13344/,src/pages/mobs/[vnum].astro,mobs,generated world-file record,3,template-and-sample QA,,engine data,engine,active world files
/mobs/13351.json,src/pages/mobs/[vnum].json.ts,agent-json,generated machine-readable record,3,schema-and-sample QA,,engine data,engine,active world files
/mobs/13351/,src/pages/mobs/[vnum].astro,mobs,generated world-file record,3,template-and-sample QA,,engine data,engine,active world files
/mobs/14001.json,src/pages/mobs/[vnum].json.ts,agent-json,generated machine-readable record,3,schema-and-sample QA,,engine data,engine,active world files
/mobs/14001/,src/pages/mobs/[vnum].astro,mobs,generated world-file record,3,template-and-sample QA,,engine data,engine,active world files
/mobs/14002.json,src/pages/mobs/[vnum].json.ts,agent-json,generated machine-readable record,3,schema-and-sample QA,,engine data,engine,active world files
/mobs/14002/,src/pages/mobs/[vnum].astro,mobs,generated world-file record,3,template-and-sample QA,,engine data,engine,active world files
/mobs/14003.json,src/pages/mobs/[vnum].json.ts,agent-json,generated machine-readable record,3,schema-and-sample QA,,engine data,engine,active world files
/mobs/14003/,src/pages/mobs/[vnum].astro,mobs,generated world-file record,3,template-and-sample QA,,engine data,engine,active world files
/mobs/14004.json,src/pages/mobs/[vnum].json.ts,agent-json,generated machine-readable record,3,schema-and-sample QA,,engine data,engine,active world files
/mobs/14004/,src/pages/mobs/[vnum].astro,mobs,generated world-file record,3,template-and-sample QA,,engine data,engine,active world files
/mobs/14005.json,src/pages/mobs/[vnum].json.ts,agent-json,generated machine-readable record,3,schema-and-sample QA,,engine data,engine,active world files
/mobs/14005/,src/pages/mobs/[vnum].astro,mobs,generated world-file record,3,template-and-sample QA,,engine data,engine,active world files
/mobs/14006.json,src/pages/mobs/[vnum].json.ts,agent-json,generated machine-readable record,3,schema-and-sample QA,,engine data,engine,active world files
/mobs/14006/,src/pages/mobs/[vnum].astro,mobs,generated world-file record,3,template-and-sample QA,,engine data,engine,active world files
/mobs/14007.json,src/pages/mobs/[vnum].json.ts,agent-json,generated machine-readable record,3,schema-and-sample QA,,engine data,engine,active world files
/mobs/14007/,src/pages/mobs/[vnum].astro,mobs,generated world-file record,3,template-and-sample QA,,engine data,engine,active world files
/mobs/14008.json,src/pages/mobs/[vnum].json.ts,agent-json,generated machine-readable record,3,schema-and-sample QA,,engine data,engine,active world files
/mobs/14008/,src/pages/mobs/[vnum].astro,mobs,generated world-file record,3,template-and-sample QA,,engine data,engine,active world files
/mobs/14009.json,src/pages/mobs/[vnum].json.ts,agent-json,generated machine-readable record,3,schema-and-sample QA,,engine data,engine,active world files
/mobs/14009/,src/pages/mobs/[vnum].astro,mobs,generated world-file record,3,template-and-sample QA,,engine data,engine,active world files
/mobs/14010.json,src/pages/mobs/[vnum].json.ts,agent-json,generated machine-readable record,3,schema-and-sample QA,,engine data,engine,active world files
/mobs/14010/,src/pages/mobs/[vnum].astro,mobs,generated world-file record,3,template-and-sample QA,,engine data,engine,active world files
/mobs/14011.json,src/pages/mobs/[vnum].json.ts,agent-json,generated machine-readable record,3,schema-and-sample QA,,engine data,engine,active world files
/mobs/14011/,src/pages/mobs/[vnum].astro,mobs,generated world-file record,3,template-and-sample QA,,engine data,engine,active world files
/mobs/14012.json,src/pages/mobs/[vnum].json.ts,agent-json,generated machine-readable record,3,schema-and-sample QA,,engine data,engine,active world files
/mobs/14012/,src/pages/mobs/[vnum].astro,mobs,generated world-file record,3,template-and-sample QA,,engine data,engine,active world files
/mobs/14100.json,src/pages/mobs/[vnum].json.ts,agent-json,generated machine-readable record,3,schema-and-sample QA,,engine data,engine,active world files
/mobs/14100/,src/pages/mobs/[vnum].astro,mobs,generated world-file record,3,template-and-sample QA,,engine data,engine,active world files
/mobs/14101.json,src/pages/mobs/[vnum].json.ts,agent-json,generated machine-readable record,3,schema-and-sample QA,,engine data,engine,active world files
/mobs/14101/,src/pages/mobs/[vnum].astro,mobs,generated world-file record,3,template-and-sample QA,,engine data,engine,active world files
/mobs/14102.json,src/pages/mobs/[vnum].json.ts,agent-json,generated machine-readable record,3,schema-and-sample QA,,engine data,engine,active world files
/mobs/14102/,src/pages/mobs/[vnum].astro,mobs,generated world-file record,3,template-and-sample QA,,engine data,engine,active world files
/mobs/14103.json,src/pages/mobs/[vnum].json.ts,agent-json,generated machine-readable record,3,schema-and-sample QA,,engine data,engine,active world files
/mobs/14103/,src/pages/mobs/[vnum].astro,mobs,generated world-file record,3,template-and-sample QA,,engine data,engine,active world files
/mobs/14105.json,src/pages/mobs/[vnum].json.ts,agent-json,generated machine-readable record,3,schema-and-sample QA,,engine data,engine,active world files
/mobs/14105/,src/pages/mobs/[vnum].astro,mobs,generated world-file record,3,template-and-sample QA,,engine data,engine,active world files
/mobs/14106.json,src/pages/mobs/[vnum].json.ts,agent-json,generated machine-readable record,3,schema-and-sample QA,,engine data,engine,active world files
/mobs/14106/,src/pages/mobs/[vnum].astro,mobs,generated world-file record,3,template-and-sample QA,,engine data,engine,active world files
/mobs/14107.json,src/pages/mobs/[vnum].json.ts,agent-json,generated machine-readable record,3,schema-and-sample QA,,engine data,engine,active world files
/mobs/14107/,src/pages/mobs/[vnum].astro,mobs,generated world-file record,3,template-and-sample QA,,engine data,engine,active world files
/mobs/14108.json,src/pages/mobs/[vnum].json.ts,agent-json,generated machine-readable record,3,schema-and-sample QA,,engine data,engine,active world files
/mobs/14108/,src/pages/mobs/[vnum].astro,mobs,generated world-file record,3,template-and-sample QA,,engine data,engine,active world files
/mobs/14109.json,src/pages/mobs/[vnum].json.ts,agent-json,generated machine-readable record,3,schema-and-sample QA,,engine data,engine,active world files
/mobs/14109/,src/pages/mobs/[vnum].astro,mobs,generated world-file record,3,template-and-sample QA,,engine data,engine,active world files
/mobs/14110.json,src/pages/mobs/[vnum].json.ts,agent-json,generated machine-readable record,3,schema-and-sample QA,,engine data,engine,active world files
/mobs/14110/,src/pages/mobs/[vnum].astro,mobs,generated world-file record,3,template-and-sample QA,,engine data,engine,active world files
/mobs/14127.json,src/pages/mobs/[vnum].json.ts,agent-json,generated machine-readable record,3,schema-and-sample QA,,engine data,engine,active world files
/mobs/14127/,src/pages/mobs/[vnum].astro,mobs,generated world-file record,3,template-and-sample QA,,engine data,engine,active world files
/mobs/14198.json,src/pages/mobs/[vnum].json.ts,agent-json,generated machine-readable record,3,schema-and-sample QA,,engine data,engine,active world files
/mobs/14198/,src/pages/mobs/[vnum].astro,mobs,generated world-file record,3,template-and-sample QA,,engine data,engine,active world files
/mobs/14199.json,src/pages/mobs/[vnum].json.ts,agent-json,generated machine-readable record,3,schema-and-sample QA,,engine data,engine,active world files
/mobs/14199/,src/pages/mobs/[vnum].astro,mobs,generated world-file record,3,template-and-sample QA,,engine data,engine,active world files
/mobs/14200.json,src/pages/mobs/[vnum].json.ts,agent-json,generated machine-readable record,3,schema-and-sample QA,,engine data,engine,active world files
/mobs/14200/,src/pages/mobs/[vnum].astro,mobs,generated world-file record,3,template-and-sample QA,,engine data,engine,active world files
/mobs/14201.json,src/pages/mobs/[vnum].json.ts,agent-json,generated machine-readable record,3,schema-and-sample QA,,engine data,engine,active world files
/mobs/14201/,src/pages/mobs/[vnum].astro,mobs,generated world-file record,3,template-and-sample QA,,engine data,engine,active world files
/mobs/14202.json,src/pages/mobs/[vnum].json.ts,agent-json,generated machine-readable record,3,schema-and-sample QA,,engine data,engine,active world files
/mobs/14202/,src/pages/mobs/[vnum].astro,mobs,generated world-file record,3,template-and-sample QA,,engine data,engine,active world files
/mobs/14203.json,src/pages/mobs/[vnum].json.ts,agent-json,generated machine-readable record,3,schema-and-sample QA,,engine data,engine,active world files
/mobs/14203/,src/pages/mobs/[vnum].astro,mobs,generated world-file record,3,template-and-sample QA,,engine data,engine,active world files
/mobs/14204.json,src/pages/mobs/[vnum].json.ts,agent-json,generated machine-readable record,3,schema-and-sample QA,,engine data,engine,active world files
/mobs/14204/,src/pages/mobs/[vnum].astro,mobs,generated world-file record,3,template-and-sample QA,,engine data,engine,active world files
/mobs/14205.json,src/pages/mobs/[vnum].json.ts,agent-json,generated machine-readable record,3,schema-and-sample QA,,engine data,engine,active world files
/mobs/14205/,src/pages/mobs/[vnum].astro,mobs,generated world-file record,3,template-and-sample QA,,engine data,engine,active world files
/mobs/14206.json,src/pages/mobs/[vnum].json.ts,agent-json,generated machine-readable record,3,schema-and-sample QA,,engine data,engine,active world files
/mobs/14206/,src/pages/mobs/[vnum].astro,mobs,generated world-file record,3,template-and-sample QA,,engine data,engine,active world files
/mobs/14207.json,src/pages/mobs/[vnum].json.ts,agent-json,generated machine-readable record,3,schema-and-sample QA,,engine data,engine,active world files
/mobs/14207/,src/pages/mobs/[vnum].astro,mobs,generated world-file record,3,template-and-sample QA,,engine data,engine,active world files
/mobs/14208.json,src/pages/mobs/[vnum].json.ts,agent-json,generated machine-readable record,3,schema-and-sample QA,,engine data,engine,active world files
/mobs/14208/,src/pages/mobs/[vnum].astro,mobs,generated world-file record,3,template-and-sample QA,,engine data,engine,active world files
/mobs/14209.json,src/pages/mobs/[vnum].json.ts,agent-json,generated machine-readable record,3,schema-and-sample QA,,engine data,engine,active world files
/mobs/14209/,src/pages/mobs/[vnum].astro,mobs,generated world-file record,3,template-and-sample QA,,engine data,engine,active world files
/mobs/14210.json,src/pages/mobs/[vnum].json.ts,agent-json,generated machine-readable record,3,schema-and-sample QA,,engine data,engine,active world files
/mobs/14210/,src/pages/mobs/[vnum].astro,mobs,generated world-file record,3,template-and-sample QA,,engine data,engine,active world files
/mobs/14211.json,src/pages/mobs/[vnum].json.ts,agent-json,generated machine-readable record,3,schema-and-sample QA,,engine data,engine,active world files
/mobs/14211/,src/pages/mobs/[vnum].astro,mobs,generated world-file record,3,template-and-sample QA,,engine data,engine,active world files
/mobs/14212.json,src/pages/mobs/[vnum].json.ts,agent-json,generated machine-readable record,3,schema-and-sample QA,,engine data,engine,active world files
/mobs/14212/,src/pages/mobs/[vnum].astro,mobs,generated world-file record,3,template-and-sample QA,,engine data,engine,active world files
/mobs/14213.json,src/pages/mobs/[vnum].json.ts,agent-json,generated machine-readable record,3,schema-and-sample QA,,engine data,engine,active world files
/mobs/14213/,src/pages/mobs/[vnum].astro,mobs,generated world-file record,3,template-and-sample QA,,engine data,engine,active world files
/mobs/14214.json,src/pages/mobs/[vnum].json.ts,agent-json,generated machine-readable record,3,schema-and-sample QA,,engine data,engine,active world files
/mobs/14214/,src/pages/mobs/[vnum].astro,mobs,generated world-file record,3,template-and-sample QA,,engine data,engine,active world files
/mobs/14215.json,src/pages/mobs/[vnum].json.ts,agent-json,generated machine-readable record,3,schema-and-sample QA,,engine data,engine,active world files
/mobs/14215/,src/pages/mobs/[vnum].astro,mobs,generated world-file record,3,template-and-sample QA,,engine data,engine,active world files
/mobs/14216.json,src/pages/mobs/[vnum].json.ts,agent-json,generated machine-readable record,3,schema-and-sample QA,,engine data,engine,active world files
/mobs/14216/,src/pages/mobs/[vnum].astro,mobs,generated world-file record,3,template-and-sample QA,,engine data,engine,active world files
/mobs/14217.json,src/pages/mobs/[vnum].json.ts,agent-json,generated machine-readable record,3,schema-and-sample QA,,engine data,engine,active world files
/mobs/14217/,src/pages/mobs/[vnum].astro,mobs,generated world-file record,3,template-and-sample QA,,engine data,engine,active world files
/mobs/14218.json,src/pages/mobs/[vnum].json.ts,agent-json,generated machine-readable record,3,schema-and-sample QA,,engine data,engine,active world files
/mobs/14218/,src/pages/mobs/[vnum].astro,mobs,generated world-file record,3,template-and-sample QA,,engine data,engine,active world files
/mobs/14219.json,src/pages/mobs/[vnum].json.ts,agent-json,generated machine-readable record,3,schema-and-sample QA,,engine data,engine,active world files
/mobs/14219/,src/pages/mobs/[vnum].astro,mobs,generated world-file record,3,template-and-sample QA,,engine data,engine,active world files
/mobs/14220.json,src/pages/mobs/[vnum].json.ts,agent-json,generated machine-readable record,3,schema-and-sample QA,,engine data,engine,active world files
/mobs/14220/,src/pages/mobs/[vnum].astro,mobs,generated world-file record,3,template-and-sample QA,,engine data,engine,active world files
/mobs/14221.json,src/pages/mobs/[vnum].json.ts,agent-json,generated machine-readable record,3,schema-and-sample QA,,engine data,engine,active world files
/mobs/14221/,src/pages/mobs/[vnum].astro,mobs,generated world-file record,3,template-and-sample QA,,engine data,engine,active world files
/mobs/14222.json,src/pages/mobs/[vnum].json.ts,agent-json,generated machine-readable record,3,schema-and-sample QA,,engine data,engine,active world files
/mobs/14222/,src/pages/mobs/[vnum].astro,mobs,generated world-file record,3,template-and-sample QA,,engine data,engine,active world files
/mobs/14223.json,src/pages/mobs/[vnum].json.ts,agent-json,generated machine-readable record,3,schema-and-sample QA,,engine data,engine,active world files
/mobs/14223/,src/pages/mobs/[vnum].astro,mobs,generated world-file record,3,template-and-sample QA,,engine data,engine,active world files
/mobs/14224.json,src/pages/mobs/[vnum].json.ts,agent-json,generated machine-readable record,3,schema-and-sample QA,,engine data,engine,active world files
/mobs/14224/,src/pages/mobs/[vnum].astro,mobs,generated world-file record,3,template-and-sample QA,,engine data,engine,active world files
/mobs/14225.json,src/pages/mobs/[vnum].json.ts,agent-json,generated machine-readable record,3,schema-and-sample QA,,engine data,engine,active world files
/mobs/14225/,src/pages/mobs/[vnum].astro,mobs,generated world-file record,3,template-and-sample QA,,engine data,engine,active world files
/mobs/14300.json,src/pages/mobs/[vnum].json.ts,agent-json,generated machine-readable record,3,schema-and-sample QA,,engine data,engine,active world files
/mobs/14300/,src/pages/mobs/[vnum].astro,mobs,generated world-file record,3,template-and-sample QA,,engine data,engine,active world files
/mobs/14301.json,src/pages/mobs/[vnum].json.ts,agent-json,generated machine-readable record,3,schema-and-sample QA,,engine data,engine,active world files
/mobs/14301/,src/pages/mobs/[vnum].astro,mobs,generated world-file record,3,template-and-sample QA,,engine data,engine,active world files
/mobs/14302.json,src/pages/mobs/[vnum].json.ts,agent-json,generated machine-readable record,3,schema-and-sample QA,,engine data,engine,active world files
/mobs/14302/,src/pages/mobs/[vnum].astro,mobs,generated world-file record,3,template-and-sample QA,,engine data,engine,active world files
/mobs/14303.json,src/pages/mobs/[vnum].json.ts,agent-json,generated machine-readable record,3,schema-and-sample QA,,engine data,engine,active world files
/mobs/14303/,src/pages/mobs/[vnum].astro,mobs,generated world-file record,3,template-and-sample QA,,engine data,engine,active world files
/mobs/14304.json,src/pages/mobs/[vnum].json.ts,agent-json,generated machine-readable record,3,schema-and-sample QA,,engine data,engine,active world files
/mobs/14304/,src/pages/mobs/[vnum].astro,mobs,generated world-file record,3,template-and-sample QA,,engine data,engine,active world files
/mobs/14305.json,src/pages/mobs/[vnum].json.ts,agent-json,generated machine-readable record,3,schema-and-sample QA,,engine data,engine,active world files
/mobs/14305/,src/pages/mobs/[vnum].astro,mobs,generated world-file record,3,template-and-sample QA,,engine data,engine,active world files
/mobs/14306.json,src/pages/mobs/[vnum].json.ts,agent-json,generated machine-readable record,3,schema-and-sample QA,,engine data,engine,active world files
/mobs/14306/,src/pages/mobs/[vnum].astro,mobs,generated world-file record,3,template-and-sample QA,,engine data,engine,active world files
/mobs/14307.json,src/pages/mobs/[vnum].json.ts,agent-json,generated machine-readable record,3,schema-and-sample QA,,engine data,engine,active world files
/mobs/14307/,src/pages/mobs/[vnum].astro,mobs,generated world-file record,3,template-and-sample QA,,engine data,engine,active world files
/mobs/14308.json,src/pages/mobs/[vnum].json.ts,agent-json,generated machine-readable record,3,schema-and-sample QA,,engine data,engine,active world files
/mobs/14308/,src/pages/mobs/[vnum].astro,mobs,generated world-file record,3,template-and-sample QA,,engine data,engine,active world files
/mobs/14309.json,src/pages/mobs/[vnum].json.ts,agent-json,generated machine-readable record,3,schema-and-sample QA,,engine data,engine,active world files
/mobs/14309/,src/pages/mobs/[vnum].astro,mobs,generated world-file record,3,template-and-sample QA,,engine data,engine,active world files
/mobs/14310.json,src/pages/mobs/[vnum].json.ts,agent-json,generated machine-readable record,3,schema-and-sample QA,,engine data,engine,active world files
/mobs/14310/,src/pages/mobs/[vnum].astro,mobs,generated world-file record,3,template-and-sample QA,,engine data,engine,active world files
/mobs/14311.json,src/pages/mobs/[vnum].json.ts,agent-json,generated machine-readable record,3,schema-and-sample QA,,engine data,engine,active world files
/mobs/14311/,src/pages/mobs/[vnum].astro,mobs,generated world-file record,3,template-and-sample QA,,engine data,engine,active world files
/mobs/14312.json,src/pages/mobs/[vnum].json.ts,agent-json,generated machine-readable record,3,schema-and-sample QA,,engine data,engine,active world files
/mobs/14312/,src/pages/mobs/[vnum].astro,mobs,generated world-file record,3,template-and-sample QA,,engine data,engine,active world files
/mobs/14313.json,src/pages/mobs/[vnum].json.ts,agent-json,generated machine-readable record,3,schema-and-sample QA,,engine data,engine,active world files
/mobs/14313/,src/pages/mobs/[vnum].astro,mobs,generated world-file record,3,template-and-sample QA,,engine data,engine,active world files
/mobs/14314.json,src/pages/mobs/[vnum].json.ts,agent-json,generated machine-readable record,3,schema-and-sample QA,,engine data,engine,active world files
/mobs/14314/,src/pages/mobs/[vnum].astro,mobs,generated world-file record,3,template-and-sample QA,,engine data,engine,active world files
/mobs/14401.json,src/pages/mobs/[vnum].json.ts,agent-json,generated machine-readable record,3,schema-and-sample QA,,engine data,engine,active world files
/mobs/14401/,src/pages/mobs/[vnum].astro,mobs,generated world-file record,3,template-and-sample QA,,engine data,engine,active world files
/mobs/14402.json,src/pages/mobs/[vnum].json.ts,agent-json,generated machine-readable record,3,schema-and-sample QA,,engine data,engine,active world files
/mobs/14402/,src/pages/mobs/[vnum].astro,mobs,generated world-file record,3,template-and-sample QA,,engine data,engine,active world files
/mobs/14403.json,src/pages/mobs/[vnum].json.ts,agent-json,generated machine-readable record,3,schema-and-sample QA,,engine data,engine,active world files
/mobs/14403/,src/pages/mobs/[vnum].astro,mobs,generated world-file record,3,template-and-sample QA,,engine data,engine,active world files
/mobs/14404.json,src/pages/mobs/[vnum].json.ts,agent-json,generated machine-readable record,3,schema-and-sample QA,,engine data,engine,active world files
/mobs/14404/,src/pages/mobs/[vnum].astro,mobs,generated world-file record,3,template-and-sample QA,,engine data,engine,active world files
/mobs/14405.json,src/pages/mobs/[vnum].json.ts,agent-json,generated machine-readable record,3,schema-and-sample QA,,engine data,engine,active world files
/mobs/14405/,src/pages/mobs/[vnum].astro,mobs,generated world-file record,3,template-and-sample QA,,engine data,engine,active world files
/mobs/14406.json,src/pages/mobs/[vnum].json.ts,agent-json,generated machine-readable record,3,schema-and-sample QA,,engine data,engine,active world files
/mobs/14406/,src/pages/mobs/[vnum].astro,mobs,generated world-file record,3,template-and-sample QA,,engine data,engine,active world files
/mobs/14407.json,src/pages/mobs/[vnum].json.ts,agent-json,generated machine-readable record,3,schema-and-sample QA,,engine data,engine,active world files
/mobs/14407/,src/pages/mobs/[vnum].astro,mobs,generated world-file record,3,template-and-sample QA,,engine data,engine,active world files
/mobs/14408.json,src/pages/mobs/[vnum].json.ts,agent-json,generated machine-readable record,3,schema-and-sample QA,,engine data,engine,active world files
/mobs/14408/,src/pages/mobs/[vnum].astro,mobs,generated world-file record,3,template-and-sample QA,,engine data,engine,active world files
/mobs/14409.json,src/pages/mobs/[vnum].json.ts,agent-json,generated machine-readable record,3,schema-and-sample QA,,engine data,engine,active world files
/mobs/14409/,src/pages/mobs/[vnum].astro,mobs,generated world-file record,3,template-and-sample QA,,engine data,engine,active world files
/mobs/14410.json,src/pages/mobs/[vnum].json.ts,agent-json,generated machine-readable record,3,schema-and-sample QA,,engine data,engine,active world files
/mobs/14410/,src/pages/mobs/[vnum].astro,mobs,generated world-file record,3,template-and-sample QA,,engine data,engine,active world files
/mobs/14411.json,src/pages/mobs/[vnum].json.ts,agent-json,generated machine-readable record,3,schema-and-sample QA,,engine data,engine,active world files
/mobs/14411/,src/pages/mobs/[vnum].astro,mobs,generated world-file record,3,template-and-sample QA,,engine data,engine,active world files
/mobs/14412.json,src/pages/mobs/[vnum].json.ts,agent-json,generated machine-readable record,3,schema-and-sample QA,,engine data,engine,active world files
/mobs/14412/,src/pages/mobs/[vnum].astro,mobs,generated world-file record,3,template-and-sample QA,,engine data,engine,active world files
/mobs/14413.json,src/pages/mobs/[vnum].json.ts,agent-json,generated machine-readable record,3,schema-and-sample QA,,engine data,engine,active world files
/mobs/14413/,src/pages/mobs/[vnum].astro,mobs,generated world-file record,3,template-and-sample QA,,engine data,engine,active world files
/mobs/14414.json,src/pages/mobs/[vnum].json.ts,agent-json,generated machine-readable record,3,schema-and-sample QA,,engine data,engine,active world files
/mobs/14414/,src/pages/mobs/[vnum].astro,mobs,generated world-file record,3,template-and-sample QA,,engine data,engine,active world files
/mobs/14415.json,src/pages/mobs/[vnum].json.ts,agent-json,generated machine-readable record,3,schema-and-sample QA,,engine data,engine,active world files
/mobs/14415/,src/pages/mobs/[vnum].astro,mobs,generated world-file record,3,template-and-sample QA,,engine data,engine,active world files
/mobs/14416.json,src/pages/mobs/[vnum].json.ts,agent-json,generated machine-readable record,3,schema-and-sample QA,,engine data,engine,active world files
/mobs/14416/,src/pages/mobs/[vnum].astro,mobs,generated world-file record,3,template-and-sample QA,,engine data,engine,active world files
/mobs/14417.json,src/pages/mobs/[vnum].json.ts,agent-json,generated machine-readable record,3,schema-and-sample QA,,engine data,engine,active world files
/mobs/14417/,src/pages/mobs/[vnum].astro,mobs,generated world-file record,3,template-and-sample QA,,engine data,engine,active world files
/mobs/14418.json,src/pages/mobs/[vnum].json.ts,agent-json,generated machine-readable record,3,schema-and-sample QA,,engine data,engine,active world files
/mobs/14418/,src/pages/mobs/[vnum].astro,mobs,generated world-file record,3,template-and-sample QA,,engine data,engine,active world files
/mobs/14419.json,src/pages/mobs/[vnum].json.ts,agent-json,generated machine-readable record,3,schema-and-sample QA,,engine data,engine,active world files
/mobs/14419/,src/pages/mobs/[vnum].astro,mobs,generated world-file record,3,template-and-sample QA,,engine data,engine,active world files
/mobs/14420.json,src/pages/mobs/[vnum].json.ts,agent-json,generated machine-readable record,3,schema-and-sample QA,,engine data,engine,active world files
/mobs/14420/,src/pages/mobs/[vnum].astro,mobs,generated world-file record,3,template-and-sample QA,,engine data,engine,active world files
/mobs/14421.json,src/pages/mobs/[vnum].json.ts,agent-json,generated machine-readable record,3,schema-and-sample QA,,engine data,engine,active world files
/mobs/14421/,src/pages/mobs/[vnum].astro,mobs,generated world-file record,3,template-and-sample QA,,engine data,engine,active world files
/mobs/14422.json,src/pages/mobs/[vnum].json.ts,agent-json,generated machine-readable record,3,schema-and-sample QA,,engine data,engine,active world files
/mobs/14422/,src/pages/mobs/[vnum].astro,mobs,generated world-file record,3,template-and-sample QA,,engine data,engine,active world files
/mobs/14423.json,src/pages/mobs/[vnum].json.ts,agent-json,generated machine-readable record,3,schema-and-sample QA,,engine data,engine,active world files
/mobs/14423/,src/pages/mobs/[vnum].astro,mobs,generated world-file record,3,template-and-sample QA,,engine data,engine,active world files
/mobs/14424.json,src/pages/mobs/[vnum].json.ts,agent-json,generated machine-readable record,3,schema-and-sample QA,,engine data,engine,active world files
/mobs/14424/,src/pages/mobs/[vnum].astro,mobs,generated world-file record,3,template-and-sample QA,,engine data,engine,active world files
/mobs/14425.json,src/pages/mobs/[vnum].json.ts,agent-json,generated machine-readable record,3,schema-and-sample QA,,engine data,engine,active world files
/mobs/14425/,src/pages/mobs/[vnum].astro,mobs,generated world-file record,3,template-and-sample QA,,engine data,engine,active world files
/mobs/14426.json,src/pages/mobs/[vnum].json.ts,agent-json,generated machine-readable record,3,schema-and-sample QA,,engine data,engine,active world files
/mobs/14426/,src/pages/mobs/[vnum].astro,mobs,generated world-file record,3,template-and-sample QA,,engine data,engine,active world files
/mobs/14427.json,src/pages/mobs/[vnum].json.ts,agent-json,generated machine-readable record,3,schema-and-sample QA,,engine data,engine,active world files
/mobs/14427/,src/pages/mobs/[vnum].astro,mobs,generated world-file record,3,template-and-sample QA,,engine data,engine,active world files
/mobs/14428.json,src/pages/mobs/[vnum].json.ts,agent-json,generated machine-readable record,3,schema-and-sample QA,,engine data,engine,active world files
/mobs/14428/,src/pages/mobs/[vnum].astro,mobs,generated world-file record,3,template-and-sample QA,,engine data,engine,active world files
/mobs/14429.json,src/pages/mobs/[vnum].json.ts,agent-json,generated machine-readable record,3,schema-and-sample QA,,engine data,engine,active world files
/mobs/14429/,src/pages/mobs/[vnum].astro,mobs,generated world-file record,3,template-and-sample QA,,engine data,engine,active world files
/mobs/14430.json,src/pages/mobs/[vnum].json.ts,agent-json,generated machine-readable record,3,schema-and-sample QA,,engine data,engine,active world files
/mobs/14430/,src/pages/mobs/[vnum].astro,mobs,generated world-file record,3,template-and-sample QA,,engine data,engine,active world files
/mobs/14431.json,src/pages/mobs/[vnum].json.ts,agent-json,generated machine-readable record,3,schema-and-sample QA,,engine data,engine,active world files
/mobs/14431/,src/pages/mobs/[vnum].astro,mobs,generated world-file record,3,template-and-sample QA,,engine data,engine,active world files
/mobs/14432.json,src/pages/mobs/[vnum].json.ts,agent-json,generated machine-readable record,3,schema-and-sample QA,,engine data,engine,active world files
/mobs/14432/,src/pages/mobs/[vnum].astro,mobs,generated world-file record,3,template-and-sample QA,,engine data,engine,active world files
/mobs/14433.json,src/pages/mobs/[vnum].json.ts,agent-json,generated machine-readable record,3,schema-and-sample QA,,engine data,engine,active world files
/mobs/14433/,src/pages/mobs/[vnum].astro,mobs,generated world-file record,3,template-and-sample QA,,engine data,engine,active world files
/mobs/14434.json,src/pages/mobs/[vnum].json.ts,agent-json,generated machine-readable record,3,schema-and-sample QA,,engine data,engine,active world files
/mobs/14434/,src/pages/mobs/[vnum].astro,mobs,generated world-file record,3,template-and-sample QA,,engine data,engine,active world files
/mobs/14435.json,src/pages/mobs/[vnum].json.ts,agent-json,generated machine-readable record,3,schema-and-sample QA,,engine data,engine,active world files
/mobs/14435/,src/pages/mobs/[vnum].astro,mobs,generated world-file record,3,template-and-sample QA,,engine data,engine,active world files
/mobs/14436.json,src/pages/mobs/[vnum].json.ts,agent-json,generated machine-readable record,3,schema-and-sample QA,,engine data,engine,active world files
/mobs/14436/,src/pages/mobs/[vnum].astro,mobs,generated world-file record,3,template-and-sample QA,,engine data,engine,active world files
/mobs/14437.json,src/pages/mobs/[vnum].json.ts,agent-json,generated machine-readable record,3,schema-and-sample QA,,engine data,engine,active world files
/mobs/14437/,src/pages/mobs/[vnum].astro,mobs,generated world-file record,3,template-and-sample QA,,engine data,engine,active world files
/mobs/14438.json,src/pages/mobs/[vnum].json.ts,agent-json,generated machine-readable record,3,schema-and-sample QA,,engine data,engine,active world files
/mobs/14438/,src/pages/mobs/[vnum].astro,mobs,generated world-file record,3,template-and-sample QA,,engine data,engine,active world files
/mobs/14439.json,src/pages/mobs/[vnum].json.ts,agent-json,generated machine-readable record,3,schema-and-sample QA,,engine data,engine,active world files
/mobs/14439/,src/pages/mobs/[vnum].astro,mobs,generated world-file record,3,template-and-sample QA,,engine data,engine,active world files
/mobs/14440.json,src/pages/mobs/[vnum].json.ts,agent-json,generated machine-readable record,3,schema-and-sample QA,,engine data,engine,active world files
/mobs/14440/,src/pages/mobs/[vnum].astro,mobs,generated world-file record,3,template-and-sample QA,,engine data,engine,active world files
/mobs/14500.json,src/pages/mobs/[vnum].json.ts,agent-json,generated machine-readable record,3,schema-and-sample QA,,engine data,engine,active world files
/mobs/14500/,src/pages/mobs/[vnum].astro,mobs,generated world-file record,3,template-and-sample QA,,engine data,engine,active world files
/mobs/14501.json,src/pages/mobs/[vnum].json.ts,agent-json,generated machine-readable record,3,schema-and-sample QA,,engine data,engine,active world files
/mobs/14501/,src/pages/mobs/[vnum].astro,mobs,generated world-file record,3,template-and-sample QA,,engine data,engine,active world files
/mobs/14502.json,src/pages/mobs/[vnum].json.ts,agent-json,generated machine-readable record,3,schema-and-sample QA,,engine data,engine,active world files
/mobs/14502/,src/pages/mobs/[vnum].astro,mobs,generated world-file record,3,template-and-sample QA,,engine data,engine,active world files
/mobs/14503.json,src/pages/mobs/[vnum].json.ts,agent-json,generated machine-readable record,3,schema-and-sample QA,,engine data,engine,active world files
/mobs/14503/,src/pages/mobs/[vnum].astro,mobs,generated world-file record,3,template-and-sample QA,,engine data,engine,active world files
/mobs/14504.json,src/pages/mobs/[vnum].json.ts,agent-json,generated machine-readable record,3,schema-and-sample QA,,engine data,engine,active world files
/mobs/14504/,src/pages/mobs/[vnum].astro,mobs,generated world-file record,3,template-and-sample QA,,engine data,engine,active world files
/mobs/14505.json,src/pages/mobs/[vnum].json.ts,agent-json,generated machine-readable record,3,schema-and-sample QA,,engine data,engine,active world files
/mobs/14505/,src/pages/mobs/[vnum].astro,mobs,generated world-file record,3,template-and-sample QA,,engine data,engine,active world files
/mobs/14506.json,src/pages/mobs/[vnum].json.ts,agent-json,generated machine-readable record,3,schema-and-sample QA,,engine data,engine,active world files
/mobs/14506/,src/pages/mobs/[vnum].astro,mobs,generated world-file record,3,template-and-sample QA,,engine data,engine,active world files
/mobs/14507.json,src/pages/mobs/[vnum].json.ts,agent-json,generated machine-readable record,3,schema-and-sample QA,,engine data,engine,active world files
/mobs/14507/,src/pages/mobs/[vnum].astro,mobs,generated world-file record,3,template-and-sample QA,,engine data,engine,active world files
/mobs/14508.json,src/pages/mobs/[vnum].json.ts,agent-json,generated machine-readable record,3,schema-and-sample QA,,engine data,engine,active world files
/mobs/14508/,src/pages/mobs/[vnum].astro,mobs,generated world-file record,3,template-and-sample QA,,engine data,engine,active world files
/mobs/14509.json,src/pages/mobs/[vnum].json.ts,agent-json,generated machine-readable record,3,schema-and-sample QA,,engine data,engine,active world files
/mobs/14509/,src/pages/mobs/[vnum].astro,mobs,generated world-file record,3,template-and-sample QA,,engine data,engine,active world files
/mobs/14510.json,src/pages/mobs/[vnum].json.ts,agent-json,generated machine-readable record,3,schema-and-sample QA,,engine data,engine,active world files
/mobs/14510/,src/pages/mobs/[vnum].astro,mobs,generated world-file record,3,template-and-sample QA,,engine data,engine,active world files
/mobs/14511.json,src/pages/mobs/[vnum].json.ts,agent-json,generated machine-readable record,3,schema-and-sample QA,,engine data,engine,active world files
/mobs/14511/,src/pages/mobs/[vnum].astro,mobs,generated world-file record,3,template-and-sample QA,,engine data,engine,active world files
/mobs/14512.json,src/pages/mobs/[vnum].json.ts,agent-json,generated machine-readable record,3,schema-and-sample QA,,engine data,engine,active world files
/mobs/14512/,src/pages/mobs/[vnum].astro,mobs,generated world-file record,3,template-and-sample QA,,engine data,engine,active world files
/mobs/14513.json,src/pages/mobs/[vnum].json.ts,agent-json,generated machine-readable record,3,schema-and-sample QA,,engine data,engine,active world files
/mobs/14513/,src/pages/mobs/[vnum].astro,mobs,generated world-file record,3,template-and-sample QA,,engine data,engine,active world files
/mobs/14514.json,src/pages/mobs/[vnum].json.ts,agent-json,generated machine-readable record,3,schema-and-sample QA,,engine data,engine,active world files
/mobs/14514/,src/pages/mobs/[vnum].astro,mobs,generated world-file record,3,template-and-sample QA,,engine data,engine,active world files
/mobs/14515.json,src/pages/mobs/[vnum].json.ts,agent-json,generated machine-readable record,3,schema-and-sample QA,,engine data,engine,active world files
/mobs/14515/,src/pages/mobs/[vnum].astro,mobs,generated world-file record,3,template-and-sample QA,,engine data,engine,active world files
/mobs/14516.json,src/pages/mobs/[vnum].json.ts,agent-json,generated machine-readable record,3,schema-and-sample QA,,engine data,engine,active world files
/mobs/14516/,src/pages/mobs/[vnum].astro,mobs,generated world-file record,3,template-and-sample QA,,engine data,engine,active world files
/mobs/14527.json,src/pages/mobs/[vnum].json.ts,agent-json,generated machine-readable record,3,schema-and-sample QA,,engine data,engine,active world files
/mobs/14527/,src/pages/mobs/[vnum].astro,mobs,generated world-file record,3,template-and-sample QA,,engine data,engine,active world files
/mobs/14529.json,src/pages/mobs/[vnum].json.ts,agent-json,generated machine-readable record,3,schema-and-sample QA,,engine data,engine,active world files
/mobs/14529/,src/pages/mobs/[vnum].astro,mobs,generated world-file record,3,template-and-sample QA,,engine data,engine,active world files
/mobs/14530.json,src/pages/mobs/[vnum].json.ts,agent-json,generated machine-readable record,3,schema-and-sample QA,,engine data,engine,active world files
/mobs/14530/,src/pages/mobs/[vnum].astro,mobs,generated world-file record,3,template-and-sample QA,,engine data,engine,active world files
/mobs/14531.json,src/pages/mobs/[vnum].json.ts,agent-json,generated machine-readable record,3,schema-and-sample QA,,engine data,engine,active world files
/mobs/14531/,src/pages/mobs/[vnum].astro,mobs,generated world-file record,3,template-and-sample QA,,engine data,engine,active world files
/mobs/14532.json,src/pages/mobs/[vnum].json.ts,agent-json,generated machine-readable record,3,schema-and-sample QA,,engine data,engine,active world files
/mobs/14532/,src/pages/mobs/[vnum].astro,mobs,generated world-file record,3,template-and-sample QA,,engine data,engine,active world files
/mobs/15100.json,src/pages/mobs/[vnum].json.ts,agent-json,generated machine-readable record,3,schema-and-sample QA,,engine data,engine,active world files
/mobs/15100/,src/pages/mobs/[vnum].astro,mobs,generated world-file record,3,template-and-sample QA,,engine data,engine,active world files
/mobs/15101.json,src/pages/mobs/[vnum].json.ts,agent-json,generated machine-readable record,3,schema-and-sample QA,,engine data,engine,active world files
/mobs/15101/,src/pages/mobs/[vnum].astro,mobs,generated world-file record,3,template-and-sample QA,,engine data,engine,active world files
/mobs/15102.json,src/pages/mobs/[vnum].json.ts,agent-json,generated machine-readable record,3,schema-and-sample QA,,engine data,engine,active world files
/mobs/15102/,src/pages/mobs/[vnum].astro,mobs,generated world-file record,3,template-and-sample QA,,engine data,engine,active world files
/mobs/15103.json,src/pages/mobs/[vnum].json.ts,agent-json,generated machine-readable record,3,schema-and-sample QA,,engine data,engine,active world files
/mobs/15103/,src/pages/mobs/[vnum].astro,mobs,generated world-file record,3,template-and-sample QA,,engine data,engine,active world files
/mobs/15104.json,src/pages/mobs/[vnum].json.ts,agent-json,generated machine-readable record,3,schema-and-sample QA,,engine data,engine,active world files
/mobs/15104/,src/pages/mobs/[vnum].astro,mobs,generated world-file record,3,template-and-sample QA,,engine data,engine,active world files
/mobs/15105.json,src/pages/mobs/[vnum].json.ts,agent-json,generated machine-readable record,3,schema-and-sample QA,,engine data,engine,active world files
/mobs/15105/,src/pages/mobs/[vnum].astro,mobs,generated world-file record,3,template-and-sample QA,,engine data,engine,active world files
/mobs/15106.json,src/pages/mobs/[vnum].json.ts,agent-json,generated machine-readable record,3,schema-and-sample QA,,engine data,engine,active world files
/mobs/15106/,src/pages/mobs/[vnum].astro,mobs,generated world-file record,3,template-and-sample QA,,engine data,engine,active world files
/mobs/15107.json,src/pages/mobs/[vnum].json.ts,agent-json,generated machine-readable record,3,schema-and-sample QA,,engine data,engine,active world files
/mobs/15107/,src/pages/mobs/[vnum].astro,mobs,generated world-file record,3,template-and-sample QA,,engine data,engine,active world files
/mobs/15108.json,src/pages/mobs/[vnum].json.ts,agent-json,generated machine-readable record,3,schema-and-sample QA,,engine data,engine,active world files
/mobs/15108/,src/pages/mobs/[vnum].astro,mobs,generated world-file record,3,template-and-sample QA,,engine data,engine,active world files
/mobs/15109.json,src/pages/mobs/[vnum].json.ts,agent-json,generated machine-readable record,3,schema-and-sample QA,,engine data,engine,active world files
/mobs/15109/,src/pages/mobs/[vnum].astro,mobs,generated world-file record,3,template-and-sample QA,,engine data,engine,active world files
/mobs/15110.json,src/pages/mobs/[vnum].json.ts,agent-json,generated machine-readable record,3,schema-and-sample QA,,engine data,engine,active world files
/mobs/15110/,src/pages/mobs/[vnum].astro,mobs,generated world-file record,3,template-and-sample QA,,engine data,engine,active world files
/mobs/15111.json,src/pages/mobs/[vnum].json.ts,agent-json,generated machine-readable record,3,schema-and-sample QA,,engine data,engine,active world files
/mobs/15111/,src/pages/mobs/[vnum].astro,mobs,generated world-file record,3,template-and-sample QA,,engine data,engine,active world files
/mobs/15112.json,src/pages/mobs/[vnum].json.ts,agent-json,generated machine-readable record,3,schema-and-sample QA,,engine data,engine,active world files
/mobs/15112/,src/pages/mobs/[vnum].astro,mobs,generated world-file record,3,template-and-sample QA,,engine data,engine,active world files
/mobs/15113.json,src/pages/mobs/[vnum].json.ts,agent-json,generated machine-readable record,3,schema-and-sample QA,,engine data,engine,active world files
/mobs/15113/,src/pages/mobs/[vnum].astro,mobs,generated world-file record,3,template-and-sample QA,,engine data,engine,active world files
/mobs/15114.json,src/pages/mobs/[vnum].json.ts,agent-json,generated machine-readable record,3,schema-and-sample QA,,engine data,engine,active world files
/mobs/15114/,src/pages/mobs/[vnum].astro,mobs,generated world-file record,3,template-and-sample QA,,engine data,engine,active world files
/mobs/15115.json,src/pages/mobs/[vnum].json.ts,agent-json,generated machine-readable record,3,schema-and-sample QA,,engine data,engine,active world files
/mobs/15115/,src/pages/mobs/[vnum].astro,mobs,generated world-file record,3,template-and-sample QA,,engine data,engine,active world files
/mobs/15116.json,src/pages/mobs/[vnum].json.ts,agent-json,generated machine-readable record,3,schema-and-sample QA,,engine data,engine,active world files
/mobs/15116/,src/pages/mobs/[vnum].astro,mobs,generated world-file record,3,template-and-sample QA,,engine data,engine,active world files
/mobs/15117.json,src/pages/mobs/[vnum].json.ts,agent-json,generated machine-readable record,3,schema-and-sample QA,,engine data,engine,active world files
/mobs/15117/,src/pages/mobs/[vnum].astro,mobs,generated world-file record,3,template-and-sample QA,,engine data,engine,active world files
/mobs/15118.json,src/pages/mobs/[vnum].json.ts,agent-json,generated machine-readable record,3,schema-and-sample QA,,engine data,engine,active world files
/mobs/15118/,src/pages/mobs/[vnum].astro,mobs,generated world-file record,3,template-and-sample QA,,engine data,engine,active world files
/mobs/15119.json,src/pages/mobs/[vnum].json.ts,agent-json,generated machine-readable record,3,schema-and-sample QA,,engine data,engine,active world files
/mobs/15119/,src/pages/mobs/[vnum].astro,mobs,generated world-file record,3,template-and-sample QA,,engine data,engine,active world files
/mobs/15120.json,src/pages/mobs/[vnum].json.ts,agent-json,generated machine-readable record,3,schema-and-sample QA,,engine data,engine,active world files
/mobs/15120/,src/pages/mobs/[vnum].astro,mobs,generated world-file record,3,template-and-sample QA,,engine data,engine,active world files
/mobs/15801.json,src/pages/mobs/[vnum].json.ts,agent-json,generated machine-readable record,3,schema-and-sample QA,,engine data,engine,active world files
/mobs/15801/,src/pages/mobs/[vnum].astro,mobs,generated world-file record,3,template-and-sample QA,,engine data,engine,active world files
/mobs/15802.json,src/pages/mobs/[vnum].json.ts,agent-json,generated machine-readable record,3,schema-and-sample QA,,engine data,engine,active world files
/mobs/15802/,src/pages/mobs/[vnum].astro,mobs,generated world-file record,3,template-and-sample QA,,engine data,engine,active world files
/mobs/15803.json,src/pages/mobs/[vnum].json.ts,agent-json,generated machine-readable record,3,schema-and-sample QA,,engine data,engine,active world files
/mobs/15803/,src/pages/mobs/[vnum].astro,mobs,generated world-file record,3,template-and-sample QA,,engine data,engine,active world files
/mobs/15804.json,src/pages/mobs/[vnum].json.ts,agent-json,generated machine-readable record,3,schema-and-sample QA,,engine data,engine,active world files
/mobs/15804/,src/pages/mobs/[vnum].astro,mobs,generated world-file record,3,template-and-sample QA,,engine data,engine,active world files
/mobs/15805.json,src/pages/mobs/[vnum].json.ts,agent-json,generated machine-readable record,3,schema-and-sample QA,,engine data,engine,active world files
/mobs/15805/,src/pages/mobs/[vnum].astro,mobs,generated world-file record,3,template-and-sample QA,,engine data,engine,active world files
/mobs/15806.json,src/pages/mobs/[vnum].json.ts,agent-json,generated machine-readable record,3,schema-and-sample QA,,engine data,engine,active world files
/mobs/15806/,src/pages/mobs/[vnum].astro,mobs,generated world-file record,3,template-and-sample QA,,engine data,engine,active world files
/mobs/15807.json,src/pages/mobs/[vnum].json.ts,agent-json,generated machine-readable record,3,schema-and-sample QA,,engine data,engine,active world files
/mobs/15807/,src/pages/mobs/[vnum].astro,mobs,generated world-file record,3,template-and-sample QA,,engine data,engine,active world files
/mobs/15808.json,src/pages/mobs/[vnum].json.ts,agent-json,generated machine-readable record,3,schema-and-sample QA,,engine data,engine,active world files
/mobs/15808/,src/pages/mobs/[vnum].astro,mobs,generated world-file record,3,template-and-sample QA,,engine data,engine,active world files
/mobs/15809.json,src/pages/mobs/[vnum].json.ts,agent-json,generated machine-readable record,3,schema-and-sample QA,,engine data,engine,active world files
/mobs/15809/,src/pages/mobs/[vnum].astro,mobs,generated world-file record,3,template-and-sample QA,,engine data,engine,active world files
/mobs/15810.json,src/pages/mobs/[vnum].json.ts,agent-json,generated machine-readable record,3,schema-and-sample QA,,engine data,engine,active world files
/mobs/15810/,src/pages/mobs/[vnum].astro,mobs,generated world-file record,3,template-and-sample QA,,engine data,engine,active world files
/mobs/15811.json,src/pages/mobs/[vnum].json.ts,agent-json,generated machine-readable record,3,schema-and-sample QA,,engine data,engine,active world files
/mobs/15811/,src/pages/mobs/[vnum].astro,mobs,generated world-file record,3,template-and-sample QA,,engine data,engine,active world files
/mobs/15812.json,src/pages/mobs/[vnum].json.ts,agent-json,generated machine-readable record,3,schema-and-sample QA,,engine data,engine,active world files
/mobs/15812/,src/pages/mobs/[vnum].astro,mobs,generated world-file record,3,template-and-sample QA,,engine data,engine,active world files
/mobs/15813.json,src/pages/mobs/[vnum].json.ts,agent-json,generated machine-readable record,3,schema-and-sample QA,,engine data,engine,active world files
/mobs/15813/,src/pages/mobs/[vnum].astro,mobs,generated world-file record,3,template-and-sample QA,,engine data,engine,active world files
/mobs/15814.json,src/pages/mobs/[vnum].json.ts,agent-json,generated machine-readable record,3,schema-and-sample QA,,engine data,engine,active world files
/mobs/15814/,src/pages/mobs/[vnum].astro,mobs,generated world-file record,3,template-and-sample QA,,engine data,engine,active world files
/mobs/15815.json,src/pages/mobs/[vnum].json.ts,agent-json,generated machine-readable record,3,schema-and-sample QA,,engine data,engine,active world files
/mobs/15815/,src/pages/mobs/[vnum].astro,mobs,generated world-file record,3,template-and-sample QA,,engine data,engine,active world files
/mobs/15816.json,src/pages/mobs/[vnum].json.ts,agent-json,generated machine-readable record,3,schema-and-sample QA,,engine data,engine,active world files
/mobs/15816/,src/pages/mobs/[vnum].astro,mobs,generated world-file record,3,template-and-sample QA,,engine data,engine,active world files
/mobs/15817.json,src/pages/mobs/[vnum].json.ts,agent-json,generated machine-readable record,3,schema-and-sample QA,,engine data,engine,active world files
/mobs/15817/,src/pages/mobs/[vnum].astro,mobs,generated world-file record,3,template-and-sample QA,,engine data,engine,active world files
/mobs/15818.json,src/pages/mobs/[vnum].json.ts,agent-json,generated machine-readable record,3,schema-and-sample QA,,engine data,engine,active world files
/mobs/15818/,src/pages/mobs/[vnum].astro,mobs,generated world-file record,3,template-and-sample QA,,engine data,engine,active world files
/mobs/16000.json,src/pages/mobs/[vnum].json.ts,agent-json,generated machine-readable record,3,schema-and-sample QA,,engine data,engine,active world files
/mobs/16000/,src/pages/mobs/[vnum].astro,mobs,generated world-file record,3,template-and-sample QA,,engine data,engine,active world files
/mobs/16001.json,src/pages/mobs/[vnum].json.ts,agent-json,generated machine-readable record,3,schema-and-sample QA,,engine data,engine,active world files
/mobs/16001/,src/pages/mobs/[vnum].astro,mobs,generated world-file record,3,template-and-sample QA,,engine data,engine,active world files
/mobs/16002.json,src/pages/mobs/[vnum].json.ts,agent-json,generated machine-readable record,3,schema-and-sample QA,,engine data,engine,active world files
/mobs/16002/,src/pages/mobs/[vnum].astro,mobs,generated world-file record,3,template-and-sample QA,,engine data,engine,active world files
/mobs/16003.json,src/pages/mobs/[vnum].json.ts,agent-json,generated machine-readable record,3,schema-and-sample QA,,engine data,engine,active world files
/mobs/16003/,src/pages/mobs/[vnum].astro,mobs,generated world-file record,3,template-and-sample QA,,engine data,engine,active world files
/mobs/16004.json,src/pages/mobs/[vnum].json.ts,agent-json,generated machine-readable record,3,schema-and-sample QA,,engine data,engine,active world files
/mobs/16004/,src/pages/mobs/[vnum].astro,mobs,generated world-file record,3,template-and-sample QA,,engine data,engine,active world files
/mobs/16005.json,src/pages/mobs/[vnum].json.ts,agent-json,generated machine-readable record,3,schema-and-sample QA,,engine data,engine,active world files
/mobs/16005/,src/pages/mobs/[vnum].astro,mobs,generated world-file record,3,template-and-sample QA,,engine data,engine,active world files
/mobs/16006.json,src/pages/mobs/[vnum].json.ts,agent-json,generated machine-readable record,3,schema-and-sample QA,,engine data,engine,active world files
/mobs/16006/,src/pages/mobs/[vnum].astro,mobs,generated world-file record,3,template-and-sample QA,,engine data,engine,active world files
/mobs/16007.json,src/pages/mobs/[vnum].json.ts,agent-json,generated machine-readable record,3,schema-and-sample QA,,engine data,engine,active world files
/mobs/16007/,src/pages/mobs/[vnum].astro,mobs,generated world-file record,3,template-and-sample QA,,engine data,engine,active world files
/mobs/16008.json,src/pages/mobs/[vnum].json.ts,agent-json,generated machine-readable record,3,schema-and-sample QA,,engine data,engine,active world files
/mobs/16008/,src/pages/mobs/[vnum].astro,mobs,generated world-file record,3,template-and-sample QA,,engine data,engine,active world files
/mobs/16009.json,src/pages/mobs/[vnum].json.ts,agent-json,generated machine-readable record,3,schema-and-sample QA,,engine data,engine,active world files
/mobs/16009/,src/pages/mobs/[vnum].astro,mobs,generated world-file record,3,template-and-sample QA,,engine data,engine,active world files
/mobs/16010.json,src/pages/mobs/[vnum].json.ts,agent-json,generated machine-readable record,3,schema-and-sample QA,,engine data,engine,active world files
/mobs/16010/,src/pages/mobs/[vnum].astro,mobs,generated world-file record,3,template-and-sample QA,,engine data,engine,active world files
/mobs/16100.json,src/pages/mobs/[vnum].json.ts,agent-json,generated machine-readable record,3,schema-and-sample QA,,engine data,engine,active world files
/mobs/16100/,src/pages/mobs/[vnum].astro,mobs,generated world-file record,3,template-and-sample QA,,engine data,engine,active world files
/mobs/16101.json,src/pages/mobs/[vnum].json.ts,agent-json,generated machine-readable record,3,schema-and-sample QA,,engine data,engine,active world files
/mobs/16101/,src/pages/mobs/[vnum].astro,mobs,generated world-file record,3,template-and-sample QA,,engine data,engine,active world files
/mobs/16102.json,src/pages/mobs/[vnum].json.ts,agent-json,generated machine-readable record,3,schema-and-sample QA,,engine data,engine,active world files
/mobs/16102/,src/pages/mobs/[vnum].astro,mobs,generated world-file record,3,template-and-sample QA,,engine data,engine,active world files
/mobs/16103.json,src/pages/mobs/[vnum].json.ts,agent-json,generated machine-readable record,3,schema-and-sample QA,,engine data,engine,active world files
/mobs/16103/,src/pages/mobs/[vnum].astro,mobs,generated world-file record,3,template-and-sample QA,,engine data,engine,active world files
/mobs/16104.json,src/pages/mobs/[vnum].json.ts,agent-json,generated machine-readable record,3,schema-and-sample QA,,engine data,engine,active world files
/mobs/16104/,src/pages/mobs/[vnum].astro,mobs,generated world-file record,3,template-and-sample QA,,engine data,engine,active world files
/mobs/16105.json,src/pages/mobs/[vnum].json.ts,agent-json,generated machine-readable record,3,schema-and-sample QA,,engine data,engine,active world files
/mobs/16105/,src/pages/mobs/[vnum].astro,mobs,generated world-file record,3,template-and-sample QA,,engine data,engine,active world files
/mobs/16106.json,src/pages/mobs/[vnum].json.ts,agent-json,generated machine-readable record,3,schema-and-sample QA,,engine data,engine,active world files
/mobs/16106/,src/pages/mobs/[vnum].astro,mobs,generated world-file record,3,template-and-sample QA,,engine data,engine,active world files
/mobs/16107.json,src/pages/mobs/[vnum].json.ts,agent-json,generated machine-readable record,3,schema-and-sample QA,,engine data,engine,active world files
/mobs/16107/,src/pages/mobs/[vnum].astro,mobs,generated world-file record,3,template-and-sample QA,,engine data,engine,active world files
/mobs/16108.json,src/pages/mobs/[vnum].json.ts,agent-json,generated machine-readable record,3,schema-and-sample QA,,engine data,engine,active world files
/mobs/16108/,src/pages/mobs/[vnum].astro,mobs,generated world-file record,3,template-and-sample QA,,engine data,engine,active world files
/mobs/16109.json,src/pages/mobs/[vnum].json.ts,agent-json,generated machine-readable record,3,schema-and-sample QA,,engine data,engine,active world files
/mobs/16109/,src/pages/mobs/[vnum].astro,mobs,generated world-file record,3,template-and-sample QA,,engine data,engine,active world files
/mobs/16110.json,src/pages/mobs/[vnum].json.ts,agent-json,generated machine-readable record,3,schema-and-sample QA,,engine data,engine,active world files
/mobs/16110/,src/pages/mobs/[vnum].astro,mobs,generated world-file record,3,template-and-sample QA,,engine data,engine,active world files
/mobs/16111.json,src/pages/mobs/[vnum].json.ts,agent-json,generated machine-readable record,3,schema-and-sample QA,,engine data,engine,active world files
/mobs/16111/,src/pages/mobs/[vnum].astro,mobs,generated world-file record,3,template-and-sample QA,,engine data,engine,active world files
/mobs/16112.json,src/pages/mobs/[vnum].json.ts,agent-json,generated machine-readable record,3,schema-and-sample QA,,engine data,engine,active world files
/mobs/16112/,src/pages/mobs/[vnum].astro,mobs,generated world-file record,3,template-and-sample QA,,engine data,engine,active world files
/mobs/16113.json,src/pages/mobs/[vnum].json.ts,agent-json,generated machine-readable record,3,schema-and-sample QA,,engine data,engine,active world files
/mobs/16113/,src/pages/mobs/[vnum].astro,mobs,generated world-file record,3,template-and-sample QA,,engine data,engine,active world files
/mobs/16114.json,src/pages/mobs/[vnum].json.ts,agent-json,generated machine-readable record,3,schema-and-sample QA,,engine data,engine,active world files
/mobs/16114/,src/pages/mobs/[vnum].astro,mobs,generated world-file record,3,template-and-sample QA,,engine data,engine,active world files
/mobs/16115.json,src/pages/mobs/[vnum].json.ts,agent-json,generated machine-readable record,3,schema-and-sample QA,,engine data,engine,active world files
/mobs/16115/,src/pages/mobs/[vnum].astro,mobs,generated world-file record,3,template-and-sample QA,,engine data,engine,active world files
/mobs/16116.json,src/pages/mobs/[vnum].json.ts,agent-json,generated machine-readable record,3,schema-and-sample QA,,engine data,engine,active world files
/mobs/16116/,src/pages/mobs/[vnum].astro,mobs,generated world-file record,3,template-and-sample QA,,engine data,engine,active world files
/mobs/16117.json,src/pages/mobs/[vnum].json.ts,agent-json,generated machine-readable record,3,schema-and-sample QA,,engine data,engine,active world files
/mobs/16117/,src/pages/mobs/[vnum].astro,mobs,generated world-file record,3,template-and-sample QA,,engine data,engine,active world files
/mobs/16118.json,src/pages/mobs/[vnum].json.ts,agent-json,generated machine-readable record,3,schema-and-sample QA,,engine data,engine,active world files
/mobs/16118/,src/pages/mobs/[vnum].astro,mobs,generated world-file record,3,template-and-sample QA,,engine data,engine,active world files
/mobs/16119.json,src/pages/mobs/[vnum].json.ts,agent-json,generated machine-readable record,3,schema-and-sample QA,,engine data,engine,active world files
/mobs/16119/,src/pages/mobs/[vnum].astro,mobs,generated world-file record,3,template-and-sample QA,,engine data,engine,active world files
/mobs/16120.json,src/pages/mobs/[vnum].json.ts,agent-json,generated machine-readable record,3,schema-and-sample QA,,engine data,engine,active world files
/mobs/16120/,src/pages/mobs/[vnum].astro,mobs,generated world-file record,3,template-and-sample QA,,engine data,engine,active world files
/mobs/16121.json,src/pages/mobs/[vnum].json.ts,agent-json,generated machine-readable record,3,schema-and-sample QA,,engine data,engine,active world files
/mobs/16121/,src/pages/mobs/[vnum].astro,mobs,generated world-file record,3,template-and-sample QA,,engine data,engine,active world files
/mobs/16122.json,src/pages/mobs/[vnum].json.ts,agent-json,generated machine-readable record,3,schema-and-sample QA,,engine data,engine,active world files
/mobs/16122/,src/pages/mobs/[vnum].astro,mobs,generated world-file record,3,template-and-sample QA,,engine data,engine,active world files
/mobs/16123.json,src/pages/mobs/[vnum].json.ts,agent-json,generated machine-readable record,3,schema-and-sample QA,,engine data,engine,active world files
/mobs/16123/,src/pages/mobs/[vnum].astro,mobs,generated world-file record,3,template-and-sample QA,,engine data,engine,active world files
/mobs/16124.json,src/pages/mobs/[vnum].json.ts,agent-json,generated machine-readable record,3,schema-and-sample QA,,engine data,engine,active world files
/mobs/16124/,src/pages/mobs/[vnum].astro,mobs,generated world-file record,3,template-and-sample QA,,engine data,engine,active world files
/mobs/16125.json,src/pages/mobs/[vnum].json.ts,agent-json,generated machine-readable record,3,schema-and-sample QA,,engine data,engine,active world files
/mobs/16125/,src/pages/mobs/[vnum].astro,mobs,generated world-file record,3,template-and-sample QA,,engine data,engine,active world files
/mobs/16200.json,src/pages/mobs/[vnum].json.ts,agent-json,generated machine-readable record,3,schema-and-sample QA,,engine data,engine,active world files
/mobs/16200/,src/pages/mobs/[vnum].astro,mobs,generated world-file record,3,template-and-sample QA,,engine data,engine,active world files
/mobs/16201.json,src/pages/mobs/[vnum].json.ts,agent-json,generated machine-readable record,3,schema-and-sample QA,,engine data,engine,active world files
/mobs/16201/,src/pages/mobs/[vnum].astro,mobs,generated world-file record,3,template-and-sample QA,,engine data,engine,active world files
/mobs/16202.json,src/pages/mobs/[vnum].json.ts,agent-json,generated machine-readable record,3,schema-and-sample QA,,engine data,engine,active world files
/mobs/16202/,src/pages/mobs/[vnum].astro,mobs,generated world-file record,3,template-and-sample QA,,engine data,engine,active world files
/mobs/16203.json,src/pages/mobs/[vnum].json.ts,agent-json,generated machine-readable record,3,schema-and-sample QA,,engine data,engine,active world files
/mobs/16203/,src/pages/mobs/[vnum].astro,mobs,generated world-file record,3,template-and-sample QA,,engine data,engine,active world files
/mobs/16204.json,src/pages/mobs/[vnum].json.ts,agent-json,generated machine-readable record,3,schema-and-sample QA,,engine data,engine,active world files
/mobs/16204/,src/pages/mobs/[vnum].astro,mobs,generated world-file record,3,template-and-sample QA,,engine data,engine,active world files
/mobs/16205.json,src/pages/mobs/[vnum].json.ts,agent-json,generated machine-readable record,3,schema-and-sample QA,,engine data,engine,active world files
/mobs/16205/,src/pages/mobs/[vnum].astro,mobs,generated world-file record,3,template-and-sample QA,,engine data,engine,active world files
/mobs/16206.json,src/pages/mobs/[vnum].json.ts,agent-json,generated machine-readable record,3,schema-and-sample QA,,engine data,engine,active world files
/mobs/16206/,src/pages/mobs/[vnum].astro,mobs,generated world-file record,3,template-and-sample QA,,engine data,engine,active world files
/mobs/16207.json,src/pages/mobs/[vnum].json.ts,agent-json,generated machine-readable record,3,schema-and-sample QA,,engine data,engine,active world files
/mobs/16207/,src/pages/mobs/[vnum].astro,mobs,generated world-file record,3,template-and-sample QA,,engine data,engine,active world files
/mobs/16208.json,src/pages/mobs/[vnum].json.ts,agent-json,generated machine-readable record,3,schema-and-sample QA,,engine data,engine,active world files
/mobs/16208/,src/pages/mobs/[vnum].astro,mobs,generated world-file record,3,template-and-sample QA,,engine data,engine,active world files
/mobs/16209.json,src/pages/mobs/[vnum].json.ts,agent-json,generated machine-readable record,3,schema-and-sample QA,,engine data,engine,active world files
/mobs/16209/,src/pages/mobs/[vnum].astro,mobs,generated world-file record,3,template-and-sample QA,,engine data,engine,active world files
/mobs/16210.json,src/pages/mobs/[vnum].json.ts,agent-json,generated machine-readable record,3,schema-and-sample QA,,engine data,engine,active world files
/mobs/16210/,src/pages/mobs/[vnum].astro,mobs,generated world-file record,3,template-and-sample QA,,engine data,engine,active world files
/mobs/16211.json,src/pages/mobs/[vnum].json.ts,agent-json,generated machine-readable record,3,schema-and-sample QA,,engine data,engine,active world files
/mobs/16211/,src/pages/mobs/[vnum].astro,mobs,generated world-file record,3,template-and-sample QA,,engine data,engine,active world files
/mobs/16220.json,src/pages/mobs/[vnum].json.ts,agent-json,generated machine-readable record,3,schema-and-sample QA,,engine data,engine,active world files
/mobs/16220/,src/pages/mobs/[vnum].astro,mobs,generated world-file record,3,template-and-sample QA,,engine data,engine,active world files
/mobs/16221.json,src/pages/mobs/[vnum].json.ts,agent-json,generated machine-readable record,3,schema-and-sample QA,,engine data,engine,active world files
/mobs/16221/,src/pages/mobs/[vnum].astro,mobs,generated world-file record,3,template-and-sample QA,,engine data,engine,active world files
/mobs/16222.json,src/pages/mobs/[vnum].json.ts,agent-json,generated machine-readable record,3,schema-and-sample QA,,engine data,engine,active world files
/mobs/16222/,src/pages/mobs/[vnum].astro,mobs,generated world-file record,3,template-and-sample QA,,engine data,engine,active world files
/mobs/16223.json,src/pages/mobs/[vnum].json.ts,agent-json,generated machine-readable record,3,schema-and-sample QA,,engine data,engine,active world files
/mobs/16223/,src/pages/mobs/[vnum].astro,mobs,generated world-file record,3,template-and-sample QA,,engine data,engine,active world files
/mobs/16224.json,src/pages/mobs/[vnum].json.ts,agent-json,generated machine-readable record,3,schema-and-sample QA,,engine data,engine,active world files
/mobs/16224/,src/pages/mobs/[vnum].astro,mobs,generated world-file record,3,template-and-sample QA,,engine data,engine,active world files
/mobs/16225.json,src/pages/mobs/[vnum].json.ts,agent-json,generated machine-readable record,3,schema-and-sample QA,,engine data,engine,active world files
/mobs/16225/,src/pages/mobs/[vnum].astro,mobs,generated world-file record,3,template-and-sample QA,,engine data,engine,active world files
/mobs/16226.json,src/pages/mobs/[vnum].json.ts,agent-json,generated machine-readable record,3,schema-and-sample QA,,engine data,engine,active world files
/mobs/16226/,src/pages/mobs/[vnum].astro,mobs,generated world-file record,3,template-and-sample QA,,engine data,engine,active world files
/mobs/16227.json,src/pages/mobs/[vnum].json.ts,agent-json,generated machine-readable record,3,schema-and-sample QA,,engine data,engine,active world files
/mobs/16227/,src/pages/mobs/[vnum].astro,mobs,generated world-file record,3,template-and-sample QA,,engine data,engine,active world files
/mobs/16228.json,src/pages/mobs/[vnum].json.ts,agent-json,generated machine-readable record,3,schema-and-sample QA,,engine data,engine,active world files
/mobs/16228/,src/pages/mobs/[vnum].astro,mobs,generated world-file record,3,template-and-sample QA,,engine data,engine,active world files
/mobs/16229.json,src/pages/mobs/[vnum].json.ts,agent-json,generated machine-readable record,3,schema-and-sample QA,,engine data,engine,active world files
/mobs/16229/,src/pages/mobs/[vnum].astro,mobs,generated world-file record,3,template-and-sample QA,,engine data,engine,active world files
/mobs/16230.json,src/pages/mobs/[vnum].json.ts,agent-json,generated machine-readable record,3,schema-and-sample QA,,engine data,engine,active world files
/mobs/16230/,src/pages/mobs/[vnum].astro,mobs,generated world-file record,3,template-and-sample QA,,engine data,engine,active world files
/mobs/16231.json,src/pages/mobs/[vnum].json.ts,agent-json,generated machine-readable record,3,schema-and-sample QA,,engine data,engine,active world files
/mobs/16231/,src/pages/mobs/[vnum].astro,mobs,generated world-file record,3,template-and-sample QA,,engine data,engine,active world files
/mobs/16290.json,src/pages/mobs/[vnum].json.ts,agent-json,generated machine-readable record,3,schema-and-sample QA,,engine data,engine,active world files
/mobs/16290/,src/pages/mobs/[vnum].astro,mobs,generated world-file record,3,template-and-sample QA,,engine data,engine,active world files
/mobs/16291.json,src/pages/mobs/[vnum].json.ts,agent-json,generated machine-readable record,3,schema-and-sample QA,,engine data,engine,active world files
/mobs/16291/,src/pages/mobs/[vnum].astro,mobs,generated world-file record,3,template-and-sample QA,,engine data,engine,active world files
/mobs/16300.json,src/pages/mobs/[vnum].json.ts,agent-json,generated machine-readable record,3,schema-and-sample QA,,engine data,engine,active world files
/mobs/16300/,src/pages/mobs/[vnum].astro,mobs,generated world-file record,3,template-and-sample QA,,engine data,engine,active world files
/mobs/16301.json,src/pages/mobs/[vnum].json.ts,agent-json,generated machine-readable record,3,schema-and-sample QA,,engine data,engine,active world files
/mobs/16301/,src/pages/mobs/[vnum].astro,mobs,generated world-file record,3,template-and-sample QA,,engine data,engine,active world files
/mobs/16302.json,src/pages/mobs/[vnum].json.ts,agent-json,generated machine-readable record,3,schema-and-sample QA,,engine data,engine,active world files
/mobs/16302/,src/pages/mobs/[vnum].astro,mobs,generated world-file record,3,template-and-sample QA,,engine data,engine,active world files
/mobs/16303.json,src/pages/mobs/[vnum].json.ts,agent-json,generated machine-readable record,3,schema-and-sample QA,,engine data,engine,active world files
/mobs/16303/,src/pages/mobs/[vnum].astro,mobs,generated world-file record,3,template-and-sample QA,,engine data,engine,active world files
/mobs/16304.json,src/pages/mobs/[vnum].json.ts,agent-json,generated machine-readable record,3,schema-and-sample QA,,engine data,engine,active world files
/mobs/16304/,src/pages/mobs/[vnum].astro,mobs,generated world-file record,3,template-and-sample QA,,engine data,engine,active world files
/mobs/16305.json,src/pages/mobs/[vnum].json.ts,agent-json,generated machine-readable record,3,schema-and-sample QA,,engine data,engine,active world files
/mobs/16305/,src/pages/mobs/[vnum].astro,mobs,generated world-file record,3,template-and-sample QA,,engine data,engine,active world files
/mobs/16306.json,src/pages/mobs/[vnum].json.ts,agent-json,generated machine-readable record,3,schema-and-sample QA,,engine data,engine,active world files
/mobs/16306/,src/pages/mobs/[vnum].astro,mobs,generated world-file record,3,template-and-sample QA,,engine data,engine,active world files
/mobs/16307.json,src/pages/mobs/[vnum].json.ts,agent-json,generated machine-readable record,3,schema-and-sample QA,,engine data,engine,active world files
/mobs/16307/,src/pages/mobs/[vnum].astro,mobs,generated world-file record,3,template-and-sample QA,,engine data,engine,active world files
/mobs/16308.json,src/pages/mobs/[vnum].json.ts,agent-json,generated machine-readable record,3,schema-and-sample QA,,engine data,engine,active world files
/mobs/16308/,src/pages/mobs/[vnum].astro,mobs,generated world-file record,3,template-and-sample QA,,engine data,engine,active world files
/mobs/16309.json,src/pages/mobs/[vnum].json.ts,agent-json,generated machine-readable record,3,schema-and-sample QA,,engine data,engine,active world files
/mobs/16309/,src/pages/mobs/[vnum].astro,mobs,generated world-file record,3,template-and-sample QA,,engine data,engine,active world files
/mobs/16310.json,src/pages/mobs/[vnum].json.ts,agent-json,generated machine-readable record,3,schema-and-sample QA,,engine data,engine,active world files
/mobs/16310/,src/pages/mobs/[vnum].astro,mobs,generated world-file record,3,template-and-sample QA,,engine data,engine,active world files
/mobs/16350.json,src/pages/mobs/[vnum].json.ts,agent-json,generated machine-readable record,3,schema-and-sample QA,,engine data,engine,active world files
/mobs/16350/,src/pages/mobs/[vnum].astro,mobs,generated world-file record,3,template-and-sample QA,,engine data,engine,active world files
/mobs/16400.json,src/pages/mobs/[vnum].json.ts,agent-json,generated machine-readable record,3,schema-and-sample QA,,engine data,engine,active world files
/mobs/16400/,src/pages/mobs/[vnum].astro,mobs,generated world-file record,3,template-and-sample QA,,engine data,engine,active world files
/mobs/16401.json,src/pages/mobs/[vnum].json.ts,agent-json,generated machine-readable record,3,schema-and-sample QA,,engine data,engine,active world files
/mobs/16401/,src/pages/mobs/[vnum].astro,mobs,generated world-file record,3,template-and-sample QA,,engine data,engine,active world files
/mobs/16402.json,src/pages/mobs/[vnum].json.ts,agent-json,generated machine-readable record,3,schema-and-sample QA,,engine data,engine,active world files
/mobs/16402/,src/pages/mobs/[vnum].astro,mobs,generated world-file record,3,template-and-sample QA,,engine data,engine,active world files
/mobs/16403.json,src/pages/mobs/[vnum].json.ts,agent-json,generated machine-readable record,3,schema-and-sample QA,,engine data,engine,active world files
/mobs/16403/,src/pages/mobs/[vnum].astro,mobs,generated world-file record,3,template-and-sample QA,,engine data,engine,active world files
/mobs/16404.json,src/pages/mobs/[vnum].json.ts,agent-json,generated machine-readable record,3,schema-and-sample QA,,engine data,engine,active world files
/mobs/16404/,src/pages/mobs/[vnum].astro,mobs,generated world-file record,3,template-and-sample QA,,engine data,engine,active world files
/mobs/16405.json,src/pages/mobs/[vnum].json.ts,agent-json,generated machine-readable record,3,schema-and-sample QA,,engine data,engine,active world files
/mobs/16405/,src/pages/mobs/[vnum].astro,mobs,generated world-file record,3,template-and-sample QA,,engine data,engine,active world files
/mobs/16406.json,src/pages/mobs/[vnum].json.ts,agent-json,generated machine-readable record,3,schema-and-sample QA,,engine data,engine,active world files
/mobs/16406/,src/pages/mobs/[vnum].astro,mobs,generated world-file record,3,template-and-sample QA,,engine data,engine,active world files
/mobs/16407.json,src/pages/mobs/[vnum].json.ts,agent-json,generated machine-readable record,3,schema-and-sample QA,,engine data,engine,active world files
/mobs/16407/,src/pages/mobs/[vnum].astro,mobs,generated world-file record,3,template-and-sample QA,,engine data,engine,active world files
/mobs/16408.json,src/pages/mobs/[vnum].json.ts,agent-json,generated machine-readable record,3,schema-and-sample QA,,engine data,engine,active world files
/mobs/16408/,src/pages/mobs/[vnum].astro,mobs,generated world-file record,3,template-and-sample QA,,engine data,engine,active world files
/mobs/16409.json,src/pages/mobs/[vnum].json.ts,agent-json,generated machine-readable record,3,schema-and-sample QA,,engine data,engine,active world files
/mobs/16409/,src/pages/mobs/[vnum].astro,mobs,generated world-file record,3,template-and-sample QA,,engine data,engine,active world files
/mobs/16410.json,src/pages/mobs/[vnum].json.ts,agent-json,generated machine-readable record,3,schema-and-sample QA,,engine data,engine,active world files
/mobs/16410/,src/pages/mobs/[vnum].astro,mobs,generated world-file record,3,template-and-sample QA,,engine data,engine,active world files
/mobs/16498.json,src/pages/mobs/[vnum].json.ts,agent-json,generated machine-readable record,3,schema-and-sample QA,,engine data,engine,active world files
/mobs/16498/,src/pages/mobs/[vnum].astro,mobs,generated world-file record,3,template-and-sample QA,,engine data,engine,active world files
/mobs/16499.json,src/pages/mobs/[vnum].json.ts,agent-json,generated machine-readable record,3,schema-and-sample QA,,engine data,engine,active world files
/mobs/16499/,src/pages/mobs/[vnum].astro,mobs,generated world-file record,3,template-and-sample QA,,engine data,engine,active world files
/mobs/18000.json,src/pages/mobs/[vnum].json.ts,agent-json,generated machine-readable record,3,schema-and-sample QA,,engine data,engine,active world files
/mobs/18000/,src/pages/mobs/[vnum].astro,mobs,generated world-file record,3,template-and-sample QA,,engine data,engine,active world files
/mobs/18001.json,src/pages/mobs/[vnum].json.ts,agent-json,generated machine-readable record,3,schema-and-sample QA,,engine data,engine,active world files
/mobs/18001/,src/pages/mobs/[vnum].astro,mobs,generated world-file record,3,template-and-sample QA,,engine data,engine,active world files
/mobs/18002.json,src/pages/mobs/[vnum].json.ts,agent-json,generated machine-readable record,3,schema-and-sample QA,,engine data,engine,active world files
/mobs/18002/,src/pages/mobs/[vnum].astro,mobs,generated world-file record,3,template-and-sample QA,,engine data,engine,active world files
/mobs/18003.json,src/pages/mobs/[vnum].json.ts,agent-json,generated machine-readable record,3,schema-and-sample QA,,engine data,engine,active world files
/mobs/18003/,src/pages/mobs/[vnum].astro,mobs,generated world-file record,3,template-and-sample QA,,engine data,engine,active world files
/mobs/18004.json,src/pages/mobs/[vnum].json.ts,agent-json,generated machine-readable record,3,schema-and-sample QA,,engine data,engine,active world files
/mobs/18004/,src/pages/mobs/[vnum].astro,mobs,generated world-file record,3,template-and-sample QA,,engine data,engine,active world files
/mobs/18005.json,src/pages/mobs/[vnum].json.ts,agent-json,generated machine-readable record,3,schema-and-sample QA,,engine data,engine,active world files
/mobs/18005/,src/pages/mobs/[vnum].astro,mobs,generated world-file record,3,template-and-sample QA,,engine data,engine,active world files
/mobs/18006.json,src/pages/mobs/[vnum].json.ts,agent-json,generated machine-readable record,3,schema-and-sample QA,,engine data,engine,active world files
/mobs/18006/,src/pages/mobs/[vnum].astro,mobs,generated world-file record,3,template-and-sample QA,,engine data,engine,active world files
/mobs/18007.json,src/pages/mobs/[vnum].json.ts,agent-json,generated machine-readable record,3,schema-and-sample QA,,engine data,engine,active world files
/mobs/18007/,src/pages/mobs/[vnum].astro,mobs,generated world-file record,3,template-and-sample QA,,engine data,engine,active world files
/mobs/18009.json,src/pages/mobs/[vnum].json.ts,agent-json,generated machine-readable record,3,schema-and-sample QA,,engine data,engine,active world files
/mobs/18009/,src/pages/mobs/[vnum].astro,mobs,generated world-file record,3,template-and-sample QA,,engine data,engine,active world files
/mobs/18011.json,src/pages/mobs/[vnum].json.ts,agent-json,generated machine-readable record,3,schema-and-sample QA,,engine data,engine,active world files
/mobs/18011/,src/pages/mobs/[vnum].astro,mobs,generated world-file record,3,template-and-sample QA,,engine data,engine,active world files
/mobs/18040.json,src/pages/mobs/[vnum].json.ts,agent-json,generated machine-readable record,3,schema-and-sample QA,,engine data,engine,active world files
/mobs/18040/,src/pages/mobs/[vnum].astro,mobs,generated world-file record,3,template-and-sample QA,,engine data,engine,active world files
/mobs/18075.json,src/pages/mobs/[vnum].json.ts,agent-json,generated machine-readable record,3,schema-and-sample QA,,engine data,engine,active world files
/mobs/18075/,src/pages/mobs/[vnum].astro,mobs,generated world-file record,3,template-and-sample QA,,engine data,engine,active world files
/mobs/18100.json,src/pages/mobs/[vnum].json.ts,agent-json,generated machine-readable record,3,schema-and-sample QA,,engine data,engine,active world files
/mobs/18100/,src/pages/mobs/[vnum].astro,mobs,generated world-file record,3,template-and-sample QA,,engine data,engine,active world files
/mobs/18101.json,src/pages/mobs/[vnum].json.ts,agent-json,generated machine-readable record,3,schema-and-sample QA,,engine data,engine,active world files
/mobs/18101/,src/pages/mobs/[vnum].astro,mobs,generated world-file record,3,template-and-sample QA,,engine data,engine,active world files
/mobs/18102.json,src/pages/mobs/[vnum].json.ts,agent-json,generated machine-readable record,3,schema-and-sample QA,,engine data,engine,active world files
/mobs/18102/,src/pages/mobs/[vnum].astro,mobs,generated world-file record,3,template-and-sample QA,,engine data,engine,active world files
/mobs/18103.json,src/pages/mobs/[vnum].json.ts,agent-json,generated machine-readable record,3,schema-and-sample QA,,engine data,engine,active world files
/mobs/18103/,src/pages/mobs/[vnum].astro,mobs,generated world-file record,3,template-and-sample QA,,engine data,engine,active world files
/mobs/18104.json,src/pages/mobs/[vnum].json.ts,agent-json,generated machine-readable record,3,schema-and-sample QA,,engine data,engine,active world files
/mobs/18104/,src/pages/mobs/[vnum].astro,mobs,generated world-file record,3,template-and-sample QA,,engine data,engine,active world files
/mobs/18201.json,src/pages/mobs/[vnum].json.ts,agent-json,generated machine-readable record,3,schema-and-sample QA,,engine data,engine,active world files
/mobs/18201/,src/pages/mobs/[vnum].astro,mobs,generated world-file record,3,template-and-sample QA,,engine data,engine,active world files
/mobs/18202.json,src/pages/mobs/[vnum].json.ts,agent-json,generated machine-readable record,3,schema-and-sample QA,,engine data,engine,active world files
/mobs/18202/,src/pages/mobs/[vnum].astro,mobs,generated world-file record,3,template-and-sample QA,,engine data,engine,active world files
/mobs/18203.json,src/pages/mobs/[vnum].json.ts,agent-json,generated machine-readable record,3,schema-and-sample QA,,engine data,engine,active world files
/mobs/18203/,src/pages/mobs/[vnum].astro,mobs,generated world-file record,3,template-and-sample QA,,engine data,engine,active world files
/mobs/18204.json,src/pages/mobs/[vnum].json.ts,agent-json,generated machine-readable record,3,schema-and-sample QA,,engine data,engine,active world files
/mobs/18204/,src/pages/mobs/[vnum].astro,mobs,generated world-file record,3,template-and-sample QA,,engine data,engine,active world files
/mobs/18205.json,src/pages/mobs/[vnum].json.ts,agent-json,generated machine-readable record,3,schema-and-sample QA,,engine data,engine,active world files
/mobs/18205/,src/pages/mobs/[vnum].astro,mobs,generated world-file record,3,template-and-sample QA,,engine data,engine,active world files
/mobs/18206.json,src/pages/mobs/[vnum].json.ts,agent-json,generated machine-readable record,3,schema-and-sample QA,,engine data,engine,active world files
/mobs/18206/,src/pages/mobs/[vnum].astro,mobs,generated world-file record,3,template-and-sample QA,,engine data,engine,active world files
/mobs/18207.json,src/pages/mobs/[vnum].json.ts,agent-json,generated machine-readable record,3,schema-and-sample QA,,engine data,engine,active world files
/mobs/18207/,src/pages/mobs/[vnum].astro,mobs,generated world-file record,3,template-and-sample QA,,engine data,engine,active world files
/mobs/18208.json,src/pages/mobs/[vnum].json.ts,agent-json,generated machine-readable record,3,schema-and-sample QA,,engine data,engine,active world files
/mobs/18208/,src/pages/mobs/[vnum].astro,mobs,generated world-file record,3,template-and-sample QA,,engine data,engine,active world files
/mobs/18209.json,src/pages/mobs/[vnum].json.ts,agent-json,generated machine-readable record,3,schema-and-sample QA,,engine data,engine,active world files
/mobs/18209/,src/pages/mobs/[vnum].astro,mobs,generated world-file record,3,template-and-sample QA,,engine data,engine,active world files
/mobs/18210.json,src/pages/mobs/[vnum].json.ts,agent-json,generated machine-readable record,3,schema-and-sample QA,,engine data,engine,active world files
/mobs/18210/,src/pages/mobs/[vnum].astro,mobs,generated world-file record,3,template-and-sample QA,,engine data,engine,active world files
/mobs/18211.json,src/pages/mobs/[vnum].json.ts,agent-json,generated machine-readable record,3,schema-and-sample QA,,engine data,engine,active world files
/mobs/18211/,src/pages/mobs/[vnum].astro,mobs,generated world-file record,3,template-and-sample QA,,engine data,engine,active world files
/mobs/18212.json,src/pages/mobs/[vnum].json.ts,agent-json,generated machine-readable record,3,schema-and-sample QA,,engine data,engine,active world files
/mobs/18212/,src/pages/mobs/[vnum].astro,mobs,generated world-file record,3,template-and-sample QA,,engine data,engine,active world files
/mobs/18213.json,src/pages/mobs/[vnum].json.ts,agent-json,generated machine-readable record,3,schema-and-sample QA,,engine data,engine,active world files
/mobs/18213/,src/pages/mobs/[vnum].astro,mobs,generated world-file record,3,template-and-sample QA,,engine data,engine,active world files
/mobs/18214.json,src/pages/mobs/[vnum].json.ts,agent-json,generated machine-readable record,3,schema-and-sample QA,,engine data,engine,active world files
/mobs/18214/,src/pages/mobs/[vnum].astro,mobs,generated world-file record,3,template-and-sample QA,,engine data,engine,active world files
/mobs/18215.json,src/pages/mobs/[vnum].json.ts,agent-json,generated machine-readable record,3,schema-and-sample QA,,engine data,engine,active world files
/mobs/18215/,src/pages/mobs/[vnum].astro,mobs,generated world-file record,3,template-and-sample QA,,engine data,engine,active world files
/mobs/18216.json,src/pages/mobs/[vnum].json.ts,agent-json,generated machine-readable record,3,schema-and-sample QA,,engine data,engine,active world files
/mobs/18216/,src/pages/mobs/[vnum].astro,mobs,generated world-file record,3,template-and-sample QA,,engine data,engine,active world files
/mobs/18217.json,src/pages/mobs/[vnum].json.ts,agent-json,generated machine-readable record,3,schema-and-sample QA,,engine data,engine,active world files
/mobs/18217/,src/pages/mobs/[vnum].astro,mobs,generated world-file record,3,template-and-sample QA,,engine data,engine,active world files
/mobs/18218.json,src/pages/mobs/[vnum].json.ts,agent-json,generated machine-readable record,3,schema-and-sample QA,,engine data,engine,active world files
/mobs/18218/,src/pages/mobs/[vnum].astro,mobs,generated world-file record,3,template-and-sample QA,,engine data,engine,active world files
/mobs/18219.json,src/pages/mobs/[vnum].json.ts,agent-json,generated machine-readable record,3,schema-and-sample QA,,engine data,engine,active world files
/mobs/18219/,src/pages/mobs/[vnum].astro,mobs,generated world-file record,3,template-and-sample QA,,engine data,engine,active world files
/mobs/18220.json,src/pages/mobs/[vnum].json.ts,agent-json,generated machine-readable record,3,schema-and-sample QA,,engine data,engine,active world files
/mobs/18220/,src/pages/mobs/[vnum].astro,mobs,generated world-file record,3,template-and-sample QA,,engine data,engine,active world files
/mobs/18221.json,src/pages/mobs/[vnum].json.ts,agent-json,generated machine-readable record,3,schema-and-sample QA,,engine data,engine,active world files
/mobs/18221/,src/pages/mobs/[vnum].astro,mobs,generated world-file record,3,template-and-sample QA,,engine data,engine,active world files
/mobs/18222.json,src/pages/mobs/[vnum].json.ts,agent-json,generated machine-readable record,3,schema-and-sample QA,,engine data,engine,active world files
/mobs/18222/,src/pages/mobs/[vnum].astro,mobs,generated world-file record,3,template-and-sample QA,,engine data,engine,active world files
/mobs/18223.json,src/pages/mobs/[vnum].json.ts,agent-json,generated machine-readable record,3,schema-and-sample QA,,engine data,engine,active world files
/mobs/18223/,src/pages/mobs/[vnum].astro,mobs,generated world-file record,3,template-and-sample QA,,engine data,engine,active world files
/mobs/18224.json,src/pages/mobs/[vnum].json.ts,agent-json,generated machine-readable record,3,schema-and-sample QA,,engine data,engine,active world files
/mobs/18224/,src/pages/mobs/[vnum].astro,mobs,generated world-file record,3,template-and-sample QA,,engine data,engine,active world files
/mobs/18225.json,src/pages/mobs/[vnum].json.ts,agent-json,generated machine-readable record,3,schema-and-sample QA,,engine data,engine,active world files
/mobs/18225/,src/pages/mobs/[vnum].astro,mobs,generated world-file record,3,template-and-sample QA,,engine data,engine,active world files
/mobs/18226.json,src/pages/mobs/[vnum].json.ts,agent-json,generated machine-readable record,3,schema-and-sample QA,,engine data,engine,active world files
/mobs/18226/,src/pages/mobs/[vnum].astro,mobs,generated world-file record,3,template-and-sample QA,,engine data,engine,active world files
/mobs/18227.json,src/pages/mobs/[vnum].json.ts,agent-json,generated machine-readable record,3,schema-and-sample QA,,engine data,engine,active world files
/mobs/18227/,src/pages/mobs/[vnum].astro,mobs,generated world-file record,3,template-and-sample QA,,engine data,engine,active world files
/mobs/18228.json,src/pages/mobs/[vnum].json.ts,agent-json,generated machine-readable record,3,schema-and-sample QA,,engine data,engine,active world files
/mobs/18228/,src/pages/mobs/[vnum].astro,mobs,generated world-file record,3,template-and-sample QA,,engine data,engine,active world files
/mobs/18301.json,src/pages/mobs/[vnum].json.ts,agent-json,generated machine-readable record,3,schema-and-sample QA,,engine data,engine,active world files
/mobs/18301/,src/pages/mobs/[vnum].astro,mobs,generated world-file record,3,template-and-sample QA,,engine data,engine,active world files
/mobs/18302.json,src/pages/mobs/[vnum].json.ts,agent-json,generated machine-readable record,3,schema-and-sample QA,,engine data,engine,active world files
/mobs/18302/,src/pages/mobs/[vnum].astro,mobs,generated world-file record,3,template-and-sample QA,,engine data,engine,active world files
/mobs/18303.json,src/pages/mobs/[vnum].json.ts,agent-json,generated machine-readable record,3,schema-and-sample QA,,engine data,engine,active world files
/mobs/18303/,src/pages/mobs/[vnum].astro,mobs,generated world-file record,3,template-and-sample QA,,engine data,engine,active world files
/mobs/18304.json,src/pages/mobs/[vnum].json.ts,agent-json,generated machine-readable record,3,schema-and-sample QA,,engine data,engine,active world files
/mobs/18304/,src/pages/mobs/[vnum].astro,mobs,generated world-file record,3,template-and-sample QA,,engine data,engine,active world files
/mobs/18305.json,src/pages/mobs/[vnum].json.ts,agent-json,generated machine-readable record,3,schema-and-sample QA,,engine data,engine,active world files
/mobs/18305/,src/pages/mobs/[vnum].astro,mobs,generated world-file record,3,template-and-sample QA,,engine data,engine,active world files
/mobs/18306.json,src/pages/mobs/[vnum].json.ts,agent-json,generated machine-readable record,3,schema-and-sample QA,,engine data,engine,active world files
/mobs/18306/,src/pages/mobs/[vnum].astro,mobs,generated world-file record,3,template-and-sample QA,,engine data,engine,active world files
/mobs/18400.json,src/pages/mobs/[vnum].json.ts,agent-json,generated machine-readable record,3,schema-and-sample QA,,engine data,engine,active world files
/mobs/18400/,src/pages/mobs/[vnum].astro,mobs,generated world-file record,3,template-and-sample QA,,engine data,engine,active world files
/mobs/18401.json,src/pages/mobs/[vnum].json.ts,agent-json,generated machine-readable record,3,schema-and-sample QA,,engine data,engine,active world files
/mobs/18401/,src/pages/mobs/[vnum].astro,mobs,generated world-file record,3,template-and-sample QA,,engine data,engine,active world files
/mobs/18402.json,src/pages/mobs/[vnum].json.ts,agent-json,generated machine-readable record,3,schema-and-sample QA,,engine data,engine,active world files
/mobs/18402/,src/pages/mobs/[vnum].astro,mobs,generated world-file record,3,template-and-sample QA,,engine data,engine,active world files
/mobs/18403.json,src/pages/mobs/[vnum].json.ts,agent-json,generated machine-readable record,3,schema-and-sample QA,,engine data,engine,active world files
/mobs/18403/,src/pages/mobs/[vnum].astro,mobs,generated world-file record,3,template-and-sample QA,,engine data,engine,active world files
/mobs/18404.json,src/pages/mobs/[vnum].json.ts,agent-json,generated machine-readable record,3,schema-and-sample QA,,engine data,engine,active world files
/mobs/18404/,src/pages/mobs/[vnum].astro,mobs,generated world-file record,3,template-and-sample QA,,engine data,engine,active world files
/mobs/18601.json,src/pages/mobs/[vnum].json.ts,agent-json,generated machine-readable record,3,schema-and-sample QA,,engine data,engine,active world files
/mobs/18601/,src/pages/mobs/[vnum].astro,mobs,generated world-file record,3,template-and-sample QA,,engine data,engine,active world files
/mobs/18602.json,src/pages/mobs/[vnum].json.ts,agent-json,generated machine-readable record,3,schema-and-sample QA,,engine data,engine,active world files
/mobs/18602/,src/pages/mobs/[vnum].astro,mobs,generated world-file record,3,template-and-sample QA,,engine data,engine,active world files
/mobs/18603.json,src/pages/mobs/[vnum].json.ts,agent-json,generated machine-readable record,3,schema-and-sample QA,,engine data,engine,active world files
/mobs/18603/,src/pages/mobs/[vnum].astro,mobs,generated world-file record,3,template-and-sample QA,,engine data,engine,active world files
/mobs/18604.json,src/pages/mobs/[vnum].json.ts,agent-json,generated machine-readable record,3,schema-and-sample QA,,engine data,engine,active world files
/mobs/18604/,src/pages/mobs/[vnum].astro,mobs,generated world-file record,3,template-and-sample QA,,engine data,engine,active world files
/mobs/18701.json,src/pages/mobs/[vnum].json.ts,agent-json,generated machine-readable record,3,schema-and-sample QA,,engine data,engine,active world files
/mobs/18701/,src/pages/mobs/[vnum].astro,mobs,generated world-file record,3,template-and-sample QA,,engine data,engine,active world files
/mobs/18702.json,src/pages/mobs/[vnum].json.ts,agent-json,generated machine-readable record,3,schema-and-sample QA,,engine data,engine,active world files
/mobs/18702/,src/pages/mobs/[vnum].astro,mobs,generated world-file record,3,template-and-sample QA,,engine data,engine,active world files
/mobs/18703.json,src/pages/mobs/[vnum].json.ts,agent-json,generated machine-readable record,3,schema-and-sample QA,,engine data,engine,active world files
/mobs/18703/,src/pages/mobs/[vnum].astro,mobs,generated world-file record,3,template-and-sample QA,,engine data,engine,active world files
/mobs/18704.json,src/pages/mobs/[vnum].json.ts,agent-json,generated machine-readable record,3,schema-and-sample QA,,engine data,engine,active world files
/mobs/18704/,src/pages/mobs/[vnum].astro,mobs,generated world-file record,3,template-and-sample QA,,engine data,engine,active world files
/mobs/18705.json,src/pages/mobs/[vnum].json.ts,agent-json,generated machine-readable record,3,schema-and-sample QA,,engine data,engine,active world files
/mobs/18705/,src/pages/mobs/[vnum].astro,mobs,generated world-file record,3,template-and-sample QA,,engine data,engine,active world files
/mobs/18706.json,src/pages/mobs/[vnum].json.ts,agent-json,generated machine-readable record,3,schema-and-sample QA,,engine data,engine,active world files
/mobs/18706/,src/pages/mobs/[vnum].astro,mobs,generated world-file record,3,template-and-sample QA,,engine data,engine,active world files
/mobs/18707.json,src/pages/mobs/[vnum].json.ts,agent-json,generated machine-readable record,3,schema-and-sample QA,,engine data,engine,active world files
/mobs/18707/,src/pages/mobs/[vnum].astro,mobs,generated world-file record,3,template-and-sample QA,,engine data,engine,active world files
/mobs/18708.json,src/pages/mobs/[vnum].json.ts,agent-json,generated machine-readable record,3,schema-and-sample QA,,engine data,engine,active world files
/mobs/18708/,src/pages/mobs/[vnum].astro,mobs,generated world-file record,3,template-and-sample QA,,engine data,engine,active world files
/mobs/18709.json,src/pages/mobs/[vnum].json.ts,agent-json,generated machine-readable record,3,schema-and-sample QA,,engine data,engine,active world files
/mobs/18709/,src/pages/mobs/[vnum].astro,mobs,generated world-file record,3,template-and-sample QA,,engine data,engine,active world files
/mobs/18710.json,src/pages/mobs/[vnum].json.ts,agent-json,generated machine-readable record,3,schema-and-sample QA,,engine data,engine,active world files
/mobs/18710/,src/pages/mobs/[vnum].astro,mobs,generated world-file record,3,template-and-sample QA,,engine data,engine,active world files
/mobs/18711.json,src/pages/mobs/[vnum].json.ts,agent-json,generated machine-readable record,3,schema-and-sample QA,,engine data,engine,active world files
/mobs/18711/,src/pages/mobs/[vnum].astro,mobs,generated world-file record,3,template-and-sample QA,,engine data,engine,active world files
/mobs/18712.json,src/pages/mobs/[vnum].json.ts,agent-json,generated machine-readable record,3,schema-and-sample QA,,engine data,engine,active world files
/mobs/18712/,src/pages/mobs/[vnum].astro,mobs,generated world-file record,3,template-and-sample QA,,engine data,engine,active world files
/mobs/18713.json,src/pages/mobs/[vnum].json.ts,agent-json,generated machine-readable record,3,schema-and-sample QA,,engine data,engine,active world files
/mobs/18713/,src/pages/mobs/[vnum].astro,mobs,generated world-file record,3,template-and-sample QA,,engine data,engine,active world files
/mobs/18714.json,src/pages/mobs/[vnum].json.ts,agent-json,generated machine-readable record,3,schema-and-sample QA,,engine data,engine,active world files
/mobs/18714/,src/pages/mobs/[vnum].astro,mobs,generated world-file record,3,template-and-sample QA,,engine data,engine,active world files
/mobs/18715.json,src/pages/mobs/[vnum].json.ts,agent-json,generated machine-readable record,3,schema-and-sample QA,,engine data,engine,active world files
/mobs/18715/,src/pages/mobs/[vnum].astro,mobs,generated world-file record,3,template-and-sample QA,,engine data,engine,active world files
/mobs/18716.json,src/pages/mobs/[vnum].json.ts,agent-json,generated machine-readable record,3,schema-and-sample QA,,engine data,engine,active world files
/mobs/18716/,src/pages/mobs/[vnum].astro,mobs,generated world-file record,3,template-and-sample QA,,engine data,engine,active world files
/mobs/18717.json,src/pages/mobs/[vnum].json.ts,agent-json,generated machine-readable record,3,schema-and-sample QA,,engine data,engine,active world files
/mobs/18717/,src/pages/mobs/[vnum].astro,mobs,generated world-file record,3,template-and-sample QA,,engine data,engine,active world files
/mobs/19100.json,src/pages/mobs/[vnum].json.ts,agent-json,generated machine-readable record,3,schema-and-sample QA,,engine data,engine,active world files
/mobs/19100/,src/pages/mobs/[vnum].astro,mobs,generated world-file record,3,template-and-sample QA,,engine data,engine,active world files
/mobs/19101.json,src/pages/mobs/[vnum].json.ts,agent-json,generated machine-readable record,3,schema-and-sample QA,,engine data,engine,active world files
/mobs/19101/,src/pages/mobs/[vnum].astro,mobs,generated world-file record,3,template-and-sample QA,,engine data,engine,active world files
/mobs/19102.json,src/pages/mobs/[vnum].json.ts,agent-json,generated machine-readable record,3,schema-and-sample QA,,engine data,engine,active world files
/mobs/19102/,src/pages/mobs/[vnum].astro,mobs,generated world-file record,3,template-and-sample QA,,engine data,engine,active world files
/mobs/19103.json,src/pages/mobs/[vnum].json.ts,agent-json,generated machine-readable record,3,schema-and-sample QA,,engine data,engine,active world files
/mobs/19103/,src/pages/mobs/[vnum].astro,mobs,generated world-file record,3,template-and-sample QA,,engine data,engine,active world files
/mobs/19104.json,src/pages/mobs/[vnum].json.ts,agent-json,generated machine-readable record,3,schema-and-sample QA,,engine data,engine,active world files
/mobs/19104/,src/pages/mobs/[vnum].astro,mobs,generated world-file record,3,template-and-sample QA,,engine data,engine,active world files
/mobs/19105.json,src/pages/mobs/[vnum].json.ts,agent-json,generated machine-readable record,3,schema-and-sample QA,,engine data,engine,active world files
/mobs/19105/,src/pages/mobs/[vnum].astro,mobs,generated world-file record,3,template-and-sample QA,,engine data,engine,active world files
/mobs/19106.json,src/pages/mobs/[vnum].json.ts,agent-json,generated machine-readable record,3,schema-and-sample QA,,engine data,engine,active world files
/mobs/19106/,src/pages/mobs/[vnum].astro,mobs,generated world-file record,3,template-and-sample QA,,engine data,engine,active world files
/mobs/19107.json,src/pages/mobs/[vnum].json.ts,agent-json,generated machine-readable record,3,schema-and-sample QA,,engine data,engine,active world files
/mobs/19107/,src/pages/mobs/[vnum].astro,mobs,generated world-file record,3,template-and-sample QA,,engine data,engine,active world files
/mobs/19108.json,src/pages/mobs/[vnum].json.ts,agent-json,generated machine-readable record,3,schema-and-sample QA,,engine data,engine,active world files
/mobs/19108/,src/pages/mobs/[vnum].astro,mobs,generated world-file record,3,template-and-sample QA,,engine data,engine,active world files
/mobs/19109.json,src/pages/mobs/[vnum].json.ts,agent-json,generated machine-readable record,3,schema-and-sample QA,,engine data,engine,active world files
/mobs/19109/,src/pages/mobs/[vnum].astro,mobs,generated world-file record,3,template-and-sample QA,,engine data,engine,active world files
/mobs/19110.json,src/pages/mobs/[vnum].json.ts,agent-json,generated machine-readable record,3,schema-and-sample QA,,engine data,engine,active world files
/mobs/19110/,src/pages/mobs/[vnum].astro,mobs,generated world-file record,3,template-and-sample QA,,engine data,engine,active world files
/mobs/19111.json,src/pages/mobs/[vnum].json.ts,agent-json,generated machine-readable record,3,schema-and-sample QA,,engine data,engine,active world files
/mobs/19111/,src/pages/mobs/[vnum].astro,mobs,generated world-file record,3,template-and-sample QA,,engine data,engine,active world files
/mobs/19112.json,src/pages/mobs/[vnum].json.ts,agent-json,generated machine-readable record,3,schema-and-sample QA,,engine data,engine,active world files
/mobs/19112/,src/pages/mobs/[vnum].astro,mobs,generated world-file record,3,template-and-sample QA,,engine data,engine,active world files
/mobs/19113.json,src/pages/mobs/[vnum].json.ts,agent-json,generated machine-readable record,3,schema-and-sample QA,,engine data,engine,active world files
/mobs/19113/,src/pages/mobs/[vnum].astro,mobs,generated world-file record,3,template-and-sample QA,,engine data,engine,active world files
/mobs/19114.json,src/pages/mobs/[vnum].json.ts,agent-json,generated machine-readable record,3,schema-and-sample QA,,engine data,engine,active world files
/mobs/19114/,src/pages/mobs/[vnum].astro,mobs,generated world-file record,3,template-and-sample QA,,engine data,engine,active world files
/mobs/19115.json,src/pages/mobs/[vnum].json.ts,agent-json,generated machine-readable record,3,schema-and-sample QA,,engine data,engine,active world files
/mobs/19115/,src/pages/mobs/[vnum].astro,mobs,generated world-file record,3,template-and-sample QA,,engine data,engine,active world files
/mobs/19116.json,src/pages/mobs/[vnum].json.ts,agent-json,generated machine-readable record,3,schema-and-sample QA,,engine data,engine,active world files
/mobs/19116/,src/pages/mobs/[vnum].astro,mobs,generated world-file record,3,template-and-sample QA,,engine data,engine,active world files
/mobs/19117.json,src/pages/mobs/[vnum].json.ts,agent-json,generated machine-readable record,3,schema-and-sample QA,,engine data,engine,active world files
/mobs/19117/,src/pages/mobs/[vnum].astro,mobs,generated world-file record,3,template-and-sample QA,,engine data,engine,active world files
/mobs/19118.json,src/pages/mobs/[vnum].json.ts,agent-json,generated machine-readable record,3,schema-and-sample QA,,engine data,engine,active world files
/mobs/19118/,src/pages/mobs/[vnum].astro,mobs,generated world-file record,3,template-and-sample QA,,engine data,engine,active world files
/mobs/19119.json,src/pages/mobs/[vnum].json.ts,agent-json,generated machine-readable record,3,schema-and-sample QA,,engine data,engine,active world files
/mobs/19119/,src/pages/mobs/[vnum].astro,mobs,generated world-file record,3,template-and-sample QA,,engine data,engine,active world files
/mobs/19400.json,src/pages/mobs/[vnum].json.ts,agent-json,generated machine-readable record,3,schema-and-sample QA,,engine data,engine,active world files
/mobs/19400/,src/pages/mobs/[vnum].astro,mobs,generated world-file record,3,template-and-sample QA,,engine data,engine,active world files
/mobs/19401.json,src/pages/mobs/[vnum].json.ts,agent-json,generated machine-readable record,3,schema-and-sample QA,,engine data,engine,active world files
/mobs/19401/,src/pages/mobs/[vnum].astro,mobs,generated world-file record,3,template-and-sample QA,,engine data,engine,active world files
/mobs/19402.json,src/pages/mobs/[vnum].json.ts,agent-json,generated machine-readable record,3,schema-and-sample QA,,engine data,engine,active world files
/mobs/19402/,src/pages/mobs/[vnum].astro,mobs,generated world-file record,3,template-and-sample QA,,engine data,engine,active world files
/mobs/19403.json,src/pages/mobs/[vnum].json.ts,agent-json,generated machine-readable record,3,schema-and-sample QA,,engine data,engine,active world files
/mobs/19403/,src/pages/mobs/[vnum].astro,mobs,generated world-file record,3,template-and-sample QA,,engine data,engine,active world files
/mobs/19404.json,src/pages/mobs/[vnum].json.ts,agent-json,generated machine-readable record,3,schema-and-sample QA,,engine data,engine,active world files
/mobs/19404/,src/pages/mobs/[vnum].astro,mobs,generated world-file record,3,template-and-sample QA,,engine data,engine,active world files
/mobs/19405.json,src/pages/mobs/[vnum].json.ts,agent-json,generated machine-readable record,3,schema-and-sample QA,,engine data,engine,active world files
/mobs/19405/,src/pages/mobs/[vnum].astro,mobs,generated world-file record,3,template-and-sample QA,,engine data,engine,active world files
/mobs/19406.json,src/pages/mobs/[vnum].json.ts,agent-json,generated machine-readable record,3,schema-and-sample QA,,engine data,engine,active world files
/mobs/19406/,src/pages/mobs/[vnum].astro,mobs,generated world-file record,3,template-and-sample QA,,engine data,engine,active world files
/mobs/19407.json,src/pages/mobs/[vnum].json.ts,agent-json,generated machine-readable record,3,schema-and-sample QA,,engine data,engine,active world files
/mobs/19407/,src/pages/mobs/[vnum].astro,mobs,generated world-file record,3,template-and-sample QA,,engine data,engine,active world files
/mobs/19408.json,src/pages/mobs/[vnum].json.ts,agent-json,generated machine-readable record,3,schema-and-sample QA,,engine data,engine,active world files
/mobs/19408/,src/pages/mobs/[vnum].astro,mobs,generated world-file record,3,template-and-sample QA,,engine data,engine,active world files
/mobs/19409.json,src/pages/mobs/[vnum].json.ts,agent-json,generated machine-readable record,3,schema-and-sample QA,,engine data,engine,active world files
/mobs/19409/,src/pages/mobs/[vnum].astro,mobs,generated world-file record,3,template-and-sample QA,,engine data,engine,active world files
/mobs/19410.json,src/pages/mobs/[vnum].json.ts,agent-json,generated machine-readable record,3,schema-and-sample QA,,engine data,engine,active world files
/mobs/19410/,src/pages/mobs/[vnum].astro,mobs,generated world-file record,3,template-and-sample QA,,engine data,engine,active world files
/mobs/19411.json,src/pages/mobs/[vnum].json.ts,agent-json,generated machine-readable record,3,schema-and-sample QA,,engine data,engine,active world files
/mobs/19411/,src/pages/mobs/[vnum].astro,mobs,generated world-file record,3,template-and-sample QA,,engine data,engine,active world files
/mobs/19412.json,src/pages/mobs/[vnum].json.ts,agent-json,generated machine-readable record,3,schema-and-sample QA,,engine data,engine,active world files
/mobs/19412/,src/pages/mobs/[vnum].astro,mobs,generated world-file record,3,template-and-sample QA,,engine data,engine,active world files
/mobs/19413.json,src/pages/mobs/[vnum].json.ts,agent-json,generated machine-readable record,3,schema-and-sample QA,,engine data,engine,active world files
/mobs/19413/,src/pages/mobs/[vnum].astro,mobs,generated world-file record,3,template-and-sample QA,,engine data,engine,active world files
/mobs/19500.json,src/pages/mobs/[vnum].json.ts,agent-json,generated machine-readable record,3,schema-and-sample QA,,engine data,engine,active world files
/mobs/19500/,src/pages/mobs/[vnum].astro,mobs,generated world-file record,3,template-and-sample QA,,engine data,engine,active world files
/mobs/19501.json,src/pages/mobs/[vnum].json.ts,agent-json,generated machine-readable record,3,schema-and-sample QA,,engine data,engine,active world files
/mobs/19501/,src/pages/mobs/[vnum].astro,mobs,generated world-file record,3,template-and-sample QA,,engine data,engine,active world files
/mobs/19502.json,src/pages/mobs/[vnum].json.ts,agent-json,generated machine-readable record,3,schema-and-sample QA,,engine data,engine,active world files
/mobs/19502/,src/pages/mobs/[vnum].astro,mobs,generated world-file record,3,template-and-sample QA,,engine data,engine,active world files
/mobs/19503.json,src/pages/mobs/[vnum].json.ts,agent-json,generated machine-readable record,3,schema-and-sample QA,,engine data,engine,active world files
/mobs/19503/,src/pages/mobs/[vnum].astro,mobs,generated world-file record,3,template-and-sample QA,,engine data,engine,active world files
/mobs/19504.json,src/pages/mobs/[vnum].json.ts,agent-json,generated machine-readable record,3,schema-and-sample QA,,engine data,engine,active world files
/mobs/19504/,src/pages/mobs/[vnum].astro,mobs,generated world-file record,3,template-and-sample QA,,engine data,engine,active world files
/mobs/19505.json,src/pages/mobs/[vnum].json.ts,agent-json,generated machine-readable record,3,schema-and-sample QA,,engine data,engine,active world files
/mobs/19505/,src/pages/mobs/[vnum].astro,mobs,generated world-file record,3,template-and-sample QA,,engine data,engine,active world files
/mobs/19506.json,src/pages/mobs/[vnum].json.ts,agent-json,generated machine-readable record,3,schema-and-sample QA,,engine data,engine,active world files
/mobs/19506/,src/pages/mobs/[vnum].astro,mobs,generated world-file record,3,template-and-sample QA,,engine data,engine,active world files
/mobs/19507.json,src/pages/mobs/[vnum].json.ts,agent-json,generated machine-readable record,3,schema-and-sample QA,,engine data,engine,active world files
/mobs/19507/,src/pages/mobs/[vnum].astro,mobs,generated world-file record,3,template-and-sample QA,,engine data,engine,active world files
/mobs/19508.json,src/pages/mobs/[vnum].json.ts,agent-json,generated machine-readable record,3,schema-and-sample QA,,engine data,engine,active world files
/mobs/19508/,src/pages/mobs/[vnum].astro,mobs,generated world-file record,3,template-and-sample QA,,engine data,engine,active world files
/mobs/19509.json,src/pages/mobs/[vnum].json.ts,agent-json,generated machine-readable record,3,schema-and-sample QA,,engine data,engine,active world files
/mobs/19509/,src/pages/mobs/[vnum].astro,mobs,generated world-file record,3,template-and-sample QA,,engine data,engine,active world files
/mobs/19510.json,src/pages/mobs/[vnum].json.ts,agent-json,generated machine-readable record,3,schema-and-sample QA,,engine data,engine,active world files
/mobs/19510/,src/pages/mobs/[vnum].astro,mobs,generated world-file record,3,template-and-sample QA,,engine data,engine,active world files
/mobs/19511.json,src/pages/mobs/[vnum].json.ts,agent-json,generated machine-readable record,3,schema-and-sample QA,,engine data,engine,active world files
/mobs/19511/,src/pages/mobs/[vnum].astro,mobs,generated world-file record,3,template-and-sample QA,,engine data,engine,active world files
/mobs/19515.json,src/pages/mobs/[vnum].json.ts,agent-json,generated machine-readable record,3,schema-and-sample QA,,engine data,engine,active world files
/mobs/19515/,src/pages/mobs/[vnum].astro,mobs,generated world-file record,3,template-and-sample QA,,engine data,engine,active world files
/mobs/19516.json,src/pages/mobs/[vnum].json.ts,agent-json,generated machine-readable record,3,schema-and-sample QA,,engine data,engine,active world files
/mobs/19516/,src/pages/mobs/[vnum].astro,mobs,generated world-file record,3,template-and-sample QA,,engine data,engine,active world files
/mobs/19520.json,src/pages/mobs/[vnum].json.ts,agent-json,generated machine-readable record,3,schema-and-sample QA,,engine data,engine,active world files
/mobs/19520/,src/pages/mobs/[vnum].astro,mobs,generated world-file record,3,template-and-sample QA,,engine data,engine,active world files
/mobs/19521.json,src/pages/mobs/[vnum].json.ts,agent-json,generated machine-readable record,3,schema-and-sample QA,,engine data,engine,active world files
/mobs/19521/,src/pages/mobs/[vnum].astro,mobs,generated world-file record,3,template-and-sample QA,,engine data,engine,active world files
/mobs/19522.json,src/pages/mobs/[vnum].json.ts,agent-json,generated machine-readable record,3,schema-and-sample QA,,engine data,engine,active world files
/mobs/19522/,src/pages/mobs/[vnum].astro,mobs,generated world-file record,3,template-and-sample QA,,engine data,engine,active world files
/mobs/19523.json,src/pages/mobs/[vnum].json.ts,agent-json,generated machine-readable record,3,schema-and-sample QA,,engine data,engine,active world files
/mobs/19523/,src/pages/mobs/[vnum].astro,mobs,generated world-file record,3,template-and-sample QA,,engine data,engine,active world files
/mobs/19524.json,src/pages/mobs/[vnum].json.ts,agent-json,generated machine-readable record,3,schema-and-sample QA,,engine data,engine,active world files
/mobs/19524/,src/pages/mobs/[vnum].astro,mobs,generated world-file record,3,template-and-sample QA,,engine data,engine,active world files
/mobs/19601.json,src/pages/mobs/[vnum].json.ts,agent-json,generated machine-readable record,3,schema-and-sample QA,,engine data,engine,active world files
/mobs/19601/,src/pages/mobs/[vnum].astro,mobs,generated world-file record,3,template-and-sample QA,,engine data,engine,active world files
/mobs/19602.json,src/pages/mobs/[vnum].json.ts,agent-json,generated machine-readable record,3,schema-and-sample QA,,engine data,engine,active world files
/mobs/19602/,src/pages/mobs/[vnum].astro,mobs,generated world-file record,3,template-and-sample QA,,engine data,engine,active world files
/mobs/19603.json,src/pages/mobs/[vnum].json.ts,agent-json,generated machine-readable record,3,schema-and-sample QA,,engine data,engine,active world files
/mobs/19603/,src/pages/mobs/[vnum].astro,mobs,generated world-file record,3,template-and-sample QA,,engine data,engine,active world files
/mobs/19604.json,src/pages/mobs/[vnum].json.ts,agent-json,generated machine-readable record,3,schema-and-sample QA,,engine data,engine,active world files
/mobs/19604/,src/pages/mobs/[vnum].astro,mobs,generated world-file record,3,template-and-sample QA,,engine data,engine,active world files
/mobs/19605.json,src/pages/mobs/[vnum].json.ts,agent-json,generated machine-readable record,3,schema-and-sample QA,,engine data,engine,active world files
/mobs/19605/,src/pages/mobs/[vnum].astro,mobs,generated world-file record,3,template-and-sample QA,,engine data,engine,active world files
/mobs/19606.json,src/pages/mobs/[vnum].json.ts,agent-json,generated machine-readable record,3,schema-and-sample QA,,engine data,engine,active world files
/mobs/19606/,src/pages/mobs/[vnum].astro,mobs,generated world-file record,3,template-and-sample QA,,engine data,engine,active world files
/mobs/19607.json,src/pages/mobs/[vnum].json.ts,agent-json,generated machine-readable record,3,schema-and-sample QA,,engine data,engine,active world files
/mobs/19607/,src/pages/mobs/[vnum].astro,mobs,generated world-file record,3,template-and-sample QA,,engine data,engine,active world files
/mobs/19608.json,src/pages/mobs/[vnum].json.ts,agent-json,generated machine-readable record,3,schema-and-sample QA,,engine data,engine,active world files
/mobs/19608/,src/pages/mobs/[vnum].astro,mobs,generated world-file record,3,template-and-sample QA,,engine data,engine,active world files
/mobs/19610.json,src/pages/mobs/[vnum].json.ts,agent-json,generated machine-readable record,3,schema-and-sample QA,,engine data,engine,active world files
/mobs/19610/,src/pages/mobs/[vnum].astro,mobs,generated world-file record,3,template-and-sample QA,,engine data,engine,active world files
/mobs/19611.json,src/pages/mobs/[vnum].json.ts,agent-json,generated machine-readable record,3,schema-and-sample QA,,engine data,engine,active world files
/mobs/19611/,src/pages/mobs/[vnum].astro,mobs,generated world-file record,3,template-and-sample QA,,engine data,engine,active world files
/mobs/19612.json,src/pages/mobs/[vnum].json.ts,agent-json,generated machine-readable record,3,schema-and-sample QA,,engine data,engine,active world files
/mobs/19612/,src/pages/mobs/[vnum].astro,mobs,generated world-file record,3,template-and-sample QA,,engine data,engine,active world files
/mobs/19626.json,src/pages/mobs/[vnum].json.ts,agent-json,generated machine-readable record,3,schema-and-sample QA,,engine data,engine,active world files
/mobs/19626/,src/pages/mobs/[vnum].astro,mobs,generated world-file record,3,template-and-sample QA,,engine data,engine,active world files
/mobs/19627.json,src/pages/mobs/[vnum].json.ts,agent-json,generated machine-readable record,3,schema-and-sample QA,,engine data,engine,active world files
/mobs/19627/,src/pages/mobs/[vnum].astro,mobs,generated world-file record,3,template-and-sample QA,,engine data,engine,active world files
/mobs/19628.json,src/pages/mobs/[vnum].json.ts,agent-json,generated machine-readable record,3,schema-and-sample QA,,engine data,engine,active world files
/mobs/19628/,src/pages/mobs/[vnum].astro,mobs,generated world-file record,3,template-and-sample QA,,engine data,engine,active world files
/mobs/19629.json,src/pages/mobs/[vnum].json.ts,agent-json,generated machine-readable record,3,schema-and-sample QA,,engine data,engine,active world files
/mobs/19629/,src/pages/mobs/[vnum].astro,mobs,generated world-file record,3,template-and-sample QA,,engine data,engine,active world files
/mobs/19630.json,src/pages/mobs/[vnum].json.ts,agent-json,generated machine-readable record,3,schema-and-sample QA,,engine data,engine,active world files
/mobs/19630/,src/pages/mobs/[vnum].astro,mobs,generated world-file record,3,template-and-sample QA,,engine data,engine,active world files
/mobs/19637.json,src/pages/mobs/[vnum].json.ts,agent-json,generated machine-readable record,3,schema-and-sample QA,,engine data,engine,active world files
/mobs/19637/,src/pages/mobs/[vnum].astro,mobs,generated world-file record,3,template-and-sample QA,,engine data,engine,active world files
/mobs/19638.json,src/pages/mobs/[vnum].json.ts,agent-json,generated machine-readable record,3,schema-and-sample QA,,engine data,engine,active world files
/mobs/19638/,src/pages/mobs/[vnum].astro,mobs,generated world-file record,3,template-and-sample QA,,engine data,engine,active world files
/mobs/19639.json,src/pages/mobs/[vnum].json.ts,agent-json,generated machine-readable record,3,schema-and-sample QA,,engine data,engine,active world files
/mobs/19639/,src/pages/mobs/[vnum].astro,mobs,generated world-file record,3,template-and-sample QA,,engine data,engine,active world files
/mobs/19640.json,src/pages/mobs/[vnum].json.ts,agent-json,generated machine-readable record,3,schema-and-sample QA,,engine data,engine,active world files
/mobs/19640/,src/pages/mobs/[vnum].astro,mobs,generated world-file record,3,template-and-sample QA,,engine data,engine,active world files
/mobs/19641.json,src/pages/mobs/[vnum].json.ts,agent-json,generated machine-readable record,3,schema-and-sample QA,,engine data,engine,active world files
/mobs/19641/,src/pages/mobs/[vnum].astro,mobs,generated world-file record,3,template-and-sample QA,,engine data,engine,active world files
/mobs/19642.json,src/pages/mobs/[vnum].json.ts,agent-json,generated machine-readable record,3,schema-and-sample QA,,engine data,engine,active world files
/mobs/19642/,src/pages/mobs/[vnum].astro,mobs,generated world-file record,3,template-and-sample QA,,engine data,engine,active world files
/mobs/19650.json,src/pages/mobs/[vnum].json.ts,agent-json,generated machine-readable record,3,schema-and-sample QA,,engine data,engine,active world files
/mobs/19650/,src/pages/mobs/[vnum].astro,mobs,generated world-file record,3,template-and-sample QA,,engine data,engine,active world files
/mobs/19651.json,src/pages/mobs/[vnum].json.ts,agent-json,generated machine-readable record,3,schema-and-sample QA,,engine data,engine,active world files
/mobs/19651/,src/pages/mobs/[vnum].astro,mobs,generated world-file record,3,template-and-sample QA,,engine data,engine,active world files
/mobs/19665.json,src/pages/mobs/[vnum].json.ts,agent-json,generated machine-readable record,3,schema-and-sample QA,,engine data,engine,active world files
/mobs/19665/,src/pages/mobs/[vnum].astro,mobs,generated world-file record,3,template-and-sample QA,,engine data,engine,active world files
/mobs/19675.json,src/pages/mobs/[vnum].json.ts,agent-json,generated machine-readable record,3,schema-and-sample QA,,engine data,engine,active world files
/mobs/19675/,src/pages/mobs/[vnum].astro,mobs,generated world-file record,3,template-and-sample QA,,engine data,engine,active world files
/mobs/19676.json,src/pages/mobs/[vnum].json.ts,agent-json,generated machine-readable record,3,schema-and-sample QA,,engine data,engine,active world files
/mobs/19676/,src/pages/mobs/[vnum].astro,mobs,generated world-file record,3,template-and-sample QA,,engine data,engine,active world files
/mobs/19677.json,src/pages/mobs/[vnum].json.ts,agent-json,generated machine-readable record,3,schema-and-sample QA,,engine data,engine,active world files
/mobs/19677/,src/pages/mobs/[vnum].astro,mobs,generated world-file record,3,template-and-sample QA,,engine data,engine,active world files
/mobs/19688.json,src/pages/mobs/[vnum].json.ts,agent-json,generated machine-readable record,3,schema-and-sample QA,,engine data,engine,active world files
/mobs/19688/,src/pages/mobs/[vnum].astro,mobs,generated world-file record,3,template-and-sample QA,,engine data,engine,active world files
/mobs/19689.json,src/pages/mobs/[vnum].json.ts,agent-json,generated machine-readable record,3,schema-and-sample QA,,engine data,engine,active world files
/mobs/19689/,src/pages/mobs/[vnum].astro,mobs,generated world-file record,3,template-and-sample QA,,engine data,engine,active world files
/mobs/19690.json,src/pages/mobs/[vnum].json.ts,agent-json,generated machine-readable record,3,schema-and-sample QA,,engine data,engine,active world files
/mobs/19690/,src/pages/mobs/[vnum].astro,mobs,generated world-file record,3,template-and-sample QA,,engine data,engine,active world files
/mobs/19691.json,src/pages/mobs/[vnum].json.ts,agent-json,generated machine-readable record,3,schema-and-sample QA,,engine data,engine,active world files
/mobs/19691/,src/pages/mobs/[vnum].astro,mobs,generated world-file record,3,template-and-sample QA,,engine data,engine,active world files
/mobs/19696.json,src/pages/mobs/[vnum].json.ts,agent-json,generated machine-readable record,3,schema-and-sample QA,,engine data,engine,active world files
/mobs/19696/,src/pages/mobs/[vnum].astro,mobs,generated world-file record,3,template-and-sample QA,,engine data,engine,active world files
/mobs/19697.json,src/pages/mobs/[vnum].json.ts,agent-json,generated machine-readable record,3,schema-and-sample QA,,engine data,engine,active world files
/mobs/19697/,src/pages/mobs/[vnum].astro,mobs,generated world-file record,3,template-and-sample QA,,engine data,engine,active world files
/mobs/19698.json,src/pages/mobs/[vnum].json.ts,agent-json,generated machine-readable record,3,schema-and-sample QA,,engine data,engine,active world files
/mobs/19698/,src/pages/mobs/[vnum].astro,mobs,generated world-file record,3,template-and-sample QA,,engine data,engine,active world files
/mobs/19700.json,src/pages/mobs/[vnum].json.ts,agent-json,generated machine-readable record,3,schema-and-sample QA,,engine data,engine,active world files
/mobs/19700/,src/pages/mobs/[vnum].astro,mobs,generated world-file record,3,template-and-sample QA,,engine data,engine,active world files
/mobs/19701.json,src/pages/mobs/[vnum].json.ts,agent-json,generated machine-readable record,3,schema-and-sample QA,,engine data,engine,active world files
/mobs/19701/,src/pages/mobs/[vnum].astro,mobs,generated world-file record,3,template-and-sample QA,,engine data,engine,active world files
/mobs/19702.json,src/pages/mobs/[vnum].json.ts,agent-json,generated machine-readable record,3,schema-and-sample QA,,engine data,engine,active world files
/mobs/19702/,src/pages/mobs/[vnum].astro,mobs,generated world-file record,3,template-and-sample QA,,engine data,engine,active world files
/mobs/19703.json,src/pages/mobs/[vnum].json.ts,agent-json,generated machine-readable record,3,schema-and-sample QA,,engine data,engine,active world files
/mobs/19703/,src/pages/mobs/[vnum].astro,mobs,generated world-file record,3,template-and-sample QA,,engine data,engine,active world files
/mobs/19704.json,src/pages/mobs/[vnum].json.ts,agent-json,generated machine-readable record,3,schema-and-sample QA,,engine data,engine,active world files
/mobs/19704/,src/pages/mobs/[vnum].astro,mobs,generated world-file record,3,template-and-sample QA,,engine data,engine,active world files
/mobs/19705.json,src/pages/mobs/[vnum].json.ts,agent-json,generated machine-readable record,3,schema-and-sample QA,,engine data,engine,active world files
/mobs/19705/,src/pages/mobs/[vnum].astro,mobs,generated world-file record,3,template-and-sample QA,,engine data,engine,active world files
/mobs/19706.json,src/pages/mobs/[vnum].json.ts,agent-json,generated machine-readable record,3,schema-and-sample QA,,engine data,engine,active world files
/mobs/19706/,src/pages/mobs/[vnum].astro,mobs,generated world-file record,3,template-and-sample QA,,engine data,engine,active world files
/mobs/19707.json,src/pages/mobs/[vnum].json.ts,agent-json,generated machine-readable record,3,schema-and-sample QA,,engine data,engine,active world files
/mobs/19707/,src/pages/mobs/[vnum].astro,mobs,generated world-file record,3,template-and-sample QA,,engine data,engine,active world files
/mobs/19708.json,src/pages/mobs/[vnum].json.ts,agent-json,generated machine-readable record,3,schema-and-sample QA,,engine data,engine,active world files
/mobs/19708/,src/pages/mobs/[vnum].astro,mobs,generated world-file record,3,template-and-sample QA,,engine data,engine,active world files
/mobs/19709.json,src/pages/mobs/[vnum].json.ts,agent-json,generated machine-readable record,3,schema-and-sample QA,,engine data,engine,active world files
/mobs/19709/,src/pages/mobs/[vnum].astro,mobs,generated world-file record,3,template-and-sample QA,,engine data,engine,active world files
/mobs/19710.json,src/pages/mobs/[vnum].json.ts,agent-json,generated machine-readable record,3,schema-and-sample QA,,engine data,engine,active world files
/mobs/19710/,src/pages/mobs/[vnum].astro,mobs,generated world-file record,3,template-and-sample QA,,engine data,engine,active world files
/mobs/19711.json,src/pages/mobs/[vnum].json.ts,agent-json,generated machine-readable record,3,schema-and-sample QA,,engine data,engine,active world files
/mobs/19711/,src/pages/mobs/[vnum].astro,mobs,generated world-file record,3,template-and-sample QA,,engine data,engine,active world files
/mobs/19712.json,src/pages/mobs/[vnum].json.ts,agent-json,generated machine-readable record,3,schema-and-sample QA,,engine data,engine,active world files
/mobs/19712/,src/pages/mobs/[vnum].astro,mobs,generated world-file record,3,template-and-sample QA,,engine data,engine,active world files
/mobs/19713.json,src/pages/mobs/[vnum].json.ts,agent-json,generated machine-readable record,3,schema-and-sample QA,,engine data,engine,active world files
/mobs/19713/,src/pages/mobs/[vnum].astro,mobs,generated world-file record,3,template-and-sample QA,,engine data,engine,active world files
/mobs/19714.json,src/pages/mobs/[vnum].json.ts,agent-json,generated machine-readable record,3,schema-and-sample QA,,engine data,engine,active world files
/mobs/19714/,src/pages/mobs/[vnum].astro,mobs,generated world-file record,3,template-and-sample QA,,engine data,engine,active world files
/mobs/19715.json,src/pages/mobs/[vnum].json.ts,agent-json,generated machine-readable record,3,schema-and-sample QA,,engine data,engine,active world files
/mobs/19715/,src/pages/mobs/[vnum].astro,mobs,generated world-file record,3,template-and-sample QA,,engine data,engine,active world files
/mobs/19716.json,src/pages/mobs/[vnum].json.ts,agent-json,generated machine-readable record,3,schema-and-sample QA,,engine data,engine,active world files
/mobs/19716/,src/pages/mobs/[vnum].astro,mobs,generated world-file record,3,template-and-sample QA,,engine data,engine,active world files
/mobs/19900.json,src/pages/mobs/[vnum].json.ts,agent-json,generated machine-readable record,3,schema-and-sample QA,,engine data,engine,active world files
/mobs/19900/,src/pages/mobs/[vnum].astro,mobs,generated world-file record,3,template-and-sample QA,,engine data,engine,active world files
/mobs/19901.json,src/pages/mobs/[vnum].json.ts,agent-json,generated machine-readable record,3,schema-and-sample QA,,engine data,engine,active world files
/mobs/19901/,src/pages/mobs/[vnum].astro,mobs,generated world-file record,3,template-and-sample QA,,engine data,engine,active world files
/mobs/19902.json,src/pages/mobs/[vnum].json.ts,agent-json,generated machine-readable record,3,schema-and-sample QA,,engine data,engine,active world files
/mobs/19902/,src/pages/mobs/[vnum].astro,mobs,generated world-file record,3,template-and-sample QA,,engine data,engine,active world files
/mobs/2.json,src/pages/mobs/[vnum].json.ts,agent-json,generated machine-readable record,3,schema-and-sample QA,,engine data,engine,active world files
/mobs/2/,src/pages/mobs/[vnum].astro,mobs,generated world-file record,3,template-and-sample QA,,engine data,engine,active world files
/mobs/20000.json,src/pages/mobs/[vnum].json.ts,agent-json,generated machine-readable record,3,schema-and-sample QA,,engine data,engine,active world files
/mobs/20000/,src/pages/mobs/[vnum].astro,mobs,generated world-file record,3,template-and-sample QA,,engine data,engine,active world files
/mobs/20001.json,src/pages/mobs/[vnum].json.ts,agent-json,generated machine-readable record,3,schema-and-sample QA,,engine data,engine,active world files
/mobs/20001/,src/pages/mobs/[vnum].astro,mobs,generated world-file record,3,template-and-sample QA,,engine data,engine,active world files
/mobs/20002.json,src/pages/mobs/[vnum].json.ts,agent-json,generated machine-readable record,3,schema-and-sample QA,,engine data,engine,active world files
/mobs/20002/,src/pages/mobs/[vnum].astro,mobs,generated world-file record,3,template-and-sample QA,,engine data,engine,active world files
/mobs/20003.json,src/pages/mobs/[vnum].json.ts,agent-json,generated machine-readable record,3,schema-and-sample QA,,engine data,engine,active world files
/mobs/20003/,src/pages/mobs/[vnum].astro,mobs,generated world-file record,3,template-and-sample QA,,engine data,engine,active world files
/mobs/20004.json,src/pages/mobs/[vnum].json.ts,agent-json,generated machine-readable record,3,schema-and-sample QA,,engine data,engine,active world files
/mobs/20004/,src/pages/mobs/[vnum].astro,mobs,generated world-file record,3,template-and-sample QA,,engine data,engine,active world files
/mobs/20005.json,src/pages/mobs/[vnum].json.ts,agent-json,generated machine-readable record,3,schema-and-sample QA,,engine data,engine,active world files
/mobs/20005/,src/pages/mobs/[vnum].astro,mobs,generated world-file record,3,template-and-sample QA,,engine data,engine,active world files
/mobs/20006.json,src/pages/mobs/[vnum].json.ts,agent-json,generated machine-readable record,3,schema-and-sample QA,,engine data,engine,active world files
/mobs/20006/,src/pages/mobs/[vnum].astro,mobs,generated world-file record,3,template-and-sample QA,,engine data,engine,active world files
/mobs/20007.json,src/pages/mobs/[vnum].json.ts,agent-json,generated machine-readable record,3,schema-and-sample QA,,engine data,engine,active world files
/mobs/20007/,src/pages/mobs/[vnum].astro,mobs,generated world-file record,3,template-and-sample QA,,engine data,engine,active world files
/mobs/20008.json,src/pages/mobs/[vnum].json.ts,agent-json,generated machine-readable record,3,schema-and-sample QA,,engine data,engine,active world files
/mobs/20008/,src/pages/mobs/[vnum].astro,mobs,generated world-file record,3,template-and-sample QA,,engine data,engine,active world files
/mobs/20009.json,src/pages/mobs/[vnum].json.ts,agent-json,generated machine-readable record,3,schema-and-sample QA,,engine data,engine,active world files
/mobs/20009/,src/pages/mobs/[vnum].astro,mobs,generated world-file record,3,template-and-sample QA,,engine data,engine,active world files
/mobs/20010.json,src/pages/mobs/[vnum].json.ts,agent-json,generated machine-readable record,3,schema-and-sample QA,,engine data,engine,active world files
/mobs/20010/,src/pages/mobs/[vnum].astro,mobs,generated world-file record,3,template-and-sample QA,,engine data,engine,active world files
/mobs/20011.json,src/pages/mobs/[vnum].json.ts,agent-json,generated machine-readable record,3,schema-and-sample QA,,engine data,engine,active world files
/mobs/20011/,src/pages/mobs/[vnum].astro,mobs,generated world-file record,3,template-and-sample QA,,engine data,engine,active world files
/mobs/20012.json,src/pages/mobs/[vnum].json.ts,agent-json,generated machine-readable record,3,schema-and-sample QA,,engine data,engine,active world files
/mobs/20012/,src/pages/mobs/[vnum].astro,mobs,generated world-file record,3,template-and-sample QA,,engine data,engine,active world files
/mobs/20013.json,src/pages/mobs/[vnum].json.ts,agent-json,generated machine-readable record,3,schema-and-sample QA,,engine data,engine,active world files
/mobs/20013/,src/pages/mobs/[vnum].astro,mobs,generated world-file record,3,template-and-sample QA,,engine data,engine,active world files
/mobs/20014.json,src/pages/mobs/[vnum].json.ts,agent-json,generated machine-readable record,3,schema-and-sample QA,,engine data,engine,active world files
/mobs/20014/,src/pages/mobs/[vnum].astro,mobs,generated world-file record,3,template-and-sample QA,,engine data,engine,active world files
/mobs/20015.json,src/pages/mobs/[vnum].json.ts,agent-json,generated machine-readable record,3,schema-and-sample QA,,engine data,engine,active world files
/mobs/20015/,src/pages/mobs/[vnum].astro,mobs,generated world-file record,3,template-and-sample QA,,engine data,engine,active world files
/mobs/20016.json,src/pages/mobs/[vnum].json.ts,agent-json,generated machine-readable record,3,schema-and-sample QA,,engine data,engine,active world files
/mobs/20016/,src/pages/mobs/[vnum].astro,mobs,generated world-file record,3,template-and-sample QA,,engine data,engine,active world files
/mobs/20017.json,src/pages/mobs/[vnum].json.ts,agent-json,generated machine-readable record,3,schema-and-sample QA,,engine data,engine,active world files
/mobs/20017/,src/pages/mobs/[vnum].astro,mobs,generated world-file record,3,template-and-sample QA,,engine data,engine,active world files
/mobs/20018.json,src/pages/mobs/[vnum].json.ts,agent-json,generated machine-readable record,3,schema-and-sample QA,,engine data,engine,active world files
/mobs/20018/,src/pages/mobs/[vnum].astro,mobs,generated world-file record,3,template-and-sample QA,,engine data,engine,active world files
/mobs/20019.json,src/pages/mobs/[vnum].json.ts,agent-json,generated machine-readable record,3,schema-and-sample QA,,engine data,engine,active world files
/mobs/20019/,src/pages/mobs/[vnum].astro,mobs,generated world-file record,3,template-and-sample QA,,engine data,engine,active world files
/mobs/20020.json,src/pages/mobs/[vnum].json.ts,agent-json,generated machine-readable record,3,schema-and-sample QA,,engine data,engine,active world files
/mobs/20020/,src/pages/mobs/[vnum].astro,mobs,generated world-file record,3,template-and-sample QA,,engine data,engine,active world files
/mobs/20021.json,src/pages/mobs/[vnum].json.ts,agent-json,generated machine-readable record,3,schema-and-sample QA,,engine data,engine,active world files
/mobs/20021/,src/pages/mobs/[vnum].astro,mobs,generated world-file record,3,template-and-sample QA,,engine data,engine,active world files
/mobs/20022.json,src/pages/mobs/[vnum].json.ts,agent-json,generated machine-readable record,3,schema-and-sample QA,,engine data,engine,active world files
/mobs/20022/,src/pages/mobs/[vnum].astro,mobs,generated world-file record,3,template-and-sample QA,,engine data,engine,active world files
/mobs/20023.json,src/pages/mobs/[vnum].json.ts,agent-json,generated machine-readable record,3,schema-and-sample QA,,engine data,engine,active world files
/mobs/20023/,src/pages/mobs/[vnum].astro,mobs,generated world-file record,3,template-and-sample QA,,engine data,engine,active world files
/mobs/20024.json,src/pages/mobs/[vnum].json.ts,agent-json,generated machine-readable record,3,schema-and-sample QA,,engine data,engine,active world files
/mobs/20024/,src/pages/mobs/[vnum].astro,mobs,generated world-file record,3,template-and-sample QA,,engine data,engine,active world files
/mobs/20025.json,src/pages/mobs/[vnum].json.ts,agent-json,generated machine-readable record,3,schema-and-sample QA,,engine data,engine,active world files
/mobs/20025/,src/pages/mobs/[vnum].astro,mobs,generated world-file record,3,template-and-sample QA,,engine data,engine,active world files
/mobs/20026.json,src/pages/mobs/[vnum].json.ts,agent-json,generated machine-readable record,3,schema-and-sample QA,,engine data,engine,active world files
/mobs/20026/,src/pages/mobs/[vnum].astro,mobs,generated world-file record,3,template-and-sample QA,,engine data,engine,active world files
/mobs/20027.json,src/pages/mobs/[vnum].json.ts,agent-json,generated machine-readable record,3,schema-and-sample QA,,engine data,engine,active world files
/mobs/20027/,src/pages/mobs/[vnum].astro,mobs,generated world-file record,3,template-and-sample QA,,engine data,engine,active world files
/mobs/20028.json,src/pages/mobs/[vnum].json.ts,agent-json,generated machine-readable record,3,schema-and-sample QA,,engine data,engine,active world files
/mobs/20028/,src/pages/mobs/[vnum].astro,mobs,generated world-file record,3,template-and-sample QA,,engine data,engine,active world files
/mobs/20029.json,src/pages/mobs/[vnum].json.ts,agent-json,generated machine-readable record,3,schema-and-sample QA,,engine data,engine,active world files
/mobs/20029/,src/pages/mobs/[vnum].astro,mobs,generated world-file record,3,template-and-sample QA,,engine data,engine,active world files
/mobs/20030.json,src/pages/mobs/[vnum].json.ts,agent-json,generated machine-readable record,3,schema-and-sample QA,,engine data,engine,active world files
/mobs/20030/,src/pages/mobs/[vnum].astro,mobs,generated world-file record,3,template-and-sample QA,,engine data,engine,active world files
/mobs/20031.json,src/pages/mobs/[vnum].json.ts,agent-json,generated machine-readable record,3,schema-and-sample QA,,engine data,engine,active world files
/mobs/20031/,src/pages/mobs/[vnum].astro,mobs,generated world-file record,3,template-and-sample QA,,engine data,engine,active world files
/mobs/20032.json,src/pages/mobs/[vnum].json.ts,agent-json,generated machine-readable record,3,schema-and-sample QA,,engine data,engine,active world files
/mobs/20032/,src/pages/mobs/[vnum].astro,mobs,generated world-file record,3,template-and-sample QA,,engine data,engine,active world files
/mobs/20033.json,src/pages/mobs/[vnum].json.ts,agent-json,generated machine-readable record,3,schema-and-sample QA,,engine data,engine,active world files
/mobs/20033/,src/pages/mobs/[vnum].astro,mobs,generated world-file record,3,template-and-sample QA,,engine data,engine,active world files
/mobs/20034.json,src/pages/mobs/[vnum].json.ts,agent-json,generated machine-readable record,3,schema-and-sample QA,,engine data,engine,active world files
/mobs/20034/,src/pages/mobs/[vnum].astro,mobs,generated world-file record,3,template-and-sample QA,,engine data,engine,active world files
/mobs/20035.json,src/pages/mobs/[vnum].json.ts,agent-json,generated machine-readable record,3,schema-and-sample QA,,engine data,engine,active world files
/mobs/20035/,src/pages/mobs/[vnum].astro,mobs,generated world-file record,3,template-and-sample QA,,engine data,engine,active world files
/mobs/20036.json,src/pages/mobs/[vnum].json.ts,agent-json,generated machine-readable record,3,schema-and-sample QA,,engine data,engine,active world files
/mobs/20036/,src/pages/mobs/[vnum].astro,mobs,generated world-file record,3,template-and-sample QA,,engine data,engine,active world files
/mobs/20037.json,src/pages/mobs/[vnum].json.ts,agent-json,generated machine-readable record,3,schema-and-sample QA,,engine data,engine,active world files
/mobs/20037/,src/pages/mobs/[vnum].astro,mobs,generated world-file record,3,template-and-sample QA,,engine data,engine,active world files
/mobs/20038.json,src/pages/mobs/[vnum].json.ts,agent-json,generated machine-readable record,3,schema-and-sample QA,,engine data,engine,active world files
/mobs/20038/,src/pages/mobs/[vnum].astro,mobs,generated world-file record,3,template-and-sample QA,,engine data,engine,active world files
/mobs/20039.json,src/pages/mobs/[vnum].json.ts,agent-json,generated machine-readable record,3,schema-and-sample QA,,engine data,engine,active world files
/mobs/20039/,src/pages/mobs/[vnum].astro,mobs,generated world-file record,3,template-and-sample QA,,engine data,engine,active world files
/mobs/20040.json,src/pages/mobs/[vnum].json.ts,agent-json,generated machine-readable record,3,schema-and-sample QA,,engine data,engine,active world files
/mobs/20040/,src/pages/mobs/[vnum].astro,mobs,generated world-file record,3,template-and-sample QA,,engine data,engine,active world files
/mobs/20041.json,src/pages/mobs/[vnum].json.ts,agent-json,generated machine-readable record,3,schema-and-sample QA,,engine data,engine,active world files
/mobs/20041/,src/pages/mobs/[vnum].astro,mobs,generated world-file record,3,template-and-sample QA,,engine data,engine,active world files
/mobs/20042.json,src/pages/mobs/[vnum].json.ts,agent-json,generated machine-readable record,3,schema-and-sample QA,,engine data,engine,active world files
/mobs/20042/,src/pages/mobs/[vnum].astro,mobs,generated world-file record,3,template-and-sample QA,,engine data,engine,active world files
/mobs/20043.json,src/pages/mobs/[vnum].json.ts,agent-json,generated machine-readable record,3,schema-and-sample QA,,engine data,engine,active world files
/mobs/20043/,src/pages/mobs/[vnum].astro,mobs,generated world-file record,3,template-and-sample QA,,engine data,engine,active world files
/mobs/20044.json,src/pages/mobs/[vnum].json.ts,agent-json,generated machine-readable record,3,schema-and-sample QA,,engine data,engine,active world files
/mobs/20044/,src/pages/mobs/[vnum].astro,mobs,generated world-file record,3,template-and-sample QA,,engine data,engine,active world files
/mobs/20301.json,src/pages/mobs/[vnum].json.ts,agent-json,generated machine-readable record,3,schema-and-sample QA,,engine data,engine,active world files
/mobs/20301/,src/pages/mobs/[vnum].astro,mobs,generated world-file record,3,template-and-sample QA,,engine data,engine,active world files
/mobs/20302.json,src/pages/mobs/[vnum].json.ts,agent-json,generated machine-readable record,3,schema-and-sample QA,,engine data,engine,active world files
/mobs/20302/,src/pages/mobs/[vnum].astro,mobs,generated world-file record,3,template-and-sample QA,,engine data,engine,active world files
/mobs/20303.json,src/pages/mobs/[vnum].json.ts,agent-json,generated machine-readable record,3,schema-and-sample QA,,engine data,engine,active world files
/mobs/20303/,src/pages/mobs/[vnum].astro,mobs,generated world-file record,3,template-and-sample QA,,engine data,engine,active world files
/mobs/20304.json,src/pages/mobs/[vnum].json.ts,agent-json,generated machine-readable record,3,schema-and-sample QA,,engine data,engine,active world files
/mobs/20304/,src/pages/mobs/[vnum].astro,mobs,generated world-file record,3,template-and-sample QA,,engine data,engine,active world files
/mobs/20501.json,src/pages/mobs/[vnum].json.ts,agent-json,generated machine-readable record,3,schema-and-sample QA,,engine data,engine,active world files
/mobs/20501/,src/pages/mobs/[vnum].astro,mobs,generated world-file record,3,template-and-sample QA,,engine data,engine,active world files
/mobs/20502.json,src/pages/mobs/[vnum].json.ts,agent-json,generated machine-readable record,3,schema-and-sample QA,,engine data,engine,active world files
/mobs/20502/,src/pages/mobs/[vnum].astro,mobs,generated world-file record,3,template-and-sample QA,,engine data,engine,active world files
/mobs/20503.json,src/pages/mobs/[vnum].json.ts,agent-json,generated machine-readable record,3,schema-and-sample QA,,engine data,engine,active world files
/mobs/20503/,src/pages/mobs/[vnum].astro,mobs,generated world-file record,3,template-and-sample QA,,engine data,engine,active world files
/mobs/20701.json,src/pages/mobs/[vnum].json.ts,agent-json,generated machine-readable record,3,schema-and-sample QA,,engine data,engine,active world files
/mobs/20701/,src/pages/mobs/[vnum].astro,mobs,generated world-file record,3,template-and-sample QA,,engine data,engine,active world files
/mobs/20702.json,src/pages/mobs/[vnum].json.ts,agent-json,generated machine-readable record,3,schema-and-sample QA,,engine data,engine,active world files
/mobs/20702/,src/pages/mobs/[vnum].astro,mobs,generated world-file record,3,template-and-sample QA,,engine data,engine,active world files
/mobs/20703.json,src/pages/mobs/[vnum].json.ts,agent-json,generated machine-readable record,3,schema-and-sample QA,,engine data,engine,active world files
/mobs/20703/,src/pages/mobs/[vnum].astro,mobs,generated world-file record,3,template-and-sample QA,,engine data,engine,active world files
/mobs/20704.json,src/pages/mobs/[vnum].json.ts,agent-json,generated machine-readable record,3,schema-and-sample QA,,engine data,engine,active world files
/mobs/20704/,src/pages/mobs/[vnum].astro,mobs,generated world-file record,3,template-and-sample QA,,engine data,engine,active world files
/mobs/2100.json,src/pages/mobs/[vnum].json.ts,agent-json,generated machine-readable record,3,schema-and-sample QA,,engine data,engine,active world files
/mobs/2100/,src/pages/mobs/[vnum].astro,mobs,generated world-file record,3,template-and-sample QA,,engine data,engine,active world files
/mobs/2101.json,src/pages/mobs/[vnum].json.ts,agent-json,generated machine-readable record,3,schema-and-sample QA,,engine data,engine,active world files
/mobs/2101/,src/pages/mobs/[vnum].astro,mobs,generated world-file record,3,template-and-sample QA,,engine data,engine,active world files
/mobs/2102.json,src/pages/mobs/[vnum].json.ts,agent-json,generated machine-readable record,3,schema-and-sample QA,,engine data,engine,active world files
/mobs/2102/,src/pages/mobs/[vnum].astro,mobs,generated world-file record,3,template-and-sample QA,,engine data,engine,active world files
/mobs/2103.json,src/pages/mobs/[vnum].json.ts,agent-json,generated machine-readable record,3,schema-and-sample QA,,engine data,engine,active world files
/mobs/2103/,src/pages/mobs/[vnum].astro,mobs,generated world-file record,3,template-and-sample QA,,engine data,engine,active world files
/mobs/2104.json,src/pages/mobs/[vnum].json.ts,agent-json,generated machine-readable record,3,schema-and-sample QA,,engine data,engine,active world files
/mobs/2104/,src/pages/mobs/[vnum].astro,mobs,generated world-file record,3,template-and-sample QA,,engine data,engine,active world files
/mobs/2105.json,src/pages/mobs/[vnum].json.ts,agent-json,generated machine-readable record,3,schema-and-sample QA,,engine data,engine,active world files
/mobs/2105/,src/pages/mobs/[vnum].astro,mobs,generated world-file record,3,template-and-sample QA,,engine data,engine,active world files
/mobs/2106.json,src/pages/mobs/[vnum].json.ts,agent-json,generated machine-readable record,3,schema-and-sample QA,,engine data,engine,active world files
/mobs/2106/,src/pages/mobs/[vnum].astro,mobs,generated world-file record,3,template-and-sample QA,,engine data,engine,active world files
/mobs/2107.json,src/pages/mobs/[vnum].json.ts,agent-json,generated machine-readable record,3,schema-and-sample QA,,engine data,engine,active world files
/mobs/2107/,src/pages/mobs/[vnum].astro,mobs,generated world-file record,3,template-and-sample QA,,engine data,engine,active world files
/mobs/2108.json,src/pages/mobs/[vnum].json.ts,agent-json,generated machine-readable record,3,schema-and-sample QA,,engine data,engine,active world files
/mobs/2108/,src/pages/mobs/[vnum].astro,mobs,generated world-file record,3,template-and-sample QA,,engine data,engine,active world files
/mobs/2109.json,src/pages/mobs/[vnum].json.ts,agent-json,generated machine-readable record,3,schema-and-sample QA,,engine data,engine,active world files
/mobs/2109/,src/pages/mobs/[vnum].astro,mobs,generated world-file record,3,template-and-sample QA,,engine data,engine,active world files
/mobs/2110.json,src/pages/mobs/[vnum].json.ts,agent-json,generated machine-readable record,3,schema-and-sample QA,,engine data,engine,active world files
/mobs/2110/,src/pages/mobs/[vnum].astro,mobs,generated world-file record,3,template-and-sample QA,,engine data,engine,active world files
/mobs/2111.json,src/pages/mobs/[vnum].json.ts,agent-json,generated machine-readable record,3,schema-and-sample QA,,engine data,engine,active world files
/mobs/2111/,src/pages/mobs/[vnum].astro,mobs,generated world-file record,3,template-and-sample QA,,engine data,engine,active world files
/mobs/21200.json,src/pages/mobs/[vnum].json.ts,agent-json,generated machine-readable record,3,schema-and-sample QA,,engine data,engine,active world files
/mobs/21200/,src/pages/mobs/[vnum].astro,mobs,generated world-file record,3,template-and-sample QA,,engine data,engine,active world files
/mobs/21201.json,src/pages/mobs/[vnum].json.ts,agent-json,generated machine-readable record,3,schema-and-sample QA,,engine data,engine,active world files
/mobs/21201/,src/pages/mobs/[vnum].astro,mobs,generated world-file record,3,template-and-sample QA,,engine data,engine,active world files
/mobs/21202.json,src/pages/mobs/[vnum].json.ts,agent-json,generated machine-readable record,3,schema-and-sample QA,,engine data,engine,active world files
/mobs/21202/,src/pages/mobs/[vnum].astro,mobs,generated world-file record,3,template-and-sample QA,,engine data,engine,active world files
/mobs/21203.json,src/pages/mobs/[vnum].json.ts,agent-json,generated machine-readable record,3,schema-and-sample QA,,engine data,engine,active world files
/mobs/21203/,src/pages/mobs/[vnum].astro,mobs,generated world-file record,3,template-and-sample QA,,engine data,engine,active world files
/mobs/21204.json,src/pages/mobs/[vnum].json.ts,agent-json,generated machine-readable record,3,schema-and-sample QA,,engine data,engine,active world files
/mobs/21204/,src/pages/mobs/[vnum].astro,mobs,generated world-file record,3,template-and-sample QA,,engine data,engine,active world files
/mobs/21205.json,src/pages/mobs/[vnum].json.ts,agent-json,generated machine-readable record,3,schema-and-sample QA,,engine data,engine,active world files
/mobs/21205/,src/pages/mobs/[vnum].astro,mobs,generated world-file record,3,template-and-sample QA,,engine data,engine,active world files
/mobs/21206.json,src/pages/mobs/[vnum].json.ts,agent-json,generated machine-readable record,3,schema-and-sample QA,,engine data,engine,active world files
/mobs/21206/,src/pages/mobs/[vnum].astro,mobs,generated world-file record,3,template-and-sample QA,,engine data,engine,active world files
/mobs/21207.json,src/pages/mobs/[vnum].json.ts,agent-json,generated machine-readable record,3,schema-and-sample QA,,engine data,engine,active world files
/mobs/21207/,src/pages/mobs/[vnum].astro,mobs,generated world-file record,3,template-and-sample QA,,engine data,engine,active world files
/mobs/21208.json,src/pages/mobs/[vnum].json.ts,agent-json,generated machine-readable record,3,schema-and-sample QA,,engine data,engine,active world files
/mobs/21208/,src/pages/mobs/[vnum].astro,mobs,generated world-file record,3,template-and-sample QA,,engine data,engine,active world files
/mobs/21209.json,src/pages/mobs/[vnum].json.ts,agent-json,generated machine-readable record,3,schema-and-sample QA,,engine data,engine,active world files
/mobs/21209/,src/pages/mobs/[vnum].astro,mobs,generated world-file record,3,template-and-sample QA,,engine data,engine,active world files
/mobs/21210.json,src/pages/mobs/[vnum].json.ts,agent-json,generated machine-readable record,3,schema-and-sample QA,,engine data,engine,active world files
/mobs/21210/,src/pages/mobs/[vnum].astro,mobs,generated world-file record,3,template-and-sample QA,,engine data,engine,active world files
/mobs/21211.json,src/pages/mobs/[vnum].json.ts,agent-json,generated machine-readable record,3,schema-and-sample QA,,engine data,engine,active world files
/mobs/21211/,src/pages/mobs/[vnum].astro,mobs,generated world-file record,3,template-and-sample QA,,engine data,engine,active world files
/mobs/21212.json,src/pages/mobs/[vnum].json.ts,agent-json,generated machine-readable record,3,schema-and-sample QA,,engine data,engine,active world files
/mobs/21212/,src/pages/mobs/[vnum].astro,mobs,generated world-file record,3,template-and-sample QA,,engine data,engine,active world files
/mobs/21213.json,src/pages/mobs/[vnum].json.ts,agent-json,generated machine-readable record,3,schema-and-sample QA,,engine data,engine,active world files
/mobs/21213/,src/pages/mobs/[vnum].astro,mobs,generated world-file record,3,template-and-sample QA,,engine data,engine,active world files
/mobs/21214.json,src/pages/mobs/[vnum].json.ts,agent-json,generated machine-readable record,3,schema-and-sample QA,,engine data,engine,active world files
/mobs/21214/,src/pages/mobs/[vnum].astro,mobs,generated world-file record,3,template-and-sample QA,,engine data,engine,active world files
/mobs/21215.json,src/pages/mobs/[vnum].json.ts,agent-json,generated machine-readable record,3,schema-and-sample QA,,engine data,engine,active world files
/mobs/21215/,src/pages/mobs/[vnum].astro,mobs,generated world-file record,3,template-and-sample QA,,engine data,engine,active world files
/mobs/21216.json,src/pages/mobs/[vnum].json.ts,agent-json,generated machine-readable record,3,schema-and-sample QA,,engine data,engine,active world files
/mobs/21216/,src/pages/mobs/[vnum].astro,mobs,generated world-file record,3,template-and-sample QA,,engine data,engine,active world files
/mobs/21217.json,src/pages/mobs/[vnum].json.ts,agent-json,generated machine-readable record,3,schema-and-sample QA,,engine data,engine,active world files
/mobs/21217/,src/pages/mobs/[vnum].astro,mobs,generated world-file record,3,template-and-sample QA,,engine data,engine,active world files
/mobs/21218.json,src/pages/mobs/[vnum].json.ts,agent-json,generated machine-readable record,3,schema-and-sample QA,,engine data,engine,active world files
/mobs/21218/,src/pages/mobs/[vnum].astro,mobs,generated world-file record,3,template-and-sample QA,,engine data,engine,active world files
/mobs/21219.json,src/pages/mobs/[vnum].json.ts,agent-json,generated machine-readable record,3,schema-and-sample QA,,engine data,engine,active world files
/mobs/21219/,src/pages/mobs/[vnum].astro,mobs,generated world-file record,3,template-and-sample QA,,engine data,engine,active world files
/mobs/21220.json,src/pages/mobs/[vnum].json.ts,agent-json,generated machine-readable record,3,schema-and-sample QA,,engine data,engine,active world files
/mobs/21220/,src/pages/mobs/[vnum].astro,mobs,generated world-file record,3,template-and-sample QA,,engine data,engine,active world files
/mobs/21221.json,src/pages/mobs/[vnum].json.ts,agent-json,generated machine-readable record,3,schema-and-sample QA,,engine data,engine,active world files
/mobs/21221/,src/pages/mobs/[vnum].astro,mobs,generated world-file record,3,template-and-sample QA,,engine data,engine,active world files
/mobs/21222.json,src/pages/mobs/[vnum].json.ts,agent-json,generated machine-readable record,3,schema-and-sample QA,,engine data,engine,active world files
/mobs/21222/,src/pages/mobs/[vnum].astro,mobs,generated world-file record,3,template-and-sample QA,,engine data,engine,active world files
/mobs/21223.json,src/pages/mobs/[vnum].json.ts,agent-json,generated machine-readable record,3,schema-and-sample QA,,engine data,engine,active world files
/mobs/21223/,src/pages/mobs/[vnum].astro,mobs,generated world-file record,3,template-and-sample QA,,engine data,engine,active world files
/mobs/21224.json,src/pages/mobs/[vnum].json.ts,agent-json,generated machine-readable record,3,schema-and-sample QA,,engine data,engine,active world files
/mobs/21224/,src/pages/mobs/[vnum].astro,mobs,generated world-file record,3,template-and-sample QA,,engine data,engine,active world files
/mobs/21225.json,src/pages/mobs/[vnum].json.ts,agent-json,generated machine-readable record,3,schema-and-sample QA,,engine data,engine,active world files
/mobs/21225/,src/pages/mobs/[vnum].astro,mobs,generated world-file record,3,template-and-sample QA,,engine data,engine,active world files
/mobs/21226.json,src/pages/mobs/[vnum].json.ts,agent-json,generated machine-readable record,3,schema-and-sample QA,,engine data,engine,active world files
/mobs/21226/,src/pages/mobs/[vnum].astro,mobs,generated world-file record,3,template-and-sample QA,,engine data,engine,active world files
/mobs/21227.json,src/pages/mobs/[vnum].json.ts,agent-json,generated machine-readable record,3,schema-and-sample QA,,engine data,engine,active world files
/mobs/21227/,src/pages/mobs/[vnum].astro,mobs,generated world-file record,3,template-and-sample QA,,engine data,engine,active world files
/mobs/21228.json,src/pages/mobs/[vnum].json.ts,agent-json,generated machine-readable record,3,schema-and-sample QA,,engine data,engine,active world files
/mobs/21228/,src/pages/mobs/[vnum].astro,mobs,generated world-file record,3,template-and-sample QA,,engine data,engine,active world files
/mobs/21229.json,src/pages/mobs/[vnum].json.ts,agent-json,generated machine-readable record,3,schema-and-sample QA,,engine data,engine,active world files
/mobs/21229/,src/pages/mobs/[vnum].astro,mobs,generated world-file record,3,template-and-sample QA,,engine data,engine,active world files
/mobs/21230.json,src/pages/mobs/[vnum].json.ts,agent-json,generated machine-readable record,3,schema-and-sample QA,,engine data,engine,active world files
/mobs/21230/,src/pages/mobs/[vnum].astro,mobs,generated world-file record,3,template-and-sample QA,,engine data,engine,active world files
/mobs/21231.json,src/pages/mobs/[vnum].json.ts,agent-json,generated machine-readable record,3,schema-and-sample QA,,engine data,engine,active world files
/mobs/21231/,src/pages/mobs/[vnum].astro,mobs,generated world-file record,3,template-and-sample QA,,engine data,engine,active world files
/mobs/21232.json,src/pages/mobs/[vnum].json.ts,agent-json,generated machine-readable record,3,schema-and-sample QA,,engine data,engine,active world files
/mobs/21232/,src/pages/mobs/[vnum].astro,mobs,generated world-file record,3,template-and-sample QA,,engine data,engine,active world files
/mobs/21233.json,src/pages/mobs/[vnum].json.ts,agent-json,generated machine-readable record,3,schema-and-sample QA,,engine data,engine,active world files
/mobs/21233/,src/pages/mobs/[vnum].astro,mobs,generated world-file record,3,template-and-sample QA,,engine data,engine,active world files
/mobs/21234.json,src/pages/mobs/[vnum].json.ts,agent-json,generated machine-readable record,3,schema-and-sample QA,,engine data,engine,active world files
/mobs/21234/,src/pages/mobs/[vnum].astro,mobs,generated world-file record,3,template-and-sample QA,,engine data,engine,active world files
/mobs/21235.json,src/pages/mobs/[vnum].json.ts,agent-json,generated machine-readable record,3,schema-and-sample QA,,engine data,engine,active world files
/mobs/21235/,src/pages/mobs/[vnum].astro,mobs,generated world-file record,3,template-and-sample QA,,engine data,engine,active world files
/mobs/21236.json,src/pages/mobs/[vnum].json.ts,agent-json,generated machine-readable record,3,schema-and-sample QA,,engine data,engine,active world files
/mobs/21236/,src/pages/mobs/[vnum].astro,mobs,generated world-file record,3,template-and-sample QA,,engine data,engine,active world files
/mobs/21237.json,src/pages/mobs/[vnum].json.ts,agent-json,generated machine-readable record,3,schema-and-sample QA,,engine data,engine,active world files
/mobs/21237/,src/pages/mobs/[vnum].astro,mobs,generated world-file record,3,template-and-sample QA,,engine data,engine,active world files
/mobs/21238.json,src/pages/mobs/[vnum].json.ts,agent-json,generated machine-readable record,3,schema-and-sample QA,,engine data,engine,active world files
/mobs/21238/,src/pages/mobs/[vnum].astro,mobs,generated world-file record,3,template-and-sample QA,,engine data,engine,active world files
/mobs/21239.json,src/pages/mobs/[vnum].json.ts,agent-json,generated machine-readable record,3,schema-and-sample QA,,engine data,engine,active world files
/mobs/21239/,src/pages/mobs/[vnum].astro,mobs,generated world-file record,3,template-and-sample QA,,engine data,engine,active world files
/mobs/21240.json,src/pages/mobs/[vnum].json.ts,agent-json,generated machine-readable record,3,schema-and-sample QA,,engine data,engine,active world files
/mobs/21240/,src/pages/mobs/[vnum].astro,mobs,generated world-file record,3,template-and-sample QA,,engine data,engine,active world files
/mobs/21241.json,src/pages/mobs/[vnum].json.ts,agent-json,generated machine-readable record,3,schema-and-sample QA,,engine data,engine,active world files
/mobs/21241/,src/pages/mobs/[vnum].astro,mobs,generated world-file record,3,template-and-sample QA,,engine data,engine,active world files
/mobs/21242.json,src/pages/mobs/[vnum].json.ts,agent-json,generated machine-readable record,3,schema-and-sample QA,,engine data,engine,active world files
/mobs/21242/,src/pages/mobs/[vnum].astro,mobs,generated world-file record,3,template-and-sample QA,,engine data,engine,active world files
/mobs/21243.json,src/pages/mobs/[vnum].json.ts,agent-json,generated machine-readable record,3,schema-and-sample QA,,engine data,engine,active world files
/mobs/21243/,src/pages/mobs/[vnum].astro,mobs,generated world-file record,3,template-and-sample QA,,engine data,engine,active world files
/mobs/21244.json,src/pages/mobs/[vnum].json.ts,agent-json,generated machine-readable record,3,schema-and-sample QA,,engine data,engine,active world files
/mobs/21244/,src/pages/mobs/[vnum].astro,mobs,generated world-file record,3,template-and-sample QA,,engine data,engine,active world files
/mobs/21245.json,src/pages/mobs/[vnum].json.ts,agent-json,generated machine-readable record,3,schema-and-sample QA,,engine data,engine,active world files
/mobs/21245/,src/pages/mobs/[vnum].astro,mobs,generated world-file record,3,template-and-sample QA,,engine data,engine,active world files
/mobs/21246.json,src/pages/mobs/[vnum].json.ts,agent-json,generated machine-readable record,3,schema-and-sample QA,,engine data,engine,active world files
/mobs/21246/,src/pages/mobs/[vnum].astro,mobs,generated world-file record,3,template-and-sample QA,,engine data,engine,active world files
/mobs/21300.json,src/pages/mobs/[vnum].json.ts,agent-json,generated machine-readable record,3,schema-and-sample QA,,engine data,engine,active world files
/mobs/21300/,src/pages/mobs/[vnum].astro,mobs,generated world-file record,3,template-and-sample QA,,engine data,engine,active world files
/mobs/21301.json,src/pages/mobs/[vnum].json.ts,agent-json,generated machine-readable record,3,schema-and-sample QA,,engine data,engine,active world files
/mobs/21301/,src/pages/mobs/[vnum].astro,mobs,generated world-file record,3,template-and-sample QA,,engine data,engine,active world files
/mobs/21302.json,src/pages/mobs/[vnum].json.ts,agent-json,generated machine-readable record,3,schema-and-sample QA,,engine data,engine,active world files
/mobs/21302/,src/pages/mobs/[vnum].astro,mobs,generated world-file record,3,template-and-sample QA,,engine data,engine,active world files
/mobs/21303.json,src/pages/mobs/[vnum].json.ts,agent-json,generated machine-readable record,3,schema-and-sample QA,,engine data,engine,active world files
/mobs/21303/,src/pages/mobs/[vnum].astro,mobs,generated world-file record,3,template-and-sample QA,,engine data,engine,active world files
/mobs/21304.json,src/pages/mobs/[vnum].json.ts,agent-json,generated machine-readable record,3,schema-and-sample QA,,engine data,engine,active world files
/mobs/21304/,src/pages/mobs/[vnum].astro,mobs,generated world-file record,3,template-and-sample QA,,engine data,engine,active world files
/mobs/21305.json,src/pages/mobs/[vnum].json.ts,agent-json,generated machine-readable record,3,schema-and-sample QA,,engine data,engine,active world files
/mobs/21305/,src/pages/mobs/[vnum].astro,mobs,generated world-file record,3,template-and-sample QA,,engine data,engine,active world files
/mobs/21306.json,src/pages/mobs/[vnum].json.ts,agent-json,generated machine-readable record,3,schema-and-sample QA,,engine data,engine,active world files
/mobs/21306/,src/pages/mobs/[vnum].astro,mobs,generated world-file record,3,template-and-sample QA,,engine data,engine,active world files
/mobs/21307.json,src/pages/mobs/[vnum].json.ts,agent-json,generated machine-readable record,3,schema-and-sample QA,,engine data,engine,active world files
/mobs/21307/,src/pages/mobs/[vnum].astro,mobs,generated world-file record,3,template-and-sample QA,,engine data,engine,active world files
/mobs/21308.json,src/pages/mobs/[vnum].json.ts,agent-json,generated machine-readable record,3,schema-and-sample QA,,engine data,engine,active world files
/mobs/21308/,src/pages/mobs/[vnum].astro,mobs,generated world-file record,3,template-and-sample QA,,engine data,engine,active world files
/mobs/21309.json,src/pages/mobs/[vnum].json.ts,agent-json,generated machine-readable record,3,schema-and-sample QA,,engine data,engine,active world files
/mobs/21309/,src/pages/mobs/[vnum].astro,mobs,generated world-file record,3,template-and-sample QA,,engine data,engine,active world files
/mobs/21310.json,src/pages/mobs/[vnum].json.ts,agent-json,generated machine-readable record,3,schema-and-sample QA,,engine data,engine,active world files
/mobs/21310/,src/pages/mobs/[vnum].astro,mobs,generated world-file record,3,template-and-sample QA,,engine data,engine,active world files
/mobs/21311.json,src/pages/mobs/[vnum].json.ts,agent-json,generated machine-readable record,3,schema-and-sample QA,,engine data,engine,active world files
/mobs/21311/,src/pages/mobs/[vnum].astro,mobs,generated world-file record,3,template-and-sample QA,,engine data,engine,active world files
/mobs/21312.json,src/pages/mobs/[vnum].json.ts,agent-json,generated machine-readable record,3,schema-and-sample QA,,engine data,engine,active world files
/mobs/21312/,src/pages/mobs/[vnum].astro,mobs,generated world-file record,3,template-and-sample QA,,engine data,engine,active world files
/mobs/21313.json,src/pages/mobs/[vnum].json.ts,agent-json,generated machine-readable record,3,schema-and-sample QA,,engine data,engine,active world files
/mobs/21313/,src/pages/mobs/[vnum].astro,mobs,generated world-file record,3,template-and-sample QA,,engine data,engine,active world files
/mobs/21314.json,src/pages/mobs/[vnum].json.ts,agent-json,generated machine-readable record,3,schema-and-sample QA,,engine data,engine,active world files
/mobs/21314/,src/pages/mobs/[vnum].astro,mobs,generated world-file record,3,template-and-sample QA,,engine data,engine,active world files
/mobs/21315.json,src/pages/mobs/[vnum].json.ts,agent-json,generated machine-readable record,3,schema-and-sample QA,,engine data,engine,active world files
/mobs/21315/,src/pages/mobs/[vnum].astro,mobs,generated world-file record,3,template-and-sample QA,,engine data,engine,active world files
/mobs/21316.json,src/pages/mobs/[vnum].json.ts,agent-json,generated machine-readable record,3,schema-and-sample QA,,engine data,engine,active world files
/mobs/21316/,src/pages/mobs/[vnum].astro,mobs,generated world-file record,3,template-and-sample QA,,engine data,engine,active world files
/mobs/21317.json,src/pages/mobs/[vnum].json.ts,agent-json,generated machine-readable record,3,schema-and-sample QA,,engine data,engine,active world files
/mobs/21317/,src/pages/mobs/[vnum].astro,mobs,generated world-file record,3,template-and-sample QA,,engine data,engine,active world files
/mobs/21400.json,src/pages/mobs/[vnum].json.ts,agent-json,generated machine-readable record,3,schema-and-sample QA,,engine data,engine,active world files
/mobs/21400/,src/pages/mobs/[vnum].astro,mobs,generated world-file record,3,template-and-sample QA,,engine data,engine,active world files
/mobs/21401.json,src/pages/mobs/[vnum].json.ts,agent-json,generated machine-readable record,3,schema-and-sample QA,,engine data,engine,active world files
/mobs/21401/,src/pages/mobs/[vnum].astro,mobs,generated world-file record,3,template-and-sample QA,,engine data,engine,active world files
/mobs/21402.json,src/pages/mobs/[vnum].json.ts,agent-json,generated machine-readable record,3,schema-and-sample QA,,engine data,engine,active world files
/mobs/21402/,src/pages/mobs/[vnum].astro,mobs,generated world-file record,3,template-and-sample QA,,engine data,engine,active world files
/mobs/23.json,src/pages/mobs/[vnum].json.ts,agent-json,generated machine-readable record,3,schema-and-sample QA,,engine data,engine,active world files
/mobs/23/,src/pages/mobs/[vnum].astro,mobs,generated world-file record,3,template-and-sample QA,,engine data,engine,active world files
/mobs/2500.json,src/pages/mobs/[vnum].json.ts,agent-json,generated machine-readable record,3,schema-and-sample QA,,engine data,engine,active world files
/mobs/2500/,src/pages/mobs/[vnum].astro,mobs,generated world-file record,3,template-and-sample QA,,engine data,engine,active world files
/mobs/2501.json,src/pages/mobs/[vnum].json.ts,agent-json,generated machine-readable record,3,schema-and-sample QA,,engine data,engine,active world files
/mobs/2501/,src/pages/mobs/[vnum].astro,mobs,generated world-file record,3,template-and-sample QA,,engine data,engine,active world files
/mobs/2502.json,src/pages/mobs/[vnum].json.ts,agent-json,generated machine-readable record,3,schema-and-sample QA,,engine data,engine,active world files
/mobs/2502/,src/pages/mobs/[vnum].astro,mobs,generated world-file record,3,template-and-sample QA,,engine data,engine,active world files
/mobs/2503.json,src/pages/mobs/[vnum].json.ts,agent-json,generated machine-readable record,3,schema-and-sample QA,,engine data,engine,active world files
/mobs/2503/,src/pages/mobs/[vnum].astro,mobs,generated world-file record,3,template-and-sample QA,,engine data,engine,active world files
/mobs/2504.json,src/pages/mobs/[vnum].json.ts,agent-json,generated machine-readable record,3,schema-and-sample QA,,engine data,engine,active world files
/mobs/2504/,src/pages/mobs/[vnum].astro,mobs,generated world-file record,3,template-and-sample QA,,engine data,engine,active world files
/mobs/2505.json,src/pages/mobs/[vnum].json.ts,agent-json,generated machine-readable record,3,schema-and-sample QA,,engine data,engine,active world files
/mobs/2505/,src/pages/mobs/[vnum].astro,mobs,generated world-file record,3,template-and-sample QA,,engine data,engine,active world files
/mobs/2506.json,src/pages/mobs/[vnum].json.ts,agent-json,generated machine-readable record,3,schema-and-sample QA,,engine data,engine,active world files
/mobs/2506/,src/pages/mobs/[vnum].astro,mobs,generated world-file record,3,template-and-sample QA,,engine data,engine,active world files
/mobs/2507.json,src/pages/mobs/[vnum].json.ts,agent-json,generated machine-readable record,3,schema-and-sample QA,,engine data,engine,active world files
/mobs/2507/,src/pages/mobs/[vnum].astro,mobs,generated world-file record,3,template-and-sample QA,,engine data,engine,active world files
/mobs/2508.json,src/pages/mobs/[vnum].json.ts,agent-json,generated machine-readable record,3,schema-and-sample QA,,engine data,engine,active world files
/mobs/2508/,src/pages/mobs/[vnum].astro,mobs,generated world-file record,3,template-and-sample QA,,engine data,engine,active world files
/mobs/2509.json,src/pages/mobs/[vnum].json.ts,agent-json,generated machine-readable record,3,schema-and-sample QA,,engine data,engine,active world files
/mobs/2509/,src/pages/mobs/[vnum].astro,mobs,generated world-file record,3,template-and-sample QA,,engine data,engine,active world files
/mobs/2510.json,src/pages/mobs/[vnum].json.ts,agent-json,generated machine-readable record,3,schema-and-sample QA,,engine data,engine,active world files
/mobs/2510/,src/pages/mobs/[vnum].astro,mobs,generated world-file record,3,template-and-sample QA,,engine data,engine,active world files
/mobs/2511.json,src/pages/mobs/[vnum].json.ts,agent-json,generated machine-readable record,3,schema-and-sample QA,,engine data,engine,active world files
/mobs/2511/,src/pages/mobs/[vnum].astro,mobs,generated world-file record,3,template-and-sample QA,,engine data,engine,active world files
/mobs/2512.json,src/pages/mobs/[vnum].json.ts,agent-json,generated machine-readable record,3,schema-and-sample QA,,engine data,engine,active world files
/mobs/2512/,src/pages/mobs/[vnum].astro,mobs,generated world-file record,3,template-and-sample QA,,engine data,engine,active world files
/mobs/2513.json,src/pages/mobs/[vnum].json.ts,agent-json,generated machine-readable record,3,schema-and-sample QA,,engine data,engine,active world files
/mobs/2513/,src/pages/mobs/[vnum].astro,mobs,generated world-file record,3,template-and-sample QA,,engine data,engine,active world files
/mobs/2514.json,src/pages/mobs/[vnum].json.ts,agent-json,generated machine-readable record,3,schema-and-sample QA,,engine data,engine,active world files
/mobs/2514/,src/pages/mobs/[vnum].astro,mobs,generated world-file record,3,template-and-sample QA,,engine data,engine,active world files
/mobs/2515.json,src/pages/mobs/[vnum].json.ts,agent-json,generated machine-readable record,3,schema-and-sample QA,,engine data,engine,active world files
/mobs/2515/,src/pages/mobs/[vnum].astro,mobs,generated world-file record,3,template-and-sample QA,,engine data,engine,active world files
/mobs/2516.json,src/pages/mobs/[vnum].json.ts,agent-json,generated machine-readable record,3,schema-and-sample QA,,engine data,engine,active world files
/mobs/2516/,src/pages/mobs/[vnum].astro,mobs,generated world-file record,3,template-and-sample QA,,engine data,engine,active world files
/mobs/2517.json,src/pages/mobs/[vnum].json.ts,agent-json,generated machine-readable record,3,schema-and-sample QA,,engine data,engine,active world files
/mobs/2517/,src/pages/mobs/[vnum].astro,mobs,generated world-file record,3,template-and-sample QA,,engine data,engine,active world files
/mobs/2518.json,src/pages/mobs/[vnum].json.ts,agent-json,generated machine-readable record,3,schema-and-sample QA,,engine data,engine,active world files
/mobs/2518/,src/pages/mobs/[vnum].astro,mobs,generated world-file record,3,template-and-sample QA,,engine data,engine,active world files
/mobs/2519.json,src/pages/mobs/[vnum].json.ts,agent-json,generated machine-readable record,3,schema-and-sample QA,,engine data,engine,active world files
/mobs/2519/,src/pages/mobs/[vnum].astro,mobs,generated world-file record,3,template-and-sample QA,,engine data,engine,active world files
/mobs/2520.json,src/pages/mobs/[vnum].json.ts,agent-json,generated machine-readable record,3,schema-and-sample QA,,engine data,engine,active world files
/mobs/2520/,src/pages/mobs/[vnum].astro,mobs,generated world-file record,3,template-and-sample QA,,engine data,engine,active world files
/mobs/2521.json,src/pages/mobs/[vnum].json.ts,agent-json,generated machine-readable record,3,schema-and-sample QA,,engine data,engine,active world files
/mobs/2521/,src/pages/mobs/[vnum].astro,mobs,generated world-file record,3,template-and-sample QA,,engine data,engine,active world files
/mobs/2522.json,src/pages/mobs/[vnum].json.ts,agent-json,generated machine-readable record,3,schema-and-sample QA,,engine data,engine,active world files
/mobs/2522/,src/pages/mobs/[vnum].astro,mobs,generated world-file record,3,template-and-sample QA,,engine data,engine,active world files
/mobs/2523.json,src/pages/mobs/[vnum].json.ts,agent-json,generated machine-readable record,3,schema-and-sample QA,,engine data,engine,active world files
/mobs/2523/,src/pages/mobs/[vnum].astro,mobs,generated world-file record,3,template-and-sample QA,,engine data,engine,active world files
/mobs/2716.json,src/pages/mobs/[vnum].json.ts,agent-json,generated machine-readable record,3,schema-and-sample QA,,engine data,engine,active world files
/mobs/2716/,src/pages/mobs/[vnum].astro,mobs,generated world-file record,3,template-and-sample QA,,engine data,engine,active world files
/mobs/2717.json,src/pages/mobs/[vnum].json.ts,agent-json,generated machine-readable record,3,schema-and-sample QA,,engine data,engine,active world files
/mobs/2717/,src/pages/mobs/[vnum].astro,mobs,generated world-file record,3,template-and-sample QA,,engine data,engine,active world files
/mobs/2718.json,src/pages/mobs/[vnum].json.ts,agent-json,generated machine-readable record,3,schema-and-sample QA,,engine data,engine,active world files
/mobs/2718/,src/pages/mobs/[vnum].astro,mobs,generated world-file record,3,template-and-sample QA,,engine data,engine,active world files
/mobs/2719.json,src/pages/mobs/[vnum].json.ts,agent-json,generated machine-readable record,3,schema-and-sample QA,,engine data,engine,active world files
/mobs/2719/,src/pages/mobs/[vnum].astro,mobs,generated world-file record,3,template-and-sample QA,,engine data,engine,active world files
/mobs/2720.json,src/pages/mobs/[vnum].json.ts,agent-json,generated machine-readable record,3,schema-and-sample QA,,engine data,engine,active world files
/mobs/2720/,src/pages/mobs/[vnum].astro,mobs,generated world-file record,3,template-and-sample QA,,engine data,engine,active world files
/mobs/2721.json,src/pages/mobs/[vnum].json.ts,agent-json,generated machine-readable record,3,schema-and-sample QA,,engine data,engine,active world files
/mobs/2721/,src/pages/mobs/[vnum].astro,mobs,generated world-file record,3,template-and-sample QA,,engine data,engine,active world files
/mobs/2722.json,src/pages/mobs/[vnum].json.ts,agent-json,generated machine-readable record,3,schema-and-sample QA,,engine data,engine,active world files
/mobs/2722/,src/pages/mobs/[vnum].astro,mobs,generated world-file record,3,template-and-sample QA,,engine data,engine,active world files
/mobs/2723.json,src/pages/mobs/[vnum].json.ts,agent-json,generated machine-readable record,3,schema-and-sample QA,,engine data,engine,active world files
/mobs/2723/,src/pages/mobs/[vnum].astro,mobs,generated world-file record,3,template-and-sample QA,,engine data,engine,active world files
/mobs/2724.json,src/pages/mobs/[vnum].json.ts,agent-json,generated machine-readable record,3,schema-and-sample QA,,engine data,engine,active world files
/mobs/2724/,src/pages/mobs/[vnum].astro,mobs,generated world-file record,3,template-and-sample QA,,engine data,engine,active world files
/mobs/2725.json,src/pages/mobs/[vnum].json.ts,agent-json,generated machine-readable record,3,schema-and-sample QA,,engine data,engine,active world files
/mobs/2725/,src/pages/mobs/[vnum].astro,mobs,generated world-file record,3,template-and-sample QA,,engine data,engine,active world files
/mobs/2726.json,src/pages/mobs/[vnum].json.ts,agent-json,generated machine-readable record,3,schema-and-sample QA,,engine data,engine,active world files
/mobs/2726/,src/pages/mobs/[vnum].astro,mobs,generated world-file record,3,template-and-sample QA,,engine data,engine,active world files
/mobs/2727.json,src/pages/mobs/[vnum].json.ts,agent-json,generated machine-readable record,3,schema-and-sample QA,,engine data,engine,active world files
/mobs/2727/,src/pages/mobs/[vnum].astro,mobs,generated world-file record,3,template-and-sample QA,,engine data,engine,active world files
/mobs/2728.json,src/pages/mobs/[vnum].json.ts,agent-json,generated machine-readable record,3,schema-and-sample QA,,engine data,engine,active world files
/mobs/2728/,src/pages/mobs/[vnum].astro,mobs,generated world-file record,3,template-and-sample QA,,engine data,engine,active world files
/mobs/2729.json,src/pages/mobs/[vnum].json.ts,agent-json,generated machine-readable record,3,schema-and-sample QA,,engine data,engine,active world files
/mobs/2729/,src/pages/mobs/[vnum].astro,mobs,generated world-file record,3,template-and-sample QA,,engine data,engine,active world files
/mobs/2730.json,src/pages/mobs/[vnum].json.ts,agent-json,generated machine-readable record,3,schema-and-sample QA,,engine data,engine,active world files
/mobs/2730/,src/pages/mobs/[vnum].astro,mobs,generated world-file record,3,template-and-sample QA,,engine data,engine,active world files
/mobs/2731.json,src/pages/mobs/[vnum].json.ts,agent-json,generated machine-readable record,3,schema-and-sample QA,,engine data,engine,active world files
/mobs/2731/,src/pages/mobs/[vnum].astro,mobs,generated world-file record,3,template-and-sample QA,,engine data,engine,active world files
/mobs/2732.json,src/pages/mobs/[vnum].json.ts,agent-json,generated machine-readable record,3,schema-and-sample QA,,engine data,engine,active world files
/mobs/2732/,src/pages/mobs/[vnum].astro,mobs,generated world-file record,3,template-and-sample QA,,engine data,engine,active world files
/mobs/2733.json,src/pages/mobs/[vnum].json.ts,agent-json,generated machine-readable record,3,schema-and-sample QA,,engine data,engine,active world files
/mobs/2733/,src/pages/mobs/[vnum].astro,mobs,generated world-file record,3,template-and-sample QA,,engine data,engine,active world files
/mobs/2734.json,src/pages/mobs/[vnum].json.ts,agent-json,generated machine-readable record,3,schema-and-sample QA,,engine data,engine,active world files
/mobs/2734/,src/pages/mobs/[vnum].astro,mobs,generated world-file record,3,template-and-sample QA,,engine data,engine,active world files
/mobs/2735.json,src/pages/mobs/[vnum].json.ts,agent-json,generated machine-readable record,3,schema-and-sample QA,,engine data,engine,active world files
/mobs/2735/,src/pages/mobs/[vnum].astro,mobs,generated world-file record,3,template-and-sample QA,,engine data,engine,active world files
/mobs/2736.json,src/pages/mobs/[vnum].json.ts,agent-json,generated machine-readable record,3,schema-and-sample QA,,engine data,engine,active world files
/mobs/2736/,src/pages/mobs/[vnum].astro,mobs,generated world-file record,3,template-and-sample QA,,engine data,engine,active world files
/mobs/2737.json,src/pages/mobs/[vnum].json.ts,agent-json,generated machine-readable record,3,schema-and-sample QA,,engine data,engine,active world files
/mobs/2737/,src/pages/mobs/[vnum].astro,mobs,generated world-file record,3,template-and-sample QA,,engine data,engine,active world files
/mobs/2738.json,src/pages/mobs/[vnum].json.ts,agent-json,generated machine-readable record,3,schema-and-sample QA,,engine data,engine,active world files
/mobs/2738/,src/pages/mobs/[vnum].astro,mobs,generated world-file record,3,template-and-sample QA,,engine data,engine,active world files
/mobs/2739.json,src/pages/mobs/[vnum].json.ts,agent-json,generated machine-readable record,3,schema-and-sample QA,,engine data,engine,active world files
/mobs/2739/,src/pages/mobs/[vnum].astro,mobs,generated world-file record,3,template-and-sample QA,,engine data,engine,active world files
/mobs/2740.json,src/pages/mobs/[vnum].json.ts,agent-json,generated machine-readable record,3,schema-and-sample QA,,engine data,engine,active world files
/mobs/2740/,src/pages/mobs/[vnum].astro,mobs,generated world-file record,3,template-and-sample QA,,engine data,engine,active world files
/mobs/2741.json,src/pages/mobs/[vnum].json.ts,agent-json,generated machine-readable record,3,schema-and-sample QA,,engine data,engine,active world files
/mobs/2741/,src/pages/mobs/[vnum].astro,mobs,generated world-file record,3,template-and-sample QA,,engine data,engine,active world files
/mobs/2742.json,src/pages/mobs/[vnum].json.ts,agent-json,generated machine-readable record,3,schema-and-sample QA,,engine data,engine,active world files
/mobs/2742/,src/pages/mobs/[vnum].astro,mobs,generated world-file record,3,template-and-sample QA,,engine data,engine,active world files
/mobs/2743.json,src/pages/mobs/[vnum].json.ts,agent-json,generated machine-readable record,3,schema-and-sample QA,,engine data,engine,active world files
/mobs/2743/,src/pages/mobs/[vnum].astro,mobs,generated world-file record,3,template-and-sample QA,,engine data,engine,active world files
/mobs/2744.json,src/pages/mobs/[vnum].json.ts,agent-json,generated machine-readable record,3,schema-and-sample QA,,engine data,engine,active world files
/mobs/2744/,src/pages/mobs/[vnum].astro,mobs,generated world-file record,3,template-and-sample QA,,engine data,engine,active world files
/mobs/2745.json,src/pages/mobs/[vnum].json.ts,agent-json,generated machine-readable record,3,schema-and-sample QA,,engine data,engine,active world files
/mobs/2745/,src/pages/mobs/[vnum].astro,mobs,generated world-file record,3,template-and-sample QA,,engine data,engine,active world files
/mobs/2746.json,src/pages/mobs/[vnum].json.ts,agent-json,generated machine-readable record,3,schema-and-sample QA,,engine data,engine,active world files
/mobs/2746/,src/pages/mobs/[vnum].astro,mobs,generated world-file record,3,template-and-sample QA,,engine data,engine,active world files
/mobs/2747.json,src/pages/mobs/[vnum].json.ts,agent-json,generated machine-readable record,3,schema-and-sample QA,,engine data,engine,active world files
/mobs/2747/,src/pages/mobs/[vnum].astro,mobs,generated world-file record,3,template-and-sample QA,,engine data,engine,active world files
/mobs/2748.json,src/pages/mobs/[vnum].json.ts,agent-json,generated machine-readable record,3,schema-and-sample QA,,engine data,engine,active world files
/mobs/2748/,src/pages/mobs/[vnum].astro,mobs,generated world-file record,3,template-and-sample QA,,engine data,engine,active world files
/mobs/2749.json,src/pages/mobs/[vnum].json.ts,agent-json,generated machine-readable record,3,schema-and-sample QA,,engine data,engine,active world files
/mobs/2749/,src/pages/mobs/[vnum].astro,mobs,generated world-file record,3,template-and-sample QA,,engine data,engine,active world files
/mobs/2750.json,src/pages/mobs/[vnum].json.ts,agent-json,generated machine-readable record,3,schema-and-sample QA,,engine data,engine,active world files
/mobs/2750/,src/pages/mobs/[vnum].astro,mobs,generated world-file record,3,template-and-sample QA,,engine data,engine,active world files
/mobs/2751.json,src/pages/mobs/[vnum].json.ts,agent-json,generated machine-readable record,3,schema-and-sample QA,,engine data,engine,active world files
/mobs/2751/,src/pages/mobs/[vnum].astro,mobs,generated world-file record,3,template-and-sample QA,,engine data,engine,active world files
/mobs/2752.json,src/pages/mobs/[vnum].json.ts,agent-json,generated machine-readable record,3,schema-and-sample QA,,engine data,engine,active world files
/mobs/2752/,src/pages/mobs/[vnum].astro,mobs,generated world-file record,3,template-and-sample QA,,engine data,engine,active world files
/mobs/2753.json,src/pages/mobs/[vnum].json.ts,agent-json,generated machine-readable record,3,schema-and-sample QA,,engine data,engine,active world files
/mobs/2753/,src/pages/mobs/[vnum].astro,mobs,generated world-file record,3,template-and-sample QA,,engine data,engine,active world files
/mobs/2754.json,src/pages/mobs/[vnum].json.ts,agent-json,generated machine-readable record,3,schema-and-sample QA,,engine data,engine,active world files
/mobs/2754/,src/pages/mobs/[vnum].astro,mobs,generated world-file record,3,template-and-sample QA,,engine data,engine,active world files
/mobs/2755.json,src/pages/mobs/[vnum].json.ts,agent-json,generated machine-readable record,3,schema-and-sample QA,,engine data,engine,active world files
/mobs/2755/,src/pages/mobs/[vnum].astro,mobs,generated world-file record,3,template-and-sample QA,,engine data,engine,active world files
/mobs/2756.json,src/pages/mobs/[vnum].json.ts,agent-json,generated machine-readable record,3,schema-and-sample QA,,engine data,engine,active world files
/mobs/2756/,src/pages/mobs/[vnum].astro,mobs,generated world-file record,3,template-and-sample QA,,engine data,engine,active world files
/mobs/2757.json,src/pages/mobs/[vnum].json.ts,agent-json,generated machine-readable record,3,schema-and-sample QA,,engine data,engine,active world files
/mobs/2757/,src/pages/mobs/[vnum].astro,mobs,generated world-file record,3,template-and-sample QA,,engine data,engine,active world files
/mobs/2758.json,src/pages/mobs/[vnum].json.ts,agent-json,generated machine-readable record,3,schema-and-sample QA,,engine data,engine,active world files
/mobs/2758/,src/pages/mobs/[vnum].astro,mobs,generated world-file record,3,template-and-sample QA,,engine data,engine,active world files
/mobs/2759.json,src/pages/mobs/[vnum].json.ts,agent-json,generated machine-readable record,3,schema-and-sample QA,,engine data,engine,active world files
/mobs/2759/,src/pages/mobs/[vnum].astro,mobs,generated world-file record,3,template-and-sample QA,,engine data,engine,active world files
/mobs/2760.json,src/pages/mobs/[vnum].json.ts,agent-json,generated machine-readable record,3,schema-and-sample QA,,engine data,engine,active world files
/mobs/2760/,src/pages/mobs/[vnum].astro,mobs,generated world-file record,3,template-and-sample QA,,engine data,engine,active world files
/mobs/2761.json,src/pages/mobs/[vnum].json.ts,agent-json,generated machine-readable record,3,schema-and-sample QA,,engine data,engine,active world files
/mobs/2761/,src/pages/mobs/[vnum].astro,mobs,generated world-file record,3,template-and-sample QA,,engine data,engine,active world files
/mobs/2762.json,src/pages/mobs/[vnum].json.ts,agent-json,generated machine-readable record,3,schema-and-sample QA,,engine data,engine,active world files
/mobs/2762/,src/pages/mobs/[vnum].astro,mobs,generated world-file record,3,template-and-sample QA,,engine data,engine,active world files
/mobs/2763.json,src/pages/mobs/[vnum].json.ts,agent-json,generated machine-readable record,3,schema-and-sample QA,,engine data,engine,active world files
/mobs/2763/,src/pages/mobs/[vnum].astro,mobs,generated world-file record,3,template-and-sample QA,,engine data,engine,active world files
/mobs/2764.json,src/pages/mobs/[vnum].json.ts,agent-json,generated machine-readable record,3,schema-and-sample QA,,engine data,engine,active world files
/mobs/2764/,src/pages/mobs/[vnum].astro,mobs,generated world-file record,3,template-and-sample QA,,engine data,engine,active world files
/mobs/2765.json,src/pages/mobs/[vnum].json.ts,agent-json,generated machine-readable record,3,schema-and-sample QA,,engine data,engine,active world files
/mobs/2765/,src/pages/mobs/[vnum].astro,mobs,generated world-file record,3,template-and-sample QA,,engine data,engine,active world files
/mobs/2766.json,src/pages/mobs/[vnum].json.ts,agent-json,generated machine-readable record,3,schema-and-sample QA,,engine data,engine,active world files
/mobs/2766/,src/pages/mobs/[vnum].astro,mobs,generated world-file record,3,template-and-sample QA,,engine data,engine,active world files
/mobs/2767.json,src/pages/mobs/[vnum].json.ts,agent-json,generated machine-readable record,3,schema-and-sample QA,,engine data,engine,active world files
/mobs/2767/,src/pages/mobs/[vnum].astro,mobs,generated world-file record,3,template-and-sample QA,,engine data,engine,active world files
/mobs/2768.json,src/pages/mobs/[vnum].json.ts,agent-json,generated machine-readable record,3,schema-and-sample QA,,engine data,engine,active world files
/mobs/2768/,src/pages/mobs/[vnum].astro,mobs,generated world-file record,3,template-and-sample QA,,engine data,engine,active world files
/mobs/2769.json,src/pages/mobs/[vnum].json.ts,agent-json,generated machine-readable record,3,schema-and-sample QA,,engine data,engine,active world files
/mobs/2769/,src/pages/mobs/[vnum].astro,mobs,generated world-file record,3,template-and-sample QA,,engine data,engine,active world files
/mobs/2770.json,src/pages/mobs/[vnum].json.ts,agent-json,generated machine-readable record,3,schema-and-sample QA,,engine data,engine,active world files
/mobs/2770/,src/pages/mobs/[vnum].astro,mobs,generated world-file record,3,template-and-sample QA,,engine data,engine,active world files
/mobs/2771.json,src/pages/mobs/[vnum].json.ts,agent-json,generated machine-readable record,3,schema-and-sample QA,,engine data,engine,active world files
/mobs/2771/,src/pages/mobs/[vnum].astro,mobs,generated world-file record,3,template-and-sample QA,,engine data,engine,active world files
/mobs/2772.json,src/pages/mobs/[vnum].json.ts,agent-json,generated machine-readable record,3,schema-and-sample QA,,engine data,engine,active world files
/mobs/2772/,src/pages/mobs/[vnum].astro,mobs,generated world-file record,3,template-and-sample QA,,engine data,engine,active world files
/mobs/2773.json,src/pages/mobs/[vnum].json.ts,agent-json,generated machine-readable record,3,schema-and-sample QA,,engine data,engine,active world files
/mobs/2773/,src/pages/mobs/[vnum].astro,mobs,generated world-file record,3,template-and-sample QA,,engine data,engine,active world files
/mobs/2774.json,src/pages/mobs/[vnum].json.ts,agent-json,generated machine-readable record,3,schema-and-sample QA,,engine data,engine,active world files
/mobs/2774/,src/pages/mobs/[vnum].astro,mobs,generated world-file record,3,template-and-sample QA,,engine data,engine,active world files
/mobs/3.json,src/pages/mobs/[vnum].json.ts,agent-json,generated machine-readable record,3,schema-and-sample QA,,engine data,engine,active world files
/mobs/3/,src/pages/mobs/[vnum].astro,mobs,generated world-file record,3,template-and-sample QA,,engine data,engine,active world files
/mobs/30.json,src/pages/mobs/[vnum].json.ts,agent-json,generated machine-readable record,3,schema-and-sample QA,,engine data,engine,active world files
/mobs/30/,src/pages/mobs/[vnum].astro,mobs,generated world-file record,3,template-and-sample QA,,engine data,engine,active world files
/mobs/30000.json,src/pages/mobs/[vnum].json.ts,agent-json,generated machine-readable record,3,schema-and-sample QA,,engine data,engine,active world files
/mobs/30000/,src/pages/mobs/[vnum].astro,mobs,generated world-file record,3,template-and-sample QA,,engine data,engine,active world files
/mobs/3005.json,src/pages/mobs/[vnum].json.ts,agent-json,generated machine-readable record,3,schema-and-sample QA,,engine data,engine,active world files
/mobs/3005/,src/pages/mobs/[vnum].astro,mobs,generated world-file record,3,template-and-sample QA,,engine data,engine,active world files
/mobs/3010.json,src/pages/mobs/[vnum].json.ts,agent-json,generated machine-readable record,3,schema-and-sample QA,,engine data,engine,active world files
/mobs/3010/,src/pages/mobs/[vnum].astro,mobs,generated world-file record,3,template-and-sample QA,,engine data,engine,active world files
/mobs/30101.json,src/pages/mobs/[vnum].json.ts,agent-json,generated machine-readable record,3,schema-and-sample QA,,engine data,engine,active world files
/mobs/30101/,src/pages/mobs/[vnum].astro,mobs,generated world-file record,3,template-and-sample QA,,engine data,engine,active world files
/mobs/30102.json,src/pages/mobs/[vnum].json.ts,agent-json,generated machine-readable record,3,schema-and-sample QA,,engine data,engine,active world files
/mobs/30102/,src/pages/mobs/[vnum].astro,mobs,generated world-file record,3,template-and-sample QA,,engine data,engine,active world files
/mobs/30103.json,src/pages/mobs/[vnum].json.ts,agent-json,generated machine-readable record,3,schema-and-sample QA,,engine data,engine,active world files
/mobs/30103/,src/pages/mobs/[vnum].astro,mobs,generated world-file record,3,template-and-sample QA,,engine data,engine,active world files
/mobs/30104.json,src/pages/mobs/[vnum].json.ts,agent-json,generated machine-readable record,3,schema-and-sample QA,,engine data,engine,active world files
/mobs/30104/,src/pages/mobs/[vnum].astro,mobs,generated world-file record,3,template-and-sample QA,,engine data,engine,active world files
/mobs/30105.json,src/pages/mobs/[vnum].json.ts,agent-json,generated machine-readable record,3,schema-and-sample QA,,engine data,engine,active world files
/mobs/30105/,src/pages/mobs/[vnum].astro,mobs,generated world-file record,3,template-and-sample QA,,engine data,engine,active world files
/mobs/30107.json,src/pages/mobs/[vnum].json.ts,agent-json,generated machine-readable record,3,schema-and-sample QA,,engine data,engine,active world files
/mobs/30107/,src/pages/mobs/[vnum].astro,mobs,generated world-file record,3,template-and-sample QA,,engine data,engine,active world files
/mobs/30108.json,src/pages/mobs/[vnum].json.ts,agent-json,generated machine-readable record,3,schema-and-sample QA,,engine data,engine,active world files
/mobs/30108/,src/pages/mobs/[vnum].astro,mobs,generated world-file record,3,template-and-sample QA,,engine data,engine,active world files
/mobs/30109.json,src/pages/mobs/[vnum].json.ts,agent-json,generated machine-readable record,3,schema-and-sample QA,,engine data,engine,active world files
/mobs/30109/,src/pages/mobs/[vnum].astro,mobs,generated world-file record,3,template-and-sample QA,,engine data,engine,active world files
/mobs/30110.json,src/pages/mobs/[vnum].json.ts,agent-json,generated machine-readable record,3,schema-and-sample QA,,engine data,engine,active world files
/mobs/30110/,src/pages/mobs/[vnum].astro,mobs,generated world-file record,3,template-and-sample QA,,engine data,engine,active world files
/mobs/30111.json,src/pages/mobs/[vnum].json.ts,agent-json,generated machine-readable record,3,schema-and-sample QA,,engine data,engine,active world files
/mobs/30111/,src/pages/mobs/[vnum].astro,mobs,generated world-file record,3,template-and-sample QA,,engine data,engine,active world files
/mobs/30112.json,src/pages/mobs/[vnum].json.ts,agent-json,generated machine-readable record,3,schema-and-sample QA,,engine data,engine,active world files
/mobs/30112/,src/pages/mobs/[vnum].astro,mobs,generated world-file record,3,template-and-sample QA,,engine data,engine,active world files
/mobs/30113.json,src/pages/mobs/[vnum].json.ts,agent-json,generated machine-readable record,3,schema-and-sample QA,,engine data,engine,active world files
/mobs/30113/,src/pages/mobs/[vnum].astro,mobs,generated world-file record,3,template-and-sample QA,,engine data,engine,active world files
/mobs/30114.json,src/pages/mobs/[vnum].json.ts,agent-json,generated machine-readable record,3,schema-and-sample QA,,engine data,engine,active world files
/mobs/30114/,src/pages/mobs/[vnum].astro,mobs,generated world-file record,3,template-and-sample QA,,engine data,engine,active world files
/mobs/30115.json,src/pages/mobs/[vnum].json.ts,agent-json,generated machine-readable record,3,schema-and-sample QA,,engine data,engine,active world files
/mobs/30115/,src/pages/mobs/[vnum].astro,mobs,generated world-file record,3,template-and-sample QA,,engine data,engine,active world files
/mobs/30116.json,src/pages/mobs/[vnum].json.ts,agent-json,generated machine-readable record,3,schema-and-sample QA,,engine data,engine,active world files
/mobs/30116/,src/pages/mobs/[vnum].astro,mobs,generated world-file record,3,template-and-sample QA,,engine data,engine,active world files
/mobs/30117.json,src/pages/mobs/[vnum].json.ts,agent-json,generated machine-readable record,3,schema-and-sample QA,,engine data,engine,active world files
/mobs/30117/,src/pages/mobs/[vnum].astro,mobs,generated world-file record,3,template-and-sample QA,,engine data,engine,active world files
/mobs/30118.json,src/pages/mobs/[vnum].json.ts,agent-json,generated machine-readable record,3,schema-and-sample QA,,engine data,engine,active world files
/mobs/30118/,src/pages/mobs/[vnum].astro,mobs,generated world-file record,3,template-and-sample QA,,engine data,engine,active world files
/mobs/30119.json,src/pages/mobs/[vnum].json.ts,agent-json,generated machine-readable record,3,schema-and-sample QA,,engine data,engine,active world files
/mobs/30119/,src/pages/mobs/[vnum].astro,mobs,generated world-file record,3,template-and-sample QA,,engine data,engine,active world files
/mobs/3022.json,src/pages/mobs/[vnum].json.ts,agent-json,generated machine-readable record,3,schema-and-sample QA,,engine data,engine,active world files
/mobs/3022/,src/pages/mobs/[vnum].astro,mobs,generated world-file record,3,template-and-sample QA,,engine data,engine,active world files
/mobs/30301.json,src/pages/mobs/[vnum].json.ts,agent-json,generated machine-readable record,3,schema-and-sample QA,,engine data,engine,active world files
/mobs/30301/,src/pages/mobs/[vnum].astro,mobs,generated world-file record,3,template-and-sample QA,,engine data,engine,active world files
/mobs/30303.json,src/pages/mobs/[vnum].json.ts,agent-json,generated machine-readable record,3,schema-and-sample QA,,engine data,engine,active world files
/mobs/30303/,src/pages/mobs/[vnum].astro,mobs,generated world-file record,3,template-and-sample QA,,engine data,engine,active world files
/mobs/3063.json,src/pages/mobs/[vnum].json.ts,agent-json,generated machine-readable record,3,schema-and-sample QA,,engine data,engine,active world files
/mobs/3063/,src/pages/mobs/[vnum].astro,mobs,generated world-file record,3,template-and-sample QA,,engine data,engine,active world files
/mobs/3094.json,src/pages/mobs/[vnum].json.ts,agent-json,generated machine-readable record,3,schema-and-sample QA,,engine data,engine,active world files
/mobs/3094/,src/pages/mobs/[vnum].astro,mobs,generated world-file record,3,template-and-sample QA,,engine data,engine,active world files
/mobs/31.json,src/pages/mobs/[vnum].json.ts,agent-json,generated machine-readable record,3,schema-and-sample QA,,engine data,engine,active world files
/mobs/31/,src/pages/mobs/[vnum].astro,mobs,generated world-file record,3,template-and-sample QA,,engine data,engine,active world files
/mobs/3100.json,src/pages/mobs/[vnum].json.ts,agent-json,generated machine-readable record,3,schema-and-sample QA,,engine data,engine,active world files
/mobs/3100/,src/pages/mobs/[vnum].astro,mobs,generated world-file record,3,template-and-sample QA,,engine data,engine,active world files
/mobs/3101.json,src/pages/mobs/[vnum].json.ts,agent-json,generated machine-readable record,3,schema-and-sample QA,,engine data,engine,active world files
/mobs/3101/,src/pages/mobs/[vnum].astro,mobs,generated world-file record,3,template-and-sample QA,,engine data,engine,active world files
/mobs/3102.json,src/pages/mobs/[vnum].json.ts,agent-json,generated machine-readable record,3,schema-and-sample QA,,engine data,engine,active world files
/mobs/3102/,src/pages/mobs/[vnum].astro,mobs,generated world-file record,3,template-and-sample QA,,engine data,engine,active world files
/mobs/3103.json,src/pages/mobs/[vnum].json.ts,agent-json,generated machine-readable record,3,schema-and-sample QA,,engine data,engine,active world files
/mobs/3103/,src/pages/mobs/[vnum].astro,mobs,generated world-file record,3,template-and-sample QA,,engine data,engine,active world files
/mobs/3104.json,src/pages/mobs/[vnum].json.ts,agent-json,generated machine-readable record,3,schema-and-sample QA,,engine data,engine,active world files
/mobs/3104/,src/pages/mobs/[vnum].astro,mobs,generated world-file record,3,template-and-sample QA,,engine data,engine,active world files
/mobs/3105.json,src/pages/mobs/[vnum].json.ts,agent-json,generated machine-readable record,3,schema-and-sample QA,,engine data,engine,active world files
/mobs/3105/,src/pages/mobs/[vnum].astro,mobs,generated world-file record,3,template-and-sample QA,,engine data,engine,active world files
/mobs/3106.json,src/pages/mobs/[vnum].json.ts,agent-json,generated machine-readable record,3,schema-and-sample QA,,engine data,engine,active world files
/mobs/3106/,src/pages/mobs/[vnum].astro,mobs,generated world-file record,3,template-and-sample QA,,engine data,engine,active world files
/mobs/3107.json,src/pages/mobs/[vnum].json.ts,agent-json,generated machine-readable record,3,schema-and-sample QA,,engine data,engine,active world files
/mobs/3107/,src/pages/mobs/[vnum].astro,mobs,generated world-file record,3,template-and-sample QA,,engine data,engine,active world files
/mobs/3108.json,src/pages/mobs/[vnum].json.ts,agent-json,generated machine-readable record,3,schema-and-sample QA,,engine data,engine,active world files
/mobs/3108/,src/pages/mobs/[vnum].astro,mobs,generated world-file record,3,template-and-sample QA,,engine data,engine,active world files
/mobs/3109.json,src/pages/mobs/[vnum].json.ts,agent-json,generated machine-readable record,3,schema-and-sample QA,,engine data,engine,active world files
/mobs/3109/,src/pages/mobs/[vnum].astro,mobs,generated world-file record,3,template-and-sample QA,,engine data,engine,active world files
/mobs/3110.json,src/pages/mobs/[vnum].json.ts,agent-json,generated machine-readable record,3,schema-and-sample QA,,engine data,engine,active world files
/mobs/3110/,src/pages/mobs/[vnum].astro,mobs,generated world-file record,3,template-and-sample QA,,engine data,engine,active world files
/mobs/3111.json,src/pages/mobs/[vnum].json.ts,agent-json,generated machine-readable record,3,schema-and-sample QA,,engine data,engine,active world files
/mobs/3111/,src/pages/mobs/[vnum].astro,mobs,generated world-file record,3,template-and-sample QA,,engine data,engine,active world files
/mobs/3112.json,src/pages/mobs/[vnum].json.ts,agent-json,generated machine-readable record,3,schema-and-sample QA,,engine data,engine,active world files
/mobs/3112/,src/pages/mobs/[vnum].astro,mobs,generated world-file record,3,template-and-sample QA,,engine data,engine,active world files
/mobs/3113.json,src/pages/mobs/[vnum].json.ts,agent-json,generated machine-readable record,3,schema-and-sample QA,,engine data,engine,active world files
/mobs/3113/,src/pages/mobs/[vnum].astro,mobs,generated world-file record,3,template-and-sample QA,,engine data,engine,active world files
/mobs/3114.json,src/pages/mobs/[vnum].json.ts,agent-json,generated machine-readable record,3,schema-and-sample QA,,engine data,engine,active world files
/mobs/3114/,src/pages/mobs/[vnum].astro,mobs,generated world-file record,3,template-and-sample QA,,engine data,engine,active world files
/mobs/3115.json,src/pages/mobs/[vnum].json.ts,agent-json,generated machine-readable record,3,schema-and-sample QA,,engine data,engine,active world files
/mobs/3115/,src/pages/mobs/[vnum].astro,mobs,generated world-file record,3,template-and-sample QA,,engine data,engine,active world files
/mobs/3116.json,src/pages/mobs/[vnum].json.ts,agent-json,generated machine-readable record,3,schema-and-sample QA,,engine data,engine,active world files
/mobs/3116/,src/pages/mobs/[vnum].astro,mobs,generated world-file record,3,template-and-sample QA,,engine data,engine,active world files
/mobs/3117.json,src/pages/mobs/[vnum].json.ts,agent-json,generated machine-readable record,3,schema-and-sample QA,,engine data,engine,active world files
/mobs/3117/,src/pages/mobs/[vnum].astro,mobs,generated world-file record,3,template-and-sample QA,,engine data,engine,active world files
/mobs/3118.json,src/pages/mobs/[vnum].json.ts,agent-json,generated machine-readable record,3,schema-and-sample QA,,engine data,engine,active world files
/mobs/3118/,src/pages/mobs/[vnum].astro,mobs,generated world-file record,3,template-and-sample QA,,engine data,engine,active world files
/mobs/3119.json,src/pages/mobs/[vnum].json.ts,agent-json,generated machine-readable record,3,schema-and-sample QA,,engine data,engine,active world files
/mobs/3119/,src/pages/mobs/[vnum].astro,mobs,generated world-file record,3,template-and-sample QA,,engine data,engine,active world files
/mobs/3120.json,src/pages/mobs/[vnum].json.ts,agent-json,generated machine-readable record,3,schema-and-sample QA,,engine data,engine,active world files
/mobs/3120/,src/pages/mobs/[vnum].astro,mobs,generated world-file record,3,template-and-sample QA,,engine data,engine,active world files
/mobs/3121.json,src/pages/mobs/[vnum].json.ts,agent-json,generated machine-readable record,3,schema-and-sample QA,,engine data,engine,active world files
/mobs/3121/,src/pages/mobs/[vnum].astro,mobs,generated world-file record,3,template-and-sample QA,,engine data,engine,active world files
/mobs/3122.json,src/pages/mobs/[vnum].json.ts,agent-json,generated machine-readable record,3,schema-and-sample QA,,engine data,engine,active world files
/mobs/3122/,src/pages/mobs/[vnum].astro,mobs,generated world-file record,3,template-and-sample QA,,engine data,engine,active world files
/mobs/32.json,src/pages/mobs/[vnum].json.ts,agent-json,generated machine-readable record,3,schema-and-sample QA,,engine data,engine,active world files
/mobs/32/,src/pages/mobs/[vnum].astro,mobs,generated world-file record,3,template-and-sample QA,,engine data,engine,active world files
/mobs/33.json,src/pages/mobs/[vnum].json.ts,agent-json,generated machine-readable record,3,schema-and-sample QA,,engine data,engine,active world files
/mobs/33/,src/pages/mobs/[vnum].astro,mobs,generated world-file record,3,template-and-sample QA,,engine data,engine,active world files
/mobs/34.json,src/pages/mobs/[vnum].json.ts,agent-json,generated machine-readable record,3,schema-and-sample QA,,engine data,engine,active world files
/mobs/34/,src/pages/mobs/[vnum].astro,mobs,generated world-file record,3,template-and-sample QA,,engine data,engine,active world files
/mobs/3500.json,src/pages/mobs/[vnum].json.ts,agent-json,generated machine-readable record,3,schema-and-sample QA,,engine data,engine,active world files
/mobs/3500/,src/pages/mobs/[vnum].astro,mobs,generated world-file record,3,template-and-sample QA,,engine data,engine,active world files
/mobs/3501.json,src/pages/mobs/[vnum].json.ts,agent-json,generated machine-readable record,3,schema-and-sample QA,,engine data,engine,active world files
/mobs/3501/,src/pages/mobs/[vnum].astro,mobs,generated world-file record,3,template-and-sample QA,,engine data,engine,active world files
/mobs/3502.json,src/pages/mobs/[vnum].json.ts,agent-json,generated machine-readable record,3,schema-and-sample QA,,engine data,engine,active world files
/mobs/3502/,src/pages/mobs/[vnum].astro,mobs,generated world-file record,3,template-and-sample QA,,engine data,engine,active world files
/mobs/3503.json,src/pages/mobs/[vnum].json.ts,agent-json,generated machine-readable record,3,schema-and-sample QA,,engine data,engine,active world files
/mobs/3503/,src/pages/mobs/[vnum].astro,mobs,generated world-file record,3,template-and-sample QA,,engine data,engine,active world files
/mobs/3504.json,src/pages/mobs/[vnum].json.ts,agent-json,generated machine-readable record,3,schema-and-sample QA,,engine data,engine,active world files
/mobs/3504/,src/pages/mobs/[vnum].astro,mobs,generated world-file record,3,template-and-sample QA,,engine data,engine,active world files
/mobs/3505.json,src/pages/mobs/[vnum].json.ts,agent-json,generated machine-readable record,3,schema-and-sample QA,,engine data,engine,active world files
/mobs/3505/,src/pages/mobs/[vnum].astro,mobs,generated world-file record,3,template-and-sample QA,,engine data,engine,active world files
/mobs/3506.json,src/pages/mobs/[vnum].json.ts,agent-json,generated machine-readable record,3,schema-and-sample QA,,engine data,engine,active world files
/mobs/3506/,src/pages/mobs/[vnum].astro,mobs,generated world-file record,3,template-and-sample QA,,engine data,engine,active world files
/mobs/3507.json,src/pages/mobs/[vnum].json.ts,agent-json,generated machine-readable record,3,schema-and-sample QA,,engine data,engine,active world files
/mobs/3507/,src/pages/mobs/[vnum].astro,mobs,generated world-file record,3,template-and-sample QA,,engine data,engine,active world files
/mobs/3568.json,src/pages/mobs/[vnum].json.ts,agent-json,generated machine-readable record,3,schema-and-sample QA,,engine data,engine,active world files
/mobs/3568/,src/pages/mobs/[vnum].astro,mobs,generated world-file record,3,template-and-sample QA,,engine data,engine,active world files
/mobs/3569.json,src/pages/mobs/[vnum].json.ts,agent-json,generated machine-readable record,3,schema-and-sample QA,,engine data,engine,active world files
/mobs/3569/,src/pages/mobs/[vnum].astro,mobs,generated world-file record,3,template-and-sample QA,,engine data,engine,active world files
/mobs/3570.json,src/pages/mobs/[vnum].json.ts,agent-json,generated machine-readable record,3,schema-and-sample QA,,engine data,engine,active world files
/mobs/3570/,src/pages/mobs/[vnum].astro,mobs,generated world-file record,3,template-and-sample QA,,engine data,engine,active world files
/mobs/3571.json,src/pages/mobs/[vnum].json.ts,agent-json,generated machine-readable record,3,schema-and-sample QA,,engine data,engine,active world files
/mobs/3571/,src/pages/mobs/[vnum].astro,mobs,generated world-file record,3,template-and-sample QA,,engine data,engine,active world files
/mobs/3572.json,src/pages/mobs/[vnum].json.ts,agent-json,generated machine-readable record,3,schema-and-sample QA,,engine data,engine,active world files
/mobs/3572/,src/pages/mobs/[vnum].astro,mobs,generated world-file record,3,template-and-sample QA,,engine data,engine,active world files
/mobs/3573.json,src/pages/mobs/[vnum].json.ts,agent-json,generated machine-readable record,3,schema-and-sample QA,,engine data,engine,active world files
/mobs/3573/,src/pages/mobs/[vnum].astro,mobs,generated world-file record,3,template-and-sample QA,,engine data,engine,active world files
/mobs/3574.json,src/pages/mobs/[vnum].json.ts,agent-json,generated machine-readable record,3,schema-and-sample QA,,engine data,engine,active world files
/mobs/3574/,src/pages/mobs/[vnum].astro,mobs,generated world-file record,3,template-and-sample QA,,engine data,engine,active world files
/mobs/3575.json,src/pages/mobs/[vnum].json.ts,agent-json,generated machine-readable record,3,schema-and-sample QA,,engine data,engine,active world files
/mobs/3575/,src/pages/mobs/[vnum].astro,mobs,generated world-file record,3,template-and-sample QA,,engine data,engine,active world files
/mobs/4.json,src/pages/mobs/[vnum].json.ts,agent-json,generated machine-readable record,3,schema-and-sample QA,,engine data,engine,active world files
/mobs/4/,src/pages/mobs/[vnum].astro,mobs,generated world-file record,3,template-and-sample QA,,engine data,engine,active world files
/mobs/4101.json,src/pages/mobs/[vnum].json.ts,agent-json,generated machine-readable record,3,schema-and-sample QA,,engine data,engine,active world files
/mobs/4101/,src/pages/mobs/[vnum].astro,mobs,generated world-file record,3,template-and-sample QA,,engine data,engine,active world files
/mobs/4102.json,src/pages/mobs/[vnum].json.ts,agent-json,generated machine-readable record,3,schema-and-sample QA,,engine data,engine,active world files
/mobs/4102/,src/pages/mobs/[vnum].astro,mobs,generated world-file record,3,template-and-sample QA,,engine data,engine,active world files
/mobs/4103.json,src/pages/mobs/[vnum].json.ts,agent-json,generated machine-readable record,3,schema-and-sample QA,,engine data,engine,active world files
/mobs/4103/,src/pages/mobs/[vnum].astro,mobs,generated world-file record,3,template-and-sample QA,,engine data,engine,active world files
/mobs/4104.json,src/pages/mobs/[vnum].json.ts,agent-json,generated machine-readable record,3,schema-and-sample QA,,engine data,engine,active world files
/mobs/4104/,src/pages/mobs/[vnum].astro,mobs,generated world-file record,3,template-and-sample QA,,engine data,engine,active world files
/mobs/4105.json,src/pages/mobs/[vnum].json.ts,agent-json,generated machine-readable record,3,schema-and-sample QA,,engine data,engine,active world files
/mobs/4105/,src/pages/mobs/[vnum].astro,mobs,generated world-file record,3,template-and-sample QA,,engine data,engine,active world files
/mobs/4106.json,src/pages/mobs/[vnum].json.ts,agent-json,generated machine-readable record,3,schema-and-sample QA,,engine data,engine,active world files
/mobs/4106/,src/pages/mobs/[vnum].astro,mobs,generated world-file record,3,template-and-sample QA,,engine data,engine,active world files
/mobs/4107.json,src/pages/mobs/[vnum].json.ts,agent-json,generated machine-readable record,3,schema-and-sample QA,,engine data,engine,active world files
/mobs/4107/,src/pages/mobs/[vnum].astro,mobs,generated world-file record,3,template-and-sample QA,,engine data,engine,active world files
/mobs/4201.json,src/pages/mobs/[vnum].json.ts,agent-json,generated machine-readable record,3,schema-and-sample QA,,engine data,engine,active world files
/mobs/4201/,src/pages/mobs/[vnum].astro,mobs,generated world-file record,3,template-and-sample QA,,engine data,engine,active world files
/mobs/4202.json,src/pages/mobs/[vnum].json.ts,agent-json,generated machine-readable record,3,schema-and-sample QA,,engine data,engine,active world files
/mobs/4202/,src/pages/mobs/[vnum].astro,mobs,generated world-file record,3,template-and-sample QA,,engine data,engine,active world files
/mobs/4203.json,src/pages/mobs/[vnum].json.ts,agent-json,generated machine-readable record,3,schema-and-sample QA,,engine data,engine,active world files
/mobs/4203/,src/pages/mobs/[vnum].astro,mobs,generated world-file record,3,template-and-sample QA,,engine data,engine,active world files
/mobs/4204.json,src/pages/mobs/[vnum].json.ts,agent-json,generated machine-readable record,3,schema-and-sample QA,,engine data,engine,active world files
/mobs/4204/,src/pages/mobs/[vnum].astro,mobs,generated world-file record,3,template-and-sample QA,,engine data,engine,active world files
/mobs/4205.json,src/pages/mobs/[vnum].json.ts,agent-json,generated machine-readable record,3,schema-and-sample QA,,engine data,engine,active world files
/mobs/4205/,src/pages/mobs/[vnum].astro,mobs,generated world-file record,3,template-and-sample QA,,engine data,engine,active world files
/mobs/4206.json,src/pages/mobs/[vnum].json.ts,agent-json,generated machine-readable record,3,schema-and-sample QA,,engine data,engine,active world files
/mobs/4206/,src/pages/mobs/[vnum].astro,mobs,generated world-file record,3,template-and-sample QA,,engine data,engine,active world files
/mobs/4207.json,src/pages/mobs/[vnum].json.ts,agent-json,generated machine-readable record,3,schema-and-sample QA,,engine data,engine,active world files
/mobs/4207/,src/pages/mobs/[vnum].astro,mobs,generated world-file record,3,template-and-sample QA,,engine data,engine,active world files
/mobs/4208.json,src/pages/mobs/[vnum].json.ts,agent-json,generated machine-readable record,3,schema-and-sample QA,,engine data,engine,active world files
/mobs/4208/,src/pages/mobs/[vnum].astro,mobs,generated world-file record,3,template-and-sample QA,,engine data,engine,active world files
/mobs/4209.json,src/pages/mobs/[vnum].json.ts,agent-json,generated machine-readable record,3,schema-and-sample QA,,engine data,engine,active world files
/mobs/4209/,src/pages/mobs/[vnum].astro,mobs,generated world-file record,3,template-and-sample QA,,engine data,engine,active world files
/mobs/4210.json,src/pages/mobs/[vnum].json.ts,agent-json,generated machine-readable record,3,schema-and-sample QA,,engine data,engine,active world files
/mobs/4210/,src/pages/mobs/[vnum].astro,mobs,generated world-file record,3,template-and-sample QA,,engine data,engine,active world files
/mobs/4211.json,src/pages/mobs/[vnum].json.ts,agent-json,generated machine-readable record,3,schema-and-sample QA,,engine data,engine,active world files
/mobs/4211/,src/pages/mobs/[vnum].astro,mobs,generated world-file record,3,template-and-sample QA,,engine data,engine,active world files
/mobs/4212.json,src/pages/mobs/[vnum].json.ts,agent-json,generated machine-readable record,3,schema-and-sample QA,,engine data,engine,active world files
/mobs/4212/,src/pages/mobs/[vnum].astro,mobs,generated world-file record,3,template-and-sample QA,,engine data,engine,active world files
/mobs/4213.json,src/pages/mobs/[vnum].json.ts,agent-json,generated machine-readable record,3,schema-and-sample QA,,engine data,engine,active world files
/mobs/4213/,src/pages/mobs/[vnum].astro,mobs,generated world-file record,3,template-and-sample QA,,engine data,engine,active world files
/mobs/4214.json,src/pages/mobs/[vnum].json.ts,agent-json,generated machine-readable record,3,schema-and-sample QA,,engine data,engine,active world files
/mobs/4214/,src/pages/mobs/[vnum].astro,mobs,generated world-file record,3,template-and-sample QA,,engine data,engine,active world files
/mobs/4300.json,src/pages/mobs/[vnum].json.ts,agent-json,generated machine-readable record,3,schema-and-sample QA,,engine data,engine,active world files
/mobs/4300/,src/pages/mobs/[vnum].astro,mobs,generated world-file record,3,template-and-sample QA,,engine data,engine,active world files
/mobs/4301.json,src/pages/mobs/[vnum].json.ts,agent-json,generated machine-readable record,3,schema-and-sample QA,,engine data,engine,active world files
/mobs/4301/,src/pages/mobs/[vnum].astro,mobs,generated world-file record,3,template-and-sample QA,,engine data,engine,active world files
/mobs/4302.json,src/pages/mobs/[vnum].json.ts,agent-json,generated machine-readable record,3,schema-and-sample QA,,engine data,engine,active world files
/mobs/4302/,src/pages/mobs/[vnum].astro,mobs,generated world-file record,3,template-and-sample QA,,engine data,engine,active world files
/mobs/4303.json,src/pages/mobs/[vnum].json.ts,agent-json,generated machine-readable record,3,schema-and-sample QA,,engine data,engine,active world files
/mobs/4303/,src/pages/mobs/[vnum].astro,mobs,generated world-file record,3,template-and-sample QA,,engine data,engine,active world files
/mobs/4304.json,src/pages/mobs/[vnum].json.ts,agent-json,generated machine-readable record,3,schema-and-sample QA,,engine data,engine,active world files
/mobs/4304/,src/pages/mobs/[vnum].astro,mobs,generated world-file record,3,template-and-sample QA,,engine data,engine,active world files
/mobs/4305.json,src/pages/mobs/[vnum].json.ts,agent-json,generated machine-readable record,3,schema-and-sample QA,,engine data,engine,active world files
/mobs/4305/,src/pages/mobs/[vnum].astro,mobs,generated world-file record,3,template-and-sample QA,,engine data,engine,active world files
/mobs/4306.json,src/pages/mobs/[vnum].json.ts,agent-json,generated machine-readable record,3,schema-and-sample QA,,engine data,engine,active world files
/mobs/4306/,src/pages/mobs/[vnum].astro,mobs,generated world-file record,3,template-and-sample QA,,engine data,engine,active world files
/mobs/4307.json,src/pages/mobs/[vnum].json.ts,agent-json,generated machine-readable record,3,schema-and-sample QA,,engine data,engine,active world files
/mobs/4307/,src/pages/mobs/[vnum].astro,mobs,generated world-file record,3,template-and-sample QA,,engine data,engine,active world files
/mobs/4308.json,src/pages/mobs/[vnum].json.ts,agent-json,generated machine-readable record,3,schema-and-sample QA,,engine data,engine,active world files
/mobs/4308/,src/pages/mobs/[vnum].astro,mobs,generated world-file record,3,template-and-sample QA,,engine data,engine,active world files
/mobs/4309.json,src/pages/mobs/[vnum].json.ts,agent-json,generated machine-readable record,3,schema-and-sample QA,,engine data,engine,active world files
/mobs/4309/,src/pages/mobs/[vnum].astro,mobs,generated world-file record,3,template-and-sample QA,,engine data,engine,active world files
/mobs/4310.json,src/pages/mobs/[vnum].json.ts,agent-json,generated machine-readable record,3,schema-and-sample QA,,engine data,engine,active world files
/mobs/4310/,src/pages/mobs/[vnum].astro,mobs,generated world-file record,3,template-and-sample QA,,engine data,engine,active world files
/mobs/4311.json,src/pages/mobs/[vnum].json.ts,agent-json,generated machine-readable record,3,schema-and-sample QA,,engine data,engine,active world files
/mobs/4311/,src/pages/mobs/[vnum].astro,mobs,generated world-file record,3,template-and-sample QA,,engine data,engine,active world files
/mobs/4312.json,src/pages/mobs/[vnum].json.ts,agent-json,generated machine-readable record,3,schema-and-sample QA,,engine data,engine,active world files
/mobs/4312/,src/pages/mobs/[vnum].astro,mobs,generated world-file record,3,template-and-sample QA,,engine data,engine,active world files
/mobs/4313.json,src/pages/mobs/[vnum].json.ts,agent-json,generated machine-readable record,3,schema-and-sample QA,,engine data,engine,active world files
/mobs/4313/,src/pages/mobs/[vnum].astro,mobs,generated world-file record,3,template-and-sample QA,,engine data,engine,active world files
/mobs/4314.json,src/pages/mobs/[vnum].json.ts,agent-json,generated machine-readable record,3,schema-and-sample QA,,engine data,engine,active world files
/mobs/4314/,src/pages/mobs/[vnum].astro,mobs,generated world-file record,3,template-and-sample QA,,engine data,engine,active world files
/mobs/4316.json,src/pages/mobs/[vnum].json.ts,agent-json,generated machine-readable record,3,schema-and-sample QA,,engine data,engine,active world files
/mobs/4316/,src/pages/mobs/[vnum].astro,mobs,generated world-file record,3,template-and-sample QA,,engine data,engine,active world files
/mobs/4318.json,src/pages/mobs/[vnum].json.ts,agent-json,generated machine-readable record,3,schema-and-sample QA,,engine data,engine,active world files
/mobs/4318/,src/pages/mobs/[vnum].astro,mobs,generated world-file record,3,template-and-sample QA,,engine data,engine,active world files
/mobs/4319.json,src/pages/mobs/[vnum].json.ts,agent-json,generated machine-readable record,3,schema-and-sample QA,,engine data,engine,active world files
/mobs/4319/,src/pages/mobs/[vnum].astro,mobs,generated world-file record,3,template-and-sample QA,,engine data,engine,active world files
/mobs/4320.json,src/pages/mobs/[vnum].json.ts,agent-json,generated machine-readable record,3,schema-and-sample QA,,engine data,engine,active world files
/mobs/4320/,src/pages/mobs/[vnum].astro,mobs,generated world-file record,3,template-and-sample QA,,engine data,engine,active world files
/mobs/4321.json,src/pages/mobs/[vnum].json.ts,agent-json,generated machine-readable record,3,schema-and-sample QA,,engine data,engine,active world files
/mobs/4321/,src/pages/mobs/[vnum].astro,mobs,generated world-file record,3,template-and-sample QA,,engine data,engine,active world files
/mobs/4322.json,src/pages/mobs/[vnum].json.ts,agent-json,generated machine-readable record,3,schema-and-sample QA,,engine data,engine,active world files
/mobs/4322/,src/pages/mobs/[vnum].astro,mobs,generated world-file record,3,template-and-sample QA,,engine data,engine,active world files
/mobs/4323.json,src/pages/mobs/[vnum].json.ts,agent-json,generated machine-readable record,3,schema-and-sample QA,,engine data,engine,active world files
/mobs/4323/,src/pages/mobs/[vnum].astro,mobs,generated world-file record,3,template-and-sample QA,,engine data,engine,active world files
/mobs/4324.json,src/pages/mobs/[vnum].json.ts,agent-json,generated machine-readable record,3,schema-and-sample QA,,engine data,engine,active world files
/mobs/4324/,src/pages/mobs/[vnum].astro,mobs,generated world-file record,3,template-and-sample QA,,engine data,engine,active world files
/mobs/4325.json,src/pages/mobs/[vnum].json.ts,agent-json,generated machine-readable record,3,schema-and-sample QA,,engine data,engine,active world files
/mobs/4325/,src/pages/mobs/[vnum].astro,mobs,generated world-file record,3,template-and-sample QA,,engine data,engine,active world files
/mobs/4326.json,src/pages/mobs/[vnum].json.ts,agent-json,generated machine-readable record,3,schema-and-sample QA,,engine data,engine,active world files
/mobs/4326/,src/pages/mobs/[vnum].astro,mobs,generated world-file record,3,template-and-sample QA,,engine data,engine,active world files
/mobs/4327.json,src/pages/mobs/[vnum].json.ts,agent-json,generated machine-readable record,3,schema-and-sample QA,,engine data,engine,active world files
/mobs/4327/,src/pages/mobs/[vnum].astro,mobs,generated world-file record,3,template-and-sample QA,,engine data,engine,active world files
/mobs/4328.json,src/pages/mobs/[vnum].json.ts,agent-json,generated machine-readable record,3,schema-and-sample QA,,engine data,engine,active world files
/mobs/4328/,src/pages/mobs/[vnum].astro,mobs,generated world-file record,3,template-and-sample QA,,engine data,engine,active world files
/mobs/4329.json,src/pages/mobs/[vnum].json.ts,agent-json,generated machine-readable record,3,schema-and-sample QA,,engine data,engine,active world files
/mobs/4329/,src/pages/mobs/[vnum].astro,mobs,generated world-file record,3,template-and-sample QA,,engine data,engine,active world files
/mobs/4331.json,src/pages/mobs/[vnum].json.ts,agent-json,generated machine-readable record,3,schema-and-sample QA,,engine data,engine,active world files
/mobs/4331/,src/pages/mobs/[vnum].astro,mobs,generated world-file record,3,template-and-sample QA,,engine data,engine,active world files
/mobs/4332.json,src/pages/mobs/[vnum].json.ts,agent-json,generated machine-readable record,3,schema-and-sample QA,,engine data,engine,active world files
/mobs/4332/,src/pages/mobs/[vnum].astro,mobs,generated world-file record,3,template-and-sample QA,,engine data,engine,active world files
/mobs/4333.json,src/pages/mobs/[vnum].json.ts,agent-json,generated machine-readable record,3,schema-and-sample QA,,engine data,engine,active world files
/mobs/4333/,src/pages/mobs/[vnum].astro,mobs,generated world-file record,3,template-and-sample QA,,engine data,engine,active world files
/mobs/4334.json,src/pages/mobs/[vnum].json.ts,agent-json,generated machine-readable record,3,schema-and-sample QA,,engine data,engine,active world files
/mobs/4334/,src/pages/mobs/[vnum].astro,mobs,generated world-file record,3,template-and-sample QA,,engine data,engine,active world files
/mobs/4335.json,src/pages/mobs/[vnum].json.ts,agent-json,generated machine-readable record,3,schema-and-sample QA,,engine data,engine,active world files
/mobs/4335/,src/pages/mobs/[vnum].astro,mobs,generated world-file record,3,template-and-sample QA,,engine data,engine,active world files
/mobs/4336.json,src/pages/mobs/[vnum].json.ts,agent-json,generated machine-readable record,3,schema-and-sample QA,,engine data,engine,active world files
/mobs/4336/,src/pages/mobs/[vnum].astro,mobs,generated world-file record,3,template-and-sample QA,,engine data,engine,active world files
/mobs/4337.json,src/pages/mobs/[vnum].json.ts,agent-json,generated machine-readable record,3,schema-and-sample QA,,engine data,engine,active world files
/mobs/4337/,src/pages/mobs/[vnum].astro,mobs,generated world-file record,3,template-and-sample QA,,engine data,engine,active world files
/mobs/4338.json,src/pages/mobs/[vnum].json.ts,agent-json,generated machine-readable record,3,schema-and-sample QA,,engine data,engine,active world files
/mobs/4338/,src/pages/mobs/[vnum].astro,mobs,generated world-file record,3,template-and-sample QA,,engine data,engine,active world files
/mobs/4339.json,src/pages/mobs/[vnum].json.ts,agent-json,generated machine-readable record,3,schema-and-sample QA,,engine data,engine,active world files
/mobs/4339/,src/pages/mobs/[vnum].astro,mobs,generated world-file record,3,template-and-sample QA,,engine data,engine,active world files
/mobs/4340.json,src/pages/mobs/[vnum].json.ts,agent-json,generated machine-readable record,3,schema-and-sample QA,,engine data,engine,active world files
/mobs/4340/,src/pages/mobs/[vnum].astro,mobs,generated world-file record,3,template-and-sample QA,,engine data,engine,active world files
/mobs/4341.json,src/pages/mobs/[vnum].json.ts,agent-json,generated machine-readable record,3,schema-and-sample QA,,engine data,engine,active world files
/mobs/4341/,src/pages/mobs/[vnum].astro,mobs,generated world-file record,3,template-and-sample QA,,engine data,engine,active world files
/mobs/4342.json,src/pages/mobs/[vnum].json.ts,agent-json,generated machine-readable record,3,schema-and-sample QA,,engine data,engine,active world files
/mobs/4342/,src/pages/mobs/[vnum].astro,mobs,generated world-file record,3,template-and-sample QA,,engine data,engine,active world files
/mobs/4343.json,src/pages/mobs/[vnum].json.ts,agent-json,generated machine-readable record,3,schema-and-sample QA,,engine data,engine,active world files
/mobs/4343/,src/pages/mobs/[vnum].astro,mobs,generated world-file record,3,template-and-sample QA,,engine data,engine,active world files
/mobs/4350.json,src/pages/mobs/[vnum].json.ts,agent-json,generated machine-readable record,3,schema-and-sample QA,,engine data,engine,active world files
/mobs/4350/,src/pages/mobs/[vnum].astro,mobs,generated world-file record,3,template-and-sample QA,,engine data,engine,active world files
/mobs/4500.json,src/pages/mobs/[vnum].json.ts,agent-json,generated machine-readable record,3,schema-and-sample QA,,engine data,engine,active world files
/mobs/4500/,src/pages/mobs/[vnum].astro,mobs,generated world-file record,3,template-and-sample QA,,engine data,engine,active world files
/mobs/4501.json,src/pages/mobs/[vnum].json.ts,agent-json,generated machine-readable record,3,schema-and-sample QA,,engine data,engine,active world files
/mobs/4501/,src/pages/mobs/[vnum].astro,mobs,generated world-file record,3,template-and-sample QA,,engine data,engine,active world files
/mobs/4502.json,src/pages/mobs/[vnum].json.ts,agent-json,generated machine-readable record,3,schema-and-sample QA,,engine data,engine,active world files
/mobs/4502/,src/pages/mobs/[vnum].astro,mobs,generated world-file record,3,template-and-sample QA,,engine data,engine,active world files
/mobs/4503.json,src/pages/mobs/[vnum].json.ts,agent-json,generated machine-readable record,3,schema-and-sample QA,,engine data,engine,active world files
/mobs/4503/,src/pages/mobs/[vnum].astro,mobs,generated world-file record,3,template-and-sample QA,,engine data,engine,active world files
/mobs/4504.json,src/pages/mobs/[vnum].json.ts,agent-json,generated machine-readable record,3,schema-and-sample QA,,engine data,engine,active world files
/mobs/4504/,src/pages/mobs/[vnum].astro,mobs,generated world-file record,3,template-and-sample QA,,engine data,engine,active world files
/mobs/4505.json,src/pages/mobs/[vnum].json.ts,agent-json,generated machine-readable record,3,schema-and-sample QA,,engine data,engine,active world files
/mobs/4505/,src/pages/mobs/[vnum].astro,mobs,generated world-file record,3,template-and-sample QA,,engine data,engine,active world files
/mobs/4506.json,src/pages/mobs/[vnum].json.ts,agent-json,generated machine-readable record,3,schema-and-sample QA,,engine data,engine,active world files
/mobs/4506/,src/pages/mobs/[vnum].astro,mobs,generated world-file record,3,template-and-sample QA,,engine data,engine,active world files
/mobs/4600.json,src/pages/mobs/[vnum].json.ts,agent-json,generated machine-readable record,3,schema-and-sample QA,,engine data,engine,active world files
/mobs/4600/,src/pages/mobs/[vnum].astro,mobs,generated world-file record,3,template-and-sample QA,,engine data,engine,active world files
/mobs/4601.json,src/pages/mobs/[vnum].json.ts,agent-json,generated machine-readable record,3,schema-and-sample QA,,engine data,engine,active world files
/mobs/4601/,src/pages/mobs/[vnum].astro,mobs,generated world-file record,3,template-and-sample QA,,engine data,engine,active world files
/mobs/4602.json,src/pages/mobs/[vnum].json.ts,agent-json,generated machine-readable record,3,schema-and-sample QA,,engine data,engine,active world files
/mobs/4602/,src/pages/mobs/[vnum].astro,mobs,generated world-file record,3,template-and-sample QA,,engine data,engine,active world files
/mobs/4603.json,src/pages/mobs/[vnum].json.ts,agent-json,generated machine-readable record,3,schema-and-sample QA,,engine data,engine,active world files
/mobs/4603/,src/pages/mobs/[vnum].astro,mobs,generated world-file record,3,template-and-sample QA,,engine data,engine,active world files
/mobs/4604.json,src/pages/mobs/[vnum].json.ts,agent-json,generated machine-readable record,3,schema-and-sample QA,,engine data,engine,active world files
/mobs/4604/,src/pages/mobs/[vnum].astro,mobs,generated world-file record,3,template-and-sample QA,,engine data,engine,active world files
/mobs/4605.json,src/pages/mobs/[vnum].json.ts,agent-json,generated machine-readable record,3,schema-and-sample QA,,engine data,engine,active world files
/mobs/4605/,src/pages/mobs/[vnum].astro,mobs,generated world-file record,3,template-and-sample QA,,engine data,engine,active world files
/mobs/4606.json,src/pages/mobs/[vnum].json.ts,agent-json,generated machine-readable record,3,schema-and-sample QA,,engine data,engine,active world files
/mobs/4606/,src/pages/mobs/[vnum].astro,mobs,generated world-file record,3,template-and-sample QA,,engine data,engine,active world files
/mobs/4607.json,src/pages/mobs/[vnum].json.ts,agent-json,generated machine-readable record,3,schema-and-sample QA,,engine data,engine,active world files
/mobs/4607/,src/pages/mobs/[vnum].astro,mobs,generated world-file record,3,template-and-sample QA,,engine data,engine,active world files
/mobs/4608.json,src/pages/mobs/[vnum].json.ts,agent-json,generated machine-readable record,3,schema-and-sample QA,,engine data,engine,active world files
/mobs/4608/,src/pages/mobs/[vnum].astro,mobs,generated world-file record,3,template-and-sample QA,,engine data,engine,active world files
/mobs/4609.json,src/pages/mobs/[vnum].json.ts,agent-json,generated machine-readable record,3,schema-and-sample QA,,engine data,engine,active world files
/mobs/4609/,src/pages/mobs/[vnum].astro,mobs,generated world-file record,3,template-and-sample QA,,engine data,engine,active world files
/mobs/4610.json,src/pages/mobs/[vnum].json.ts,agent-json,generated machine-readable record,3,schema-and-sample QA,,engine data,engine,active world files
/mobs/4610/,src/pages/mobs/[vnum].astro,mobs,generated world-file record,3,template-and-sample QA,,engine data,engine,active world files
/mobs/4611.json,src/pages/mobs/[vnum].json.ts,agent-json,generated machine-readable record,3,schema-and-sample QA,,engine data,engine,active world files
/mobs/4611/,src/pages/mobs/[vnum].astro,mobs,generated world-file record,3,template-and-sample QA,,engine data,engine,active world files
/mobs/4612.json,src/pages/mobs/[vnum].json.ts,agent-json,generated machine-readable record,3,schema-and-sample QA,,engine data,engine,active world files
/mobs/4612/,src/pages/mobs/[vnum].astro,mobs,generated world-file record,3,template-and-sample QA,,engine data,engine,active world files
/mobs/4613.json,src/pages/mobs/[vnum].json.ts,agent-json,generated machine-readable record,3,schema-and-sample QA,,engine data,engine,active world files
/mobs/4613/,src/pages/mobs/[vnum].astro,mobs,generated world-file record,3,template-and-sample QA,,engine data,engine,active world files
/mobs/4614.json,src/pages/mobs/[vnum].json.ts,agent-json,generated machine-readable record,3,schema-and-sample QA,,engine data,engine,active world files
/mobs/4614/,src/pages/mobs/[vnum].astro,mobs,generated world-file record,3,template-and-sample QA,,engine data,engine,active world files
/mobs/4615.json,src/pages/mobs/[vnum].json.ts,agent-json,generated machine-readable record,3,schema-and-sample QA,,engine data,engine,active world files
/mobs/4615/,src/pages/mobs/[vnum].astro,mobs,generated world-file record,3,template-and-sample QA,,engine data,engine,active world files
/mobs/4616.json,src/pages/mobs/[vnum].json.ts,agent-json,generated machine-readable record,3,schema-and-sample QA,,engine data,engine,active world files
/mobs/4616/,src/pages/mobs/[vnum].astro,mobs,generated world-file record,3,template-and-sample QA,,engine data,engine,active world files
/mobs/4617.json,src/pages/mobs/[vnum].json.ts,agent-json,generated machine-readable record,3,schema-and-sample QA,,engine data,engine,active world files
/mobs/4617/,src/pages/mobs/[vnum].astro,mobs,generated world-file record,3,template-and-sample QA,,engine data,engine,active world files
/mobs/4701.json,src/pages/mobs/[vnum].json.ts,agent-json,generated machine-readable record,3,schema-and-sample QA,,engine data,engine,active world files
/mobs/4701/,src/pages/mobs/[vnum].astro,mobs,generated world-file record,3,template-and-sample QA,,engine data,engine,active world files
/mobs/4702.json,src/pages/mobs/[vnum].json.ts,agent-json,generated machine-readable record,3,schema-and-sample QA,,engine data,engine,active world files
/mobs/4702/,src/pages/mobs/[vnum].astro,mobs,generated world-file record,3,template-and-sample QA,,engine data,engine,active world files
/mobs/4703.json,src/pages/mobs/[vnum].json.ts,agent-json,generated machine-readable record,3,schema-and-sample QA,,engine data,engine,active world files
/mobs/4703/,src/pages/mobs/[vnum].astro,mobs,generated world-file record,3,template-and-sample QA,,engine data,engine,active world files
/mobs/4704.json,src/pages/mobs/[vnum].json.ts,agent-json,generated machine-readable record,3,schema-and-sample QA,,engine data,engine,active world files
/mobs/4704/,src/pages/mobs/[vnum].astro,mobs,generated world-file record,3,template-and-sample QA,,engine data,engine,active world files
/mobs/4705.json,src/pages/mobs/[vnum].json.ts,agent-json,generated machine-readable record,3,schema-and-sample QA,,engine data,engine,active world files
/mobs/4705/,src/pages/mobs/[vnum].astro,mobs,generated world-file record,3,template-and-sample QA,,engine data,engine,active world files
/mobs/4706.json,src/pages/mobs/[vnum].json.ts,agent-json,generated machine-readable record,3,schema-and-sample QA,,engine data,engine,active world files
/mobs/4706/,src/pages/mobs/[vnum].astro,mobs,generated world-file record,3,template-and-sample QA,,engine data,engine,active world files
/mobs/4707.json,src/pages/mobs/[vnum].json.ts,agent-json,generated machine-readable record,3,schema-and-sample QA,,engine data,engine,active world files
/mobs/4707/,src/pages/mobs/[vnum].astro,mobs,generated world-file record,3,template-and-sample QA,,engine data,engine,active world files
/mobs/4708.json,src/pages/mobs/[vnum].json.ts,agent-json,generated machine-readable record,3,schema-and-sample QA,,engine data,engine,active world files
/mobs/4708/,src/pages/mobs/[vnum].astro,mobs,generated world-file record,3,template-and-sample QA,,engine data,engine,active world files
/mobs/4709.json,src/pages/mobs/[vnum].json.ts,agent-json,generated machine-readable record,3,schema-and-sample QA,,engine data,engine,active world files
/mobs/4709/,src/pages/mobs/[vnum].astro,mobs,generated world-file record,3,template-and-sample QA,,engine data,engine,active world files
/mobs/4710.json,src/pages/mobs/[vnum].json.ts,agent-json,generated machine-readable record,3,schema-and-sample QA,,engine data,engine,active world files
/mobs/4710/,src/pages/mobs/[vnum].astro,mobs,generated world-file record,3,template-and-sample QA,,engine data,engine,active world files
/mobs/4800.json,src/pages/mobs/[vnum].json.ts,agent-json,generated machine-readable record,3,schema-and-sample QA,,engine data,engine,active world files
/mobs/4800/,src/pages/mobs/[vnum].astro,mobs,generated world-file record,3,template-and-sample QA,,engine data,engine,active world files
/mobs/4801.json,src/pages/mobs/[vnum].json.ts,agent-json,generated machine-readable record,3,schema-and-sample QA,,engine data,engine,active world files
/mobs/4801/,src/pages/mobs/[vnum].astro,mobs,generated world-file record,3,template-and-sample QA,,engine data,engine,active world files
/mobs/4802.json,src/pages/mobs/[vnum].json.ts,agent-json,generated machine-readable record,3,schema-and-sample QA,,engine data,engine,active world files
/mobs/4802/,src/pages/mobs/[vnum].astro,mobs,generated world-file record,3,template-and-sample QA,,engine data,engine,active world files
/mobs/4804.json,src/pages/mobs/[vnum].json.ts,agent-json,generated machine-readable record,3,schema-and-sample QA,,engine data,engine,active world files
/mobs/4804/,src/pages/mobs/[vnum].astro,mobs,generated world-file record,3,template-and-sample QA,,engine data,engine,active world files
/mobs/4805.json,src/pages/mobs/[vnum].json.ts,agent-json,generated machine-readable record,3,schema-and-sample QA,,engine data,engine,active world files
/mobs/4805/,src/pages/mobs/[vnum].astro,mobs,generated world-file record,3,template-and-sample QA,,engine data,engine,active world files
/mobs/4806.json,src/pages/mobs/[vnum].json.ts,agent-json,generated machine-readable record,3,schema-and-sample QA,,engine data,engine,active world files
/mobs/4806/,src/pages/mobs/[vnum].astro,mobs,generated world-file record,3,template-and-sample QA,,engine data,engine,active world files
/mobs/4807.json,src/pages/mobs/[vnum].json.ts,agent-json,generated machine-readable record,3,schema-and-sample QA,,engine data,engine,active world files
/mobs/4807/,src/pages/mobs/[vnum].astro,mobs,generated world-file record,3,template-and-sample QA,,engine data,engine,active world files
/mobs/4808.json,src/pages/mobs/[vnum].json.ts,agent-json,generated machine-readable record,3,schema-and-sample QA,,engine data,engine,active world files
/mobs/4808/,src/pages/mobs/[vnum].astro,mobs,generated world-file record,3,template-and-sample QA,,engine data,engine,active world files
/mobs/4809.json,src/pages/mobs/[vnum].json.ts,agent-json,generated machine-readable record,3,schema-and-sample QA,,engine data,engine,active world files
/mobs/4809/,src/pages/mobs/[vnum].astro,mobs,generated world-file record,3,template-and-sample QA,,engine data,engine,active world files
/mobs/4811.json,src/pages/mobs/[vnum].json.ts,agent-json,generated machine-readable record,3,schema-and-sample QA,,engine data,engine,active world files
/mobs/4811/,src/pages/mobs/[vnum].astro,mobs,generated world-file record,3,template-and-sample QA,,engine data,engine,active world files
/mobs/4812.json,src/pages/mobs/[vnum].json.ts,agent-json,generated machine-readable record,3,schema-and-sample QA,,engine data,engine,active world files
/mobs/4812/,src/pages/mobs/[vnum].astro,mobs,generated world-file record,3,template-and-sample QA,,engine data,engine,active world files
/mobs/4813.json,src/pages/mobs/[vnum].json.ts,agent-json,generated machine-readable record,3,schema-and-sample QA,,engine data,engine,active world files
/mobs/4813/,src/pages/mobs/[vnum].astro,mobs,generated world-file record,3,template-and-sample QA,,engine data,engine,active world files
/mobs/4814.json,src/pages/mobs/[vnum].json.ts,agent-json,generated machine-readable record,3,schema-and-sample QA,,engine data,engine,active world files
/mobs/4814/,src/pages/mobs/[vnum].astro,mobs,generated world-file record,3,template-and-sample QA,,engine data,engine,active world files
/mobs/4815.json,src/pages/mobs/[vnum].json.ts,agent-json,generated machine-readable record,3,schema-and-sample QA,,engine data,engine,active world files
/mobs/4815/,src/pages/mobs/[vnum].astro,mobs,generated world-file record,3,template-and-sample QA,,engine data,engine,active world files
/mobs/4816.json,src/pages/mobs/[vnum].json.ts,agent-json,generated machine-readable record,3,schema-and-sample QA,,engine data,engine,active world files
/mobs/4816/,src/pages/mobs/[vnum].astro,mobs,generated world-file record,3,template-and-sample QA,,engine data,engine,active world files
/mobs/4817.json,src/pages/mobs/[vnum].json.ts,agent-json,generated machine-readable record,3,schema-and-sample QA,,engine data,engine,active world files
/mobs/4817/,src/pages/mobs/[vnum].astro,mobs,generated world-file record,3,template-and-sample QA,,engine data,engine,active world files
/mobs/4818.json,src/pages/mobs/[vnum].json.ts,agent-json,generated machine-readable record,3,schema-and-sample QA,,engine data,engine,active world files
/mobs/4818/,src/pages/mobs/[vnum].astro,mobs,generated world-file record,3,template-and-sample QA,,engine data,engine,active world files
/mobs/4819.json,src/pages/mobs/[vnum].json.ts,agent-json,generated machine-readable record,3,schema-and-sample QA,,engine data,engine,active world files
/mobs/4819/,src/pages/mobs/[vnum].astro,mobs,generated world-file record,3,template-and-sample QA,,engine data,engine,active world files
/mobs/4820.json,src/pages/mobs/[vnum].json.ts,agent-json,generated machine-readable record,3,schema-and-sample QA,,engine data,engine,active world files
/mobs/4820/,src/pages/mobs/[vnum].astro,mobs,generated world-file record,3,template-and-sample QA,,engine data,engine,active world files
/mobs/4821.json,src/pages/mobs/[vnum].json.ts,agent-json,generated machine-readable record,3,schema-and-sample QA,,engine data,engine,active world files
/mobs/4821/,src/pages/mobs/[vnum].astro,mobs,generated world-file record,3,template-and-sample QA,,engine data,engine,active world files
/mobs/4822.json,src/pages/mobs/[vnum].json.ts,agent-json,generated machine-readable record,3,schema-and-sample QA,,engine data,engine,active world files
/mobs/4822/,src/pages/mobs/[vnum].astro,mobs,generated world-file record,3,template-and-sample QA,,engine data,engine,active world files
/mobs/4823.json,src/pages/mobs/[vnum].json.ts,agent-json,generated machine-readable record,3,schema-and-sample QA,,engine data,engine,active world files
/mobs/4823/,src/pages/mobs/[vnum].astro,mobs,generated world-file record,3,template-and-sample QA,,engine data,engine,active world files
/mobs/4824.json,src/pages/mobs/[vnum].json.ts,agent-json,generated machine-readable record,3,schema-and-sample QA,,engine data,engine,active world files
/mobs/4824/,src/pages/mobs/[vnum].astro,mobs,generated world-file record,3,template-and-sample QA,,engine data,engine,active world files
/mobs/4825.json,src/pages/mobs/[vnum].json.ts,agent-json,generated machine-readable record,3,schema-and-sample QA,,engine data,engine,active world files
/mobs/4825/,src/pages/mobs/[vnum].astro,mobs,generated world-file record,3,template-and-sample QA,,engine data,engine,active world files
/mobs/4826.json,src/pages/mobs/[vnum].json.ts,agent-json,generated machine-readable record,3,schema-and-sample QA,,engine data,engine,active world files
/mobs/4826/,src/pages/mobs/[vnum].astro,mobs,generated world-file record,3,template-and-sample QA,,engine data,engine,active world files
/mobs/4827.json,src/pages/mobs/[vnum].json.ts,agent-json,generated machine-readable record,3,schema-and-sample QA,,engine data,engine,active world files
/mobs/4827/,src/pages/mobs/[vnum].astro,mobs,generated world-file record,3,template-and-sample QA,,engine data,engine,active world files
/mobs/4828.json,src/pages/mobs/[vnum].json.ts,agent-json,generated machine-readable record,3,schema-and-sample QA,,engine data,engine,active world files
/mobs/4828/,src/pages/mobs/[vnum].astro,mobs,generated world-file record,3,template-and-sample QA,,engine data,engine,active world files
/mobs/4836.json,src/pages/mobs/[vnum].json.ts,agent-json,generated machine-readable record,3,schema-and-sample QA,,engine data,engine,active world files
/mobs/4836/,src/pages/mobs/[vnum].astro,mobs,generated world-file record,3,template-and-sample QA,,engine data,engine,active world files
/mobs/4900.json,src/pages/mobs/[vnum].json.ts,agent-json,generated machine-readable record,3,schema-and-sample QA,,engine data,engine,active world files
/mobs/4900/,src/pages/mobs/[vnum].astro,mobs,generated world-file record,3,template-and-sample QA,,engine data,engine,active world files
/mobs/4901.json,src/pages/mobs/[vnum].json.ts,agent-json,generated machine-readable record,3,schema-and-sample QA,,engine data,engine,active world files
/mobs/4901/,src/pages/mobs/[vnum].astro,mobs,generated world-file record,3,template-and-sample QA,,engine data,engine,active world files
/mobs/4902.json,src/pages/mobs/[vnum].json.ts,agent-json,generated machine-readable record,3,schema-and-sample QA,,engine data,engine,active world files
/mobs/4902/,src/pages/mobs/[vnum].astro,mobs,generated world-file record,3,template-and-sample QA,,engine data,engine,active world files
/mobs/4903.json,src/pages/mobs/[vnum].json.ts,agent-json,generated machine-readable record,3,schema-and-sample QA,,engine data,engine,active world files
/mobs/4903/,src/pages/mobs/[vnum].astro,mobs,generated world-file record,3,template-and-sample QA,,engine data,engine,active world files
/mobs/4904.json,src/pages/mobs/[vnum].json.ts,agent-json,generated machine-readable record,3,schema-and-sample QA,,engine data,engine,active world files
/mobs/4904/,src/pages/mobs/[vnum].astro,mobs,generated world-file record,3,template-and-sample QA,,engine data,engine,active world files
/mobs/4905.json,src/pages/mobs/[vnum].json.ts,agent-json,generated machine-readable record,3,schema-and-sample QA,,engine data,engine,active world files
/mobs/4905/,src/pages/mobs/[vnum].astro,mobs,generated world-file record,3,template-and-sample QA,,engine data,engine,active world files
/mobs/4906.json,src/pages/mobs/[vnum].json.ts,agent-json,generated machine-readable record,3,schema-and-sample QA,,engine data,engine,active world files
/mobs/4906/,src/pages/mobs/[vnum].astro,mobs,generated world-file record,3,template-and-sample QA,,engine data,engine,active world files
/mobs/4907.json,src/pages/mobs/[vnum].json.ts,agent-json,generated machine-readable record,3,schema-and-sample QA,,engine data,engine,active world files
/mobs/4907/,src/pages/mobs/[vnum].astro,mobs,generated world-file record,3,template-and-sample QA,,engine data,engine,active world files
/mobs/4908.json,src/pages/mobs/[vnum].json.ts,agent-json,generated machine-readable record,3,schema-and-sample QA,,engine data,engine,active world files
/mobs/4908/,src/pages/mobs/[vnum].astro,mobs,generated world-file record,3,template-and-sample QA,,engine data,engine,active world files
/mobs/4909.json,src/pages/mobs/[vnum].json.ts,agent-json,generated machine-readable record,3,schema-and-sample QA,,engine data,engine,active world files
/mobs/4909/,src/pages/mobs/[vnum].astro,mobs,generated world-file record,3,template-and-sample QA,,engine data,engine,active world files
/mobs/4910.json,src/pages/mobs/[vnum].json.ts,agent-json,generated machine-readable record,3,schema-and-sample QA,,engine data,engine,active world files
/mobs/4910/,src/pages/mobs/[vnum].astro,mobs,generated world-file record,3,template-and-sample QA,,engine data,engine,active world files
/mobs/4911.json,src/pages/mobs/[vnum].json.ts,agent-json,generated machine-readable record,3,schema-and-sample QA,,engine data,engine,active world files
/mobs/4911/,src/pages/mobs/[vnum].astro,mobs,generated world-file record,3,template-and-sample QA,,engine data,engine,active world files
/mobs/4912.json,src/pages/mobs/[vnum].json.ts,agent-json,generated machine-readable record,3,schema-and-sample QA,,engine data,engine,active world files
/mobs/4912/,src/pages/mobs/[vnum].astro,mobs,generated world-file record,3,template-and-sample QA,,engine data,engine,active world files
/mobs/4913.json,src/pages/mobs/[vnum].json.ts,agent-json,generated machine-readable record,3,schema-and-sample QA,,engine data,engine,active world files
/mobs/4913/,src/pages/mobs/[vnum].astro,mobs,generated world-file record,3,template-and-sample QA,,engine data,engine,active world files
/mobs/4914.json,src/pages/mobs/[vnum].json.ts,agent-json,generated machine-readable record,3,schema-and-sample QA,,engine data,engine,active world files
/mobs/4914/,src/pages/mobs/[vnum].astro,mobs,generated world-file record,3,template-and-sample QA,,engine data,engine,active world files
/mobs/4915.json,src/pages/mobs/[vnum].json.ts,agent-json,generated machine-readable record,3,schema-and-sample QA,,engine data,engine,active world files
/mobs/4915/,src/pages/mobs/[vnum].astro,mobs,generated world-file record,3,template-and-sample QA,,engine data,engine,active world files
/mobs/4916.json,src/pages/mobs/[vnum].json.ts,agent-json,generated machine-readable record,3,schema-and-sample QA,,engine data,engine,active world files
/mobs/4916/,src/pages/mobs/[vnum].astro,mobs,generated world-file record,3,template-and-sample QA,,engine data,engine,active world files
/mobs/4917.json,src/pages/mobs/[vnum].json.ts,agent-json,generated machine-readable record,3,schema-and-sample QA,,engine data,engine,active world files
/mobs/4917/,src/pages/mobs/[vnum].astro,mobs,generated world-file record,3,template-and-sample QA,,engine data,engine,active world files
/mobs/4918.json,src/pages/mobs/[vnum].json.ts,agent-json,generated machine-readable record,3,schema-and-sample QA,,engine data,engine,active world files
/mobs/4918/,src/pages/mobs/[vnum].astro,mobs,generated world-file record,3,template-and-sample QA,,engine data,engine,active world files
/mobs/4919.json,src/pages/mobs/[vnum].json.ts,agent-json,generated machine-readable record,3,schema-and-sample QA,,engine data,engine,active world files
/mobs/4919/,src/pages/mobs/[vnum].astro,mobs,generated world-file record,3,template-and-sample QA,,engine data,engine,active world files
/mobs/4920.json,src/pages/mobs/[vnum].json.ts,agent-json,generated machine-readable record,3,schema-and-sample QA,,engine data,engine,active world files
/mobs/4920/,src/pages/mobs/[vnum].astro,mobs,generated world-file record,3,template-and-sample QA,,engine data,engine,active world files
/mobs/4990.json,src/pages/mobs/[vnum].json.ts,agent-json,generated machine-readable record,3,schema-and-sample QA,,engine data,engine,active world files
/mobs/4990/,src/pages/mobs/[vnum].astro,mobs,generated world-file record,3,template-and-sample QA,,engine data,engine,active world files
/mobs/5.json,src/pages/mobs/[vnum].json.ts,agent-json,generated machine-readable record,3,schema-and-sample QA,,engine data,engine,active world files
/mobs/5/,src/pages/mobs/[vnum].astro,mobs,generated world-file record,3,template-and-sample QA,,engine data,engine,active world files
/mobs/5000.json,src/pages/mobs/[vnum].json.ts,agent-json,generated machine-readable record,3,schema-and-sample QA,,engine data,engine,active world files
/mobs/5000/,src/pages/mobs/[vnum].astro,mobs,generated world-file record,3,template-and-sample QA,,engine data,engine,active world files
/mobs/5001.json,src/pages/mobs/[vnum].json.ts,agent-json,generated machine-readable record,3,schema-and-sample QA,,engine data,engine,active world files
/mobs/5001/,src/pages/mobs/[vnum].astro,mobs,generated world-file record,3,template-and-sample QA,,engine data,engine,active world files
/mobs/5002.json,src/pages/mobs/[vnum].json.ts,agent-json,generated machine-readable record,3,schema-and-sample QA,,engine data,engine,active world files
/mobs/5002/,src/pages/mobs/[vnum].astro,mobs,generated world-file record,3,template-and-sample QA,,engine data,engine,active world files
/mobs/5003.json,src/pages/mobs/[vnum].json.ts,agent-json,generated machine-readable record,3,schema-and-sample QA,,engine data,engine,active world files
/mobs/5003/,src/pages/mobs/[vnum].astro,mobs,generated world-file record,3,template-and-sample QA,,engine data,engine,active world files
/mobs/5004.json,src/pages/mobs/[vnum].json.ts,agent-json,generated machine-readable record,3,schema-and-sample QA,,engine data,engine,active world files
/mobs/5004/,src/pages/mobs/[vnum].astro,mobs,generated world-file record,3,template-and-sample QA,,engine data,engine,active world files
/mobs/5005.json,src/pages/mobs/[vnum].json.ts,agent-json,generated machine-readable record,3,schema-and-sample QA,,engine data,engine,active world files
/mobs/5005/,src/pages/mobs/[vnum].astro,mobs,generated world-file record,3,template-and-sample QA,,engine data,engine,active world files
/mobs/5006.json,src/pages/mobs/[vnum].json.ts,agent-json,generated machine-readable record,3,schema-and-sample QA,,engine data,engine,active world files
/mobs/5006/,src/pages/mobs/[vnum].astro,mobs,generated world-file record,3,template-and-sample QA,,engine data,engine,active world files
/mobs/5007.json,src/pages/mobs/[vnum].json.ts,agent-json,generated machine-readable record,3,schema-and-sample QA,,engine data,engine,active world files
/mobs/5007/,src/pages/mobs/[vnum].astro,mobs,generated world-file record,3,template-and-sample QA,,engine data,engine,active world files
/mobs/5200.json,src/pages/mobs/[vnum].json.ts,agent-json,generated machine-readable record,3,schema-and-sample QA,,engine data,engine,active world files
/mobs/5200/,src/pages/mobs/[vnum].astro,mobs,generated world-file record,3,template-and-sample QA,,engine data,engine,active world files
/mobs/5500.json,src/pages/mobs/[vnum].json.ts,agent-json,generated machine-readable record,3,schema-and-sample QA,,engine data,engine,active world files
/mobs/5500/,src/pages/mobs/[vnum].astro,mobs,generated world-file record,3,template-and-sample QA,,engine data,engine,active world files
/mobs/5501.json,src/pages/mobs/[vnum].json.ts,agent-json,generated machine-readable record,3,schema-and-sample QA,,engine data,engine,active world files
/mobs/5501/,src/pages/mobs/[vnum].astro,mobs,generated world-file record,3,template-and-sample QA,,engine data,engine,active world files
/mobs/5502.json,src/pages/mobs/[vnum].json.ts,agent-json,generated machine-readable record,3,schema-and-sample QA,,engine data,engine,active world files
/mobs/5502/,src/pages/mobs/[vnum].astro,mobs,generated world-file record,3,template-and-sample QA,,engine data,engine,active world files
/mobs/5503.json,src/pages/mobs/[vnum].json.ts,agent-json,generated machine-readable record,3,schema-and-sample QA,,engine data,engine,active world files
/mobs/5503/,src/pages/mobs/[vnum].astro,mobs,generated world-file record,3,template-and-sample QA,,engine data,engine,active world files
/mobs/5504.json,src/pages/mobs/[vnum].json.ts,agent-json,generated machine-readable record,3,schema-and-sample QA,,engine data,engine,active world files
/mobs/5504/,src/pages/mobs/[vnum].astro,mobs,generated world-file record,3,template-and-sample QA,,engine data,engine,active world files
/mobs/5505.json,src/pages/mobs/[vnum].json.ts,agent-json,generated machine-readable record,3,schema-and-sample QA,,engine data,engine,active world files
/mobs/5505/,src/pages/mobs/[vnum].astro,mobs,generated world-file record,3,template-and-sample QA,,engine data,engine,active world files
/mobs/5506.json,src/pages/mobs/[vnum].json.ts,agent-json,generated machine-readable record,3,schema-and-sample QA,,engine data,engine,active world files
/mobs/5506/,src/pages/mobs/[vnum].astro,mobs,generated world-file record,3,template-and-sample QA,,engine data,engine,active world files
/mobs/5507.json,src/pages/mobs/[vnum].json.ts,agent-json,generated machine-readable record,3,schema-and-sample QA,,engine data,engine,active world files
/mobs/5507/,src/pages/mobs/[vnum].astro,mobs,generated world-file record,3,template-and-sample QA,,engine data,engine,active world files
/mobs/5508.json,src/pages/mobs/[vnum].json.ts,agent-json,generated machine-readable record,3,schema-and-sample QA,,engine data,engine,active world files
/mobs/5508/,src/pages/mobs/[vnum].astro,mobs,generated world-file record,3,template-and-sample QA,,engine data,engine,active world files
/mobs/5509.json,src/pages/mobs/[vnum].json.ts,agent-json,generated machine-readable record,3,schema-and-sample QA,,engine data,engine,active world files
/mobs/5509/,src/pages/mobs/[vnum].astro,mobs,generated world-file record,3,template-and-sample QA,,engine data,engine,active world files
/mobs/5510.json,src/pages/mobs/[vnum].json.ts,agent-json,generated machine-readable record,3,schema-and-sample QA,,engine data,engine,active world files
/mobs/5510/,src/pages/mobs/[vnum].astro,mobs,generated world-file record,3,template-and-sample QA,,engine data,engine,active world files
/mobs/5700.json,src/pages/mobs/[vnum].json.ts,agent-json,generated machine-readable record,3,schema-and-sample QA,,engine data,engine,active world files
/mobs/5700/,src/pages/mobs/[vnum].astro,mobs,generated world-file record,3,template-and-sample QA,,engine data,engine,active world files
/mobs/5701.json,src/pages/mobs/[vnum].json.ts,agent-json,generated machine-readable record,3,schema-and-sample QA,,engine data,engine,active world files
/mobs/5701/,src/pages/mobs/[vnum].astro,mobs,generated world-file record,3,template-and-sample QA,,engine data,engine,active world files
/mobs/5800.json,src/pages/mobs/[vnum].json.ts,agent-json,generated machine-readable record,3,schema-and-sample QA,,engine data,engine,active world files
/mobs/5800/,src/pages/mobs/[vnum].astro,mobs,generated world-file record,3,template-and-sample QA,,engine data,engine,active world files
/mobs/5801.json,src/pages/mobs/[vnum].json.ts,agent-json,generated machine-readable record,3,schema-and-sample QA,,engine data,engine,active world files
/mobs/5801/,src/pages/mobs/[vnum].astro,mobs,generated world-file record,3,template-and-sample QA,,engine data,engine,active world files
/mobs/5802.json,src/pages/mobs/[vnum].json.ts,agent-json,generated machine-readable record,3,schema-and-sample QA,,engine data,engine,active world files
/mobs/5802/,src/pages/mobs/[vnum].astro,mobs,generated world-file record,3,template-and-sample QA,,engine data,engine,active world files
/mobs/5803.json,src/pages/mobs/[vnum].json.ts,agent-json,generated machine-readable record,3,schema-and-sample QA,,engine data,engine,active world files
/mobs/5803/,src/pages/mobs/[vnum].astro,mobs,generated world-file record,3,template-and-sample QA,,engine data,engine,active world files
/mobs/5804.json,src/pages/mobs/[vnum].json.ts,agent-json,generated machine-readable record,3,schema-and-sample QA,,engine data,engine,active world files
/mobs/5804/,src/pages/mobs/[vnum].astro,mobs,generated world-file record,3,template-and-sample QA,,engine data,engine,active world files
/mobs/5805.json,src/pages/mobs/[vnum].json.ts,agent-json,generated machine-readable record,3,schema-and-sample QA,,engine data,engine,active world files
/mobs/5805/,src/pages/mobs/[vnum].astro,mobs,generated world-file record,3,template-and-sample QA,,engine data,engine,active world files
/mobs/5806.json,src/pages/mobs/[vnum].json.ts,agent-json,generated machine-readable record,3,schema-and-sample QA,,engine data,engine,active world files
/mobs/5806/,src/pages/mobs/[vnum].astro,mobs,generated world-file record,3,template-and-sample QA,,engine data,engine,active world files
/mobs/5807.json,src/pages/mobs/[vnum].json.ts,agent-json,generated machine-readable record,3,schema-and-sample QA,,engine data,engine,active world files
/mobs/5807/,src/pages/mobs/[vnum].astro,mobs,generated world-file record,3,template-and-sample QA,,engine data,engine,active world files
/mobs/5808.json,src/pages/mobs/[vnum].json.ts,agent-json,generated machine-readable record,3,schema-and-sample QA,,engine data,engine,active world files
/mobs/5808/,src/pages/mobs/[vnum].astro,mobs,generated world-file record,3,template-and-sample QA,,engine data,engine,active world files
/mobs/5809.json,src/pages/mobs/[vnum].json.ts,agent-json,generated machine-readable record,3,schema-and-sample QA,,engine data,engine,active world files
/mobs/5809/,src/pages/mobs/[vnum].astro,mobs,generated world-file record,3,template-and-sample QA,,engine data,engine,active world files
/mobs/5810.json,src/pages/mobs/[vnum].json.ts,agent-json,generated machine-readable record,3,schema-and-sample QA,,engine data,engine,active world files
/mobs/5810/,src/pages/mobs/[vnum].astro,mobs,generated world-file record,3,template-and-sample QA,,engine data,engine,active world files
/mobs/5888.json,src/pages/mobs/[vnum].json.ts,agent-json,generated machine-readable record,3,schema-and-sample QA,,engine data,engine,active world files
/mobs/5888/,src/pages/mobs/[vnum].astro,mobs,generated world-file record,3,template-and-sample QA,,engine data,engine,active world files
/mobs/6.json,src/pages/mobs/[vnum].json.ts,agent-json,generated machine-readable record,3,schema-and-sample QA,,engine data,engine,active world files
/mobs/6/,src/pages/mobs/[vnum].astro,mobs,generated world-file record,3,template-and-sample QA,,engine data,engine,active world files
/mobs/66.json,src/pages/mobs/[vnum].json.ts,agent-json,generated machine-readable record,3,schema-and-sample QA,,engine data,engine,active world files
/mobs/66/,src/pages/mobs/[vnum].astro,mobs,generated world-file record,3,template-and-sample QA,,engine data,engine,active world files
/mobs/69.json,src/pages/mobs/[vnum].json.ts,agent-json,generated machine-readable record,3,schema-and-sample QA,,engine data,engine,active world files
/mobs/69/,src/pages/mobs/[vnum].astro,mobs,generated world-file record,3,template-and-sample QA,,engine data,engine,active world files
/mobs/7.json,src/pages/mobs/[vnum].json.ts,agent-json,generated machine-readable record,3,schema-and-sample QA,,engine data,engine,active world files
/mobs/7/,src/pages/mobs/[vnum].astro,mobs,generated world-file record,3,template-and-sample QA,,engine data,engine,active world files
/mobs/70.json,src/pages/mobs/[vnum].json.ts,agent-json,generated machine-readable record,3,schema-and-sample QA,,engine data,engine,active world files
/mobs/70/,src/pages/mobs/[vnum].astro,mobs,generated world-file record,3,template-and-sample QA,,engine data,engine,active world files
/mobs/7001.json,src/pages/mobs/[vnum].json.ts,agent-json,generated machine-readable record,3,schema-and-sample QA,,engine data,engine,active world files
/mobs/7001/,src/pages/mobs/[vnum].astro,mobs,generated world-file record,3,template-and-sample QA,,engine data,engine,active world files
/mobs/7002.json,src/pages/mobs/[vnum].json.ts,agent-json,generated machine-readable record,3,schema-and-sample QA,,engine data,engine,active world files
/mobs/7002/,src/pages/mobs/[vnum].astro,mobs,generated world-file record,3,template-and-sample QA,,engine data,engine,active world files
/mobs/7003.json,src/pages/mobs/[vnum].json.ts,agent-json,generated machine-readable record,3,schema-and-sample QA,,engine data,engine,active world files
/mobs/7003/,src/pages/mobs/[vnum].astro,mobs,generated world-file record,3,template-and-sample QA,,engine data,engine,active world files
/mobs/7004.json,src/pages/mobs/[vnum].json.ts,agent-json,generated machine-readable record,3,schema-and-sample QA,,engine data,engine,active world files
/mobs/7004/,src/pages/mobs/[vnum].astro,mobs,generated world-file record,3,template-and-sample QA,,engine data,engine,active world files
/mobs/7005.json,src/pages/mobs/[vnum].json.ts,agent-json,generated machine-readable record,3,schema-and-sample QA,,engine data,engine,active world files
/mobs/7005/,src/pages/mobs/[vnum].astro,mobs,generated world-file record,3,template-and-sample QA,,engine data,engine,active world files
/mobs/7006.json,src/pages/mobs/[vnum].json.ts,agent-json,generated machine-readable record,3,schema-and-sample QA,,engine data,engine,active world files
/mobs/7006/,src/pages/mobs/[vnum].astro,mobs,generated world-file record,3,template-and-sample QA,,engine data,engine,active world files
/mobs/7007.json,src/pages/mobs/[vnum].json.ts,agent-json,generated machine-readable record,3,schema-and-sample QA,,engine data,engine,active world files
/mobs/7007/,src/pages/mobs/[vnum].astro,mobs,generated world-file record,3,template-and-sample QA,,engine data,engine,active world files
/mobs/7008.json,src/pages/mobs/[vnum].json.ts,agent-json,generated machine-readable record,3,schema-and-sample QA,,engine data,engine,active world files
/mobs/7008/,src/pages/mobs/[vnum].astro,mobs,generated world-file record,3,template-and-sample QA,,engine data,engine,active world files
/mobs/7009.json,src/pages/mobs/[vnum].json.ts,agent-json,generated machine-readable record,3,schema-and-sample QA,,engine data,engine,active world files
/mobs/7009/,src/pages/mobs/[vnum].astro,mobs,generated world-file record,3,template-and-sample QA,,engine data,engine,active world files
/mobs/7010.json,src/pages/mobs/[vnum].json.ts,agent-json,generated machine-readable record,3,schema-and-sample QA,,engine data,engine,active world files
/mobs/7010/,src/pages/mobs/[vnum].astro,mobs,generated world-file record,3,template-and-sample QA,,engine data,engine,active world files
/mobs/7011.json,src/pages/mobs/[vnum].json.ts,agent-json,generated machine-readable record,3,schema-and-sample QA,,engine data,engine,active world files
/mobs/7011/,src/pages/mobs/[vnum].astro,mobs,generated world-file record,3,template-and-sample QA,,engine data,engine,active world files
/mobs/7012.json,src/pages/mobs/[vnum].json.ts,agent-json,generated machine-readable record,3,schema-and-sample QA,,engine data,engine,active world files
/mobs/7012/,src/pages/mobs/[vnum].astro,mobs,generated world-file record,3,template-and-sample QA,,engine data,engine,active world files
/mobs/7013.json,src/pages/mobs/[vnum].json.ts,agent-json,generated machine-readable record,3,schema-and-sample QA,,engine data,engine,active world files
/mobs/7013/,src/pages/mobs/[vnum].astro,mobs,generated world-file record,3,template-and-sample QA,,engine data,engine,active world files
/mobs/7014.json,src/pages/mobs/[vnum].json.ts,agent-json,generated machine-readable record,3,schema-and-sample QA,,engine data,engine,active world files
/mobs/7014/,src/pages/mobs/[vnum].astro,mobs,generated world-file record,3,template-and-sample QA,,engine data,engine,active world files
/mobs/7015.json,src/pages/mobs/[vnum].json.ts,agent-json,generated machine-readable record,3,schema-and-sample QA,,engine data,engine,active world files
/mobs/7015/,src/pages/mobs/[vnum].astro,mobs,generated world-file record,3,template-and-sample QA,,engine data,engine,active world files
/mobs/7016.json,src/pages/mobs/[vnum].json.ts,agent-json,generated machine-readable record,3,schema-and-sample QA,,engine data,engine,active world files
/mobs/7016/,src/pages/mobs/[vnum].astro,mobs,generated world-file record,3,template-and-sample QA,,engine data,engine,active world files
/mobs/7017.json,src/pages/mobs/[vnum].json.ts,agent-json,generated machine-readable record,3,schema-and-sample QA,,engine data,engine,active world files
/mobs/7017/,src/pages/mobs/[vnum].astro,mobs,generated world-file record,3,template-and-sample QA,,engine data,engine,active world files
/mobs/7018.json,src/pages/mobs/[vnum].json.ts,agent-json,generated machine-readable record,3,schema-and-sample QA,,engine data,engine,active world files
/mobs/7018/,src/pages/mobs/[vnum].astro,mobs,generated world-file record,3,template-and-sample QA,,engine data,engine,active world files
/mobs/7019.json,src/pages/mobs/[vnum].json.ts,agent-json,generated machine-readable record,3,schema-and-sample QA,,engine data,engine,active world files
/mobs/7019/,src/pages/mobs/[vnum].astro,mobs,generated world-file record,3,template-and-sample QA,,engine data,engine,active world files
/mobs/7020.json,src/pages/mobs/[vnum].json.ts,agent-json,generated machine-readable record,3,schema-and-sample QA,,engine data,engine,active world files
/mobs/7020/,src/pages/mobs/[vnum].astro,mobs,generated world-file record,3,template-and-sample QA,,engine data,engine,active world files
/mobs/7021.json,src/pages/mobs/[vnum].json.ts,agent-json,generated machine-readable record,3,schema-and-sample QA,,engine data,engine,active world files
/mobs/7021/,src/pages/mobs/[vnum].astro,mobs,generated world-file record,3,template-and-sample QA,,engine data,engine,active world files
/mobs/7022.json,src/pages/mobs/[vnum].json.ts,agent-json,generated machine-readable record,3,schema-and-sample QA,,engine data,engine,active world files
/mobs/7022/,src/pages/mobs/[vnum].astro,mobs,generated world-file record,3,template-and-sample QA,,engine data,engine,active world files
/mobs/7023.json,src/pages/mobs/[vnum].json.ts,agent-json,generated machine-readable record,3,schema-and-sample QA,,engine data,engine,active world files
/mobs/7023/,src/pages/mobs/[vnum].astro,mobs,generated world-file record,3,template-and-sample QA,,engine data,engine,active world files
/mobs/7024.json,src/pages/mobs/[vnum].json.ts,agent-json,generated machine-readable record,3,schema-and-sample QA,,engine data,engine,active world files
/mobs/7024/,src/pages/mobs/[vnum].astro,mobs,generated world-file record,3,template-and-sample QA,,engine data,engine,active world files
/mobs/7025.json,src/pages/mobs/[vnum].json.ts,agent-json,generated machine-readable record,3,schema-and-sample QA,,engine data,engine,active world files
/mobs/7025/,src/pages/mobs/[vnum].astro,mobs,generated world-file record,3,template-and-sample QA,,engine data,engine,active world files
/mobs/7026.json,src/pages/mobs/[vnum].json.ts,agent-json,generated machine-readable record,3,schema-and-sample QA,,engine data,engine,active world files
/mobs/7026/,src/pages/mobs/[vnum].astro,mobs,generated world-file record,3,template-and-sample QA,,engine data,engine,active world files
/mobs/7027.json,src/pages/mobs/[vnum].json.ts,agent-json,generated machine-readable record,3,schema-and-sample QA,,engine data,engine,active world files
/mobs/7027/,src/pages/mobs/[vnum].astro,mobs,generated world-file record,3,template-and-sample QA,,engine data,engine,active world files
/mobs/7028.json,src/pages/mobs/[vnum].json.ts,agent-json,generated machine-readable record,3,schema-and-sample QA,,engine data,engine,active world files
/mobs/7028/,src/pages/mobs/[vnum].astro,mobs,generated world-file record,3,template-and-sample QA,,engine data,engine,active world files
/mobs/7029.json,src/pages/mobs/[vnum].json.ts,agent-json,generated machine-readable record,3,schema-and-sample QA,,engine data,engine,active world files
/mobs/7029/,src/pages/mobs/[vnum].astro,mobs,generated world-file record,3,template-and-sample QA,,engine data,engine,active world files
/mobs/7030.json,src/pages/mobs/[vnum].json.ts,agent-json,generated machine-readable record,3,schema-and-sample QA,,engine data,engine,active world files
/mobs/7030/,src/pages/mobs/[vnum].astro,mobs,generated world-file record,3,template-and-sample QA,,engine data,engine,active world files
/mobs/7031.json,src/pages/mobs/[vnum].json.ts,agent-json,generated machine-readable record,3,schema-and-sample QA,,engine data,engine,active world files
/mobs/7031/,src/pages/mobs/[vnum].astro,mobs,generated world-file record,3,template-and-sample QA,,engine data,engine,active world files
/mobs/7032.json,src/pages/mobs/[vnum].json.ts,agent-json,generated machine-readable record,3,schema-and-sample QA,,engine data,engine,active world files
/mobs/7032/,src/pages/mobs/[vnum].astro,mobs,generated world-file record,3,template-and-sample QA,,engine data,engine,active world files
/mobs/7033.json,src/pages/mobs/[vnum].json.ts,agent-json,generated machine-readable record,3,schema-and-sample QA,,engine data,engine,active world files
/mobs/7033/,src/pages/mobs/[vnum].astro,mobs,generated world-file record,3,template-and-sample QA,,engine data,engine,active world files
/mobs/7034.json,src/pages/mobs/[vnum].json.ts,agent-json,generated machine-readable record,3,schema-and-sample QA,,engine data,engine,active world files
/mobs/7034/,src/pages/mobs/[vnum].astro,mobs,generated world-file record,3,template-and-sample QA,,engine data,engine,active world files
/mobs/7035.json,src/pages/mobs/[vnum].json.ts,agent-json,generated machine-readable record,3,schema-and-sample QA,,engine data,engine,active world files
/mobs/7035/,src/pages/mobs/[vnum].astro,mobs,generated world-file record,3,template-and-sample QA,,engine data,engine,active world files
/mobs/7036.json,src/pages/mobs/[vnum].json.ts,agent-json,generated machine-readable record,3,schema-and-sample QA,,engine data,engine,active world files
/mobs/7036/,src/pages/mobs/[vnum].astro,mobs,generated world-file record,3,template-and-sample QA,,engine data,engine,active world files
/mobs/7037.json,src/pages/mobs/[vnum].json.ts,agent-json,generated machine-readable record,3,schema-and-sample QA,,engine data,engine,active world files
/mobs/7037/,src/pages/mobs/[vnum].astro,mobs,generated world-file record,3,template-and-sample QA,,engine data,engine,active world files
/mobs/7038.json,src/pages/mobs/[vnum].json.ts,agent-json,generated machine-readable record,3,schema-and-sample QA,,engine data,engine,active world files
/mobs/7038/,src/pages/mobs/[vnum].astro,mobs,generated world-file record,3,template-and-sample QA,,engine data,engine,active world files
/mobs/7039.json,src/pages/mobs/[vnum].json.ts,agent-json,generated machine-readable record,3,schema-and-sample QA,,engine data,engine,active world files
/mobs/7039/,src/pages/mobs/[vnum].astro,mobs,generated world-file record,3,template-and-sample QA,,engine data,engine,active world files
/mobs/7040.json,src/pages/mobs/[vnum].json.ts,agent-json,generated machine-readable record,3,schema-and-sample QA,,engine data,engine,active world files
/mobs/7040/,src/pages/mobs/[vnum].astro,mobs,generated world-file record,3,template-and-sample QA,,engine data,engine,active world files
/mobs/7041.json,src/pages/mobs/[vnum].json.ts,agent-json,generated machine-readable record,3,schema-and-sample QA,,engine data,engine,active world files
/mobs/7041/,src/pages/mobs/[vnum].astro,mobs,generated world-file record,3,template-and-sample QA,,engine data,engine,active world files
/mobs/7042.json,src/pages/mobs/[vnum].json.ts,agent-json,generated machine-readable record,3,schema-and-sample QA,,engine data,engine,active world files
/mobs/7042/,src/pages/mobs/[vnum].astro,mobs,generated world-file record,3,template-and-sample QA,,engine data,engine,active world files
/mobs/7043.json,src/pages/mobs/[vnum].json.ts,agent-json,generated machine-readable record,3,schema-and-sample QA,,engine data,engine,active world files
/mobs/7043/,src/pages/mobs/[vnum].astro,mobs,generated world-file record,3,template-and-sample QA,,engine data,engine,active world files
/mobs/7044.json,src/pages/mobs/[vnum].json.ts,agent-json,generated machine-readable record,3,schema-and-sample QA,,engine data,engine,active world files
/mobs/7044/,src/pages/mobs/[vnum].astro,mobs,generated world-file record,3,template-and-sample QA,,engine data,engine,active world files
/mobs/7045.json,src/pages/mobs/[vnum].json.ts,agent-json,generated machine-readable record,3,schema-and-sample QA,,engine data,engine,active world files
/mobs/7045/,src/pages/mobs/[vnum].astro,mobs,generated world-file record,3,template-and-sample QA,,engine data,engine,active world files
/mobs/7046.json,src/pages/mobs/[vnum].json.ts,agent-json,generated machine-readable record,3,schema-and-sample QA,,engine data,engine,active world files
/mobs/7046/,src/pages/mobs/[vnum].astro,mobs,generated world-file record,3,template-and-sample QA,,engine data,engine,active world files
/mobs/7047.json,src/pages/mobs/[vnum].json.ts,agent-json,generated machine-readable record,3,schema-and-sample QA,,engine data,engine,active world files
/mobs/7047/,src/pages/mobs/[vnum].astro,mobs,generated world-file record,3,template-and-sample QA,,engine data,engine,active world files
/mobs/7048.json,src/pages/mobs/[vnum].json.ts,agent-json,generated machine-readable record,3,schema-and-sample QA,,engine data,engine,active world files
/mobs/7048/,src/pages/mobs/[vnum].astro,mobs,generated world-file record,3,template-and-sample QA,,engine data,engine,active world files
/mobs/7049.json,src/pages/mobs/[vnum].json.ts,agent-json,generated machine-readable record,3,schema-and-sample QA,,engine data,engine,active world files
/mobs/7049/,src/pages/mobs/[vnum].astro,mobs,generated world-file record,3,template-and-sample QA,,engine data,engine,active world files
/mobs/71.json,src/pages/mobs/[vnum].json.ts,agent-json,generated machine-readable record,3,schema-and-sample QA,,engine data,engine,active world files
/mobs/71/,src/pages/mobs/[vnum].astro,mobs,generated world-file record,3,template-and-sample QA,,engine data,engine,active world files
/mobs/7900.json,src/pages/mobs/[vnum].json.ts,agent-json,generated machine-readable record,3,schema-and-sample QA,,engine data,engine,active world files
/mobs/7900/,src/pages/mobs/[vnum].astro,mobs,generated world-file record,3,template-and-sample QA,,engine data,engine,active world files
/mobs/7901.json,src/pages/mobs/[vnum].json.ts,agent-json,generated machine-readable record,3,schema-and-sample QA,,engine data,engine,active world files
/mobs/7901/,src/pages/mobs/[vnum].astro,mobs,generated world-file record,3,template-and-sample QA,,engine data,engine,active world files
/mobs/7902.json,src/pages/mobs/[vnum].json.ts,agent-json,generated machine-readable record,3,schema-and-sample QA,,engine data,engine,active world files
/mobs/7902/,src/pages/mobs/[vnum].astro,mobs,generated world-file record,3,template-and-sample QA,,engine data,engine,active world files
/mobs/7903.json,src/pages/mobs/[vnum].json.ts,agent-json,generated machine-readable record,3,schema-and-sample QA,,engine data,engine,active world files
/mobs/7903/,src/pages/mobs/[vnum].astro,mobs,generated world-file record,3,template-and-sample QA,,engine data,engine,active world files
/mobs/7904.json,src/pages/mobs/[vnum].json.ts,agent-json,generated machine-readable record,3,schema-and-sample QA,,engine data,engine,active world files
/mobs/7904/,src/pages/mobs/[vnum].astro,mobs,generated world-file record,3,template-and-sample QA,,engine data,engine,active world files
/mobs/7905.json,src/pages/mobs/[vnum].json.ts,agent-json,generated machine-readable record,3,schema-and-sample QA,,engine data,engine,active world files
/mobs/7905/,src/pages/mobs/[vnum].astro,mobs,generated world-file record,3,template-and-sample QA,,engine data,engine,active world files
/mobs/7906.json,src/pages/mobs/[vnum].json.ts,agent-json,generated machine-readable record,3,schema-and-sample QA,,engine data,engine,active world files
/mobs/7906/,src/pages/mobs/[vnum].astro,mobs,generated world-file record,3,template-and-sample QA,,engine data,engine,active world files
/mobs/7907.json,src/pages/mobs/[vnum].json.ts,agent-json,generated machine-readable record,3,schema-and-sample QA,,engine data,engine,active world files
/mobs/7907/,src/pages/mobs/[vnum].astro,mobs,generated world-file record,3,template-and-sample QA,,engine data,engine,active world files
/mobs/7908.json,src/pages/mobs/[vnum].json.ts,agent-json,generated machine-readable record,3,schema-and-sample QA,,engine data,engine,active world files
/mobs/7908/,src/pages/mobs/[vnum].astro,mobs,generated world-file record,3,template-and-sample QA,,engine data,engine,active world files
/mobs/7909.json,src/pages/mobs/[vnum].json.ts,agent-json,generated machine-readable record,3,schema-and-sample QA,,engine data,engine,active world files
/mobs/7909/,src/pages/mobs/[vnum].astro,mobs,generated world-file record,3,template-and-sample QA,,engine data,engine,active world files
/mobs/7910.json,src/pages/mobs/[vnum].json.ts,agent-json,generated machine-readable record,3,schema-and-sample QA,,engine data,engine,active world files
/mobs/7910/,src/pages/mobs/[vnum].astro,mobs,generated world-file record,3,template-and-sample QA,,engine data,engine,active world files
/mobs/7911.json,src/pages/mobs/[vnum].json.ts,agent-json,generated machine-readable record,3,schema-and-sample QA,,engine data,engine,active world files
/mobs/7911/,src/pages/mobs/[vnum].astro,mobs,generated world-file record,3,template-and-sample QA,,engine data,engine,active world files
/mobs/7912.json,src/pages/mobs/[vnum].json.ts,agent-json,generated machine-readable record,3,schema-and-sample QA,,engine data,engine,active world files
/mobs/7912/,src/pages/mobs/[vnum].astro,mobs,generated world-file record,3,template-and-sample QA,,engine data,engine,active world files
/mobs/7913.json,src/pages/mobs/[vnum].json.ts,agent-json,generated machine-readable record,3,schema-and-sample QA,,engine data,engine,active world files
/mobs/7913/,src/pages/mobs/[vnum].astro,mobs,generated world-file record,3,template-and-sample QA,,engine data,engine,active world files
/mobs/7914.json,src/pages/mobs/[vnum].json.ts,agent-json,generated machine-readable record,3,schema-and-sample QA,,engine data,engine,active world files
/mobs/7914/,src/pages/mobs/[vnum].astro,mobs,generated world-file record,3,template-and-sample QA,,engine data,engine,active world files
/mobs/7915.json,src/pages/mobs/[vnum].json.ts,agent-json,generated machine-readable record,3,schema-and-sample QA,,engine data,engine,active world files
/mobs/7915/,src/pages/mobs/[vnum].astro,mobs,generated world-file record,3,template-and-sample QA,,engine data,engine,active world files
/mobs/7916.json,src/pages/mobs/[vnum].json.ts,agent-json,generated machine-readable record,3,schema-and-sample QA,,engine data,engine,active world files
/mobs/7916/,src/pages/mobs/[vnum].astro,mobs,generated world-file record,3,template-and-sample QA,,engine data,engine,active world files
/mobs/7917.json,src/pages/mobs/[vnum].json.ts,agent-json,generated machine-readable record,3,schema-and-sample QA,,engine data,engine,active world files
/mobs/7917/,src/pages/mobs/[vnum].astro,mobs,generated world-file record,3,template-and-sample QA,,engine data,engine,active world files
/mobs/7920.json,src/pages/mobs/[vnum].json.ts,agent-json,generated machine-readable record,3,schema-and-sample QA,,engine data,engine,active world files
/mobs/7920/,src/pages/mobs/[vnum].astro,mobs,generated world-file record,3,template-and-sample QA,,engine data,engine,active world files
/mobs/7969.json,src/pages/mobs/[vnum].json.ts,agent-json,generated machine-readable record,3,schema-and-sample QA,,engine data,engine,active world files
/mobs/7969/,src/pages/mobs/[vnum].astro,mobs,generated world-file record,3,template-and-sample QA,,engine data,engine,active world files
/mobs/7970.json,src/pages/mobs/[vnum].json.ts,agent-json,generated machine-readable record,3,schema-and-sample QA,,engine data,engine,active world files
/mobs/7970/,src/pages/mobs/[vnum].astro,mobs,generated world-file record,3,template-and-sample QA,,engine data,engine,active world files
/mobs/7971.json,src/pages/mobs/[vnum].json.ts,agent-json,generated machine-readable record,3,schema-and-sample QA,,engine data,engine,active world files
/mobs/7971/,src/pages/mobs/[vnum].astro,mobs,generated world-file record,3,template-and-sample QA,,engine data,engine,active world files
/mobs/7979.json,src/pages/mobs/[vnum].json.ts,agent-json,generated machine-readable record,3,schema-and-sample QA,,engine data,engine,active world files
/mobs/7979/,src/pages/mobs/[vnum].astro,mobs,generated world-file record,3,template-and-sample QA,,engine data,engine,active world files
/mobs/7980.json,src/pages/mobs/[vnum].json.ts,agent-json,generated machine-readable record,3,schema-and-sample QA,,engine data,engine,active world files
/mobs/7980/,src/pages/mobs/[vnum].astro,mobs,generated world-file record,3,template-and-sample QA,,engine data,engine,active world files
/mobs/7981.json,src/pages/mobs/[vnum].json.ts,agent-json,generated machine-readable record,3,schema-and-sample QA,,engine data,engine,active world files
/mobs/7981/,src/pages/mobs/[vnum].astro,mobs,generated world-file record,3,template-and-sample QA,,engine data,engine,active world files
/mobs/8.json,src/pages/mobs/[vnum].json.ts,agent-json,generated machine-readable record,3,schema-and-sample QA,,engine data,engine,active world files
/mobs/8/,src/pages/mobs/[vnum].astro,mobs,generated world-file record,3,template-and-sample QA,,engine data,engine,active world files
/mobs/8001.json,src/pages/mobs/[vnum].json.ts,agent-json,generated machine-readable record,3,schema-and-sample QA,,engine data,engine,active world files
/mobs/8001/,src/pages/mobs/[vnum].astro,mobs,generated world-file record,3,template-and-sample QA,,engine data,engine,active world files
/mobs/8002.json,src/pages/mobs/[vnum].json.ts,agent-json,generated machine-readable record,3,schema-and-sample QA,,engine data,engine,active world files
/mobs/8002/,src/pages/mobs/[vnum].astro,mobs,generated world-file record,3,template-and-sample QA,,engine data,engine,active world files
/mobs/8003.json,src/pages/mobs/[vnum].json.ts,agent-json,generated machine-readable record,3,schema-and-sample QA,,engine data,engine,active world files
/mobs/8003/,src/pages/mobs/[vnum].astro,mobs,generated world-file record,3,template-and-sample QA,,engine data,engine,active world files
/mobs/8004.json,src/pages/mobs/[vnum].json.ts,agent-json,generated machine-readable record,3,schema-and-sample QA,,engine data,engine,active world files
/mobs/8004/,src/pages/mobs/[vnum].astro,mobs,generated world-file record,3,template-and-sample QA,,engine data,engine,active world files
/mobs/8005.json,src/pages/mobs/[vnum].json.ts,agent-json,generated machine-readable record,3,schema-and-sample QA,,engine data,engine,active world files
/mobs/8005/,src/pages/mobs/[vnum].astro,mobs,generated world-file record,3,template-and-sample QA,,engine data,engine,active world files
/mobs/8006.json,src/pages/mobs/[vnum].json.ts,agent-json,generated machine-readable record,3,schema-and-sample QA,,engine data,engine,active world files
/mobs/8006/,src/pages/mobs/[vnum].astro,mobs,generated world-file record,3,template-and-sample QA,,engine data,engine,active world files
/mobs/8007.json,src/pages/mobs/[vnum].json.ts,agent-json,generated machine-readable record,3,schema-and-sample QA,,engine data,engine,active world files
/mobs/8007/,src/pages/mobs/[vnum].astro,mobs,generated world-file record,3,template-and-sample QA,,engine data,engine,active world files
/mobs/8008.json,src/pages/mobs/[vnum].json.ts,agent-json,generated machine-readable record,3,schema-and-sample QA,,engine data,engine,active world files
/mobs/8008/,src/pages/mobs/[vnum].astro,mobs,generated world-file record,3,template-and-sample QA,,engine data,engine,active world files
/mobs/8009.json,src/pages/mobs/[vnum].json.ts,agent-json,generated machine-readable record,3,schema-and-sample QA,,engine data,engine,active world files
/mobs/8009/,src/pages/mobs/[vnum].astro,mobs,generated world-file record,3,template-and-sample QA,,engine data,engine,active world files
/mobs/8010.json,src/pages/mobs/[vnum].json.ts,agent-json,generated machine-readable record,3,schema-and-sample QA,,engine data,engine,active world files
/mobs/8010/,src/pages/mobs/[vnum].astro,mobs,generated world-file record,3,template-and-sample QA,,engine data,engine,active world files
/mobs/8011.json,src/pages/mobs/[vnum].json.ts,agent-json,generated machine-readable record,3,schema-and-sample QA,,engine data,engine,active world files
/mobs/8011/,src/pages/mobs/[vnum].astro,mobs,generated world-file record,3,template-and-sample QA,,engine data,engine,active world files
/mobs/8012.json,src/pages/mobs/[vnum].json.ts,agent-json,generated machine-readable record,3,schema-and-sample QA,,engine data,engine,active world files
/mobs/8012/,src/pages/mobs/[vnum].astro,mobs,generated world-file record,3,template-and-sample QA,,engine data,engine,active world files
/mobs/8013.json,src/pages/mobs/[vnum].json.ts,agent-json,generated machine-readable record,3,schema-and-sample QA,,engine data,engine,active world files
/mobs/8013/,src/pages/mobs/[vnum].astro,mobs,generated world-file record,3,template-and-sample QA,,engine data,engine,active world files
/mobs/8014.json,src/pages/mobs/[vnum].json.ts,agent-json,generated machine-readable record,3,schema-and-sample QA,,engine data,engine,active world files
/mobs/8014/,src/pages/mobs/[vnum].astro,mobs,generated world-file record,3,template-and-sample QA,,engine data,engine,active world files
/mobs/8015.json,src/pages/mobs/[vnum].json.ts,agent-json,generated machine-readable record,3,schema-and-sample QA,,engine data,engine,active world files
/mobs/8015/,src/pages/mobs/[vnum].astro,mobs,generated world-file record,3,template-and-sample QA,,engine data,engine,active world files
/mobs/8016.json,src/pages/mobs/[vnum].json.ts,agent-json,generated machine-readable record,3,schema-and-sample QA,,engine data,engine,active world files
/mobs/8016/,src/pages/mobs/[vnum].astro,mobs,generated world-file record,3,template-and-sample QA,,engine data,engine,active world files
/mobs/8017.json,src/pages/mobs/[vnum].json.ts,agent-json,generated machine-readable record,3,schema-and-sample QA,,engine data,engine,active world files
/mobs/8017/,src/pages/mobs/[vnum].astro,mobs,generated world-file record,3,template-and-sample QA,,engine data,engine,active world files
/mobs/8018.json,src/pages/mobs/[vnum].json.ts,agent-json,generated machine-readable record,3,schema-and-sample QA,,engine data,engine,active world files
/mobs/8018/,src/pages/mobs/[vnum].astro,mobs,generated world-file record,3,template-and-sample QA,,engine data,engine,active world files
/mobs/8019.json,src/pages/mobs/[vnum].json.ts,agent-json,generated machine-readable record,3,schema-and-sample QA,,engine data,engine,active world files
/mobs/8019/,src/pages/mobs/[vnum].astro,mobs,generated world-file record,3,template-and-sample QA,,engine data,engine,active world files
/mobs/8020.json,src/pages/mobs/[vnum].json.ts,agent-json,generated machine-readable record,3,schema-and-sample QA,,engine data,engine,active world files
/mobs/8020/,src/pages/mobs/[vnum].astro,mobs,generated world-file record,3,template-and-sample QA,,engine data,engine,active world files
/mobs/8021.json,src/pages/mobs/[vnum].json.ts,agent-json,generated machine-readable record,3,schema-and-sample QA,,engine data,engine,active world files
/mobs/8021/,src/pages/mobs/[vnum].astro,mobs,generated world-file record,3,template-and-sample QA,,engine data,engine,active world files
/mobs/8022.json,src/pages/mobs/[vnum].json.ts,agent-json,generated machine-readable record,3,schema-and-sample QA,,engine data,engine,active world files
/mobs/8022/,src/pages/mobs/[vnum].astro,mobs,generated world-file record,3,template-and-sample QA,,engine data,engine,active world files
/mobs/8023.json,src/pages/mobs/[vnum].json.ts,agent-json,generated machine-readable record,3,schema-and-sample QA,,engine data,engine,active world files
/mobs/8023/,src/pages/mobs/[vnum].astro,mobs,generated world-file record,3,template-and-sample QA,,engine data,engine,active world files
/mobs/8024.json,src/pages/mobs/[vnum].json.ts,agent-json,generated machine-readable record,3,schema-and-sample QA,,engine data,engine,active world files
/mobs/8024/,src/pages/mobs/[vnum].astro,mobs,generated world-file record,3,template-and-sample QA,,engine data,engine,active world files
/mobs/8025.json,src/pages/mobs/[vnum].json.ts,agent-json,generated machine-readable record,3,schema-and-sample QA,,engine data,engine,active world files
/mobs/8025/,src/pages/mobs/[vnum].astro,mobs,generated world-file record,3,template-and-sample QA,,engine data,engine,active world files
/mobs/8026.json,src/pages/mobs/[vnum].json.ts,agent-json,generated machine-readable record,3,schema-and-sample QA,,engine data,engine,active world files
/mobs/8026/,src/pages/mobs/[vnum].astro,mobs,generated world-file record,3,template-and-sample QA,,engine data,engine,active world files
/mobs/8027.json,src/pages/mobs/[vnum].json.ts,agent-json,generated machine-readable record,3,schema-and-sample QA,,engine data,engine,active world files
/mobs/8027/,src/pages/mobs/[vnum].astro,mobs,generated world-file record,3,template-and-sample QA,,engine data,engine,active world files
/mobs/8059.json,src/pages/mobs/[vnum].json.ts,agent-json,generated machine-readable record,3,schema-and-sample QA,,engine data,engine,active world files
/mobs/8059/,src/pages/mobs/[vnum].astro,mobs,generated world-file record,3,template-and-sample QA,,engine data,engine,active world files
/mobs/8060.json,src/pages/mobs/[vnum].json.ts,agent-json,generated machine-readable record,3,schema-and-sample QA,,engine data,engine,active world files
/mobs/8060/,src/pages/mobs/[vnum].astro,mobs,generated world-file record,3,template-and-sample QA,,engine data,engine,active world files
/mobs/8061.json,src/pages/mobs/[vnum].json.ts,agent-json,generated machine-readable record,3,schema-and-sample QA,,engine data,engine,active world files
/mobs/8061/,src/pages/mobs/[vnum].astro,mobs,generated world-file record,3,template-and-sample QA,,engine data,engine,active world files
/mobs/8062.json,src/pages/mobs/[vnum].json.ts,agent-json,generated machine-readable record,3,schema-and-sample QA,,engine data,engine,active world files
/mobs/8062/,src/pages/mobs/[vnum].astro,mobs,generated world-file record,3,template-and-sample QA,,engine data,engine,active world files
/mobs/8063.json,src/pages/mobs/[vnum].json.ts,agent-json,generated machine-readable record,3,schema-and-sample QA,,engine data,engine,active world files
/mobs/8063/,src/pages/mobs/[vnum].astro,mobs,generated world-file record,3,template-and-sample QA,,engine data,engine,active world files
/mobs/8066.json,src/pages/mobs/[vnum].json.ts,agent-json,generated machine-readable record,3,schema-and-sample QA,,engine data,engine,active world files
/mobs/8066/,src/pages/mobs/[vnum].astro,mobs,generated world-file record,3,template-and-sample QA,,engine data,engine,active world files
/mobs/8067.json,src/pages/mobs/[vnum].json.ts,agent-json,generated machine-readable record,3,schema-and-sample QA,,engine data,engine,active world files
/mobs/8067/,src/pages/mobs/[vnum].astro,mobs,generated world-file record,3,template-and-sample QA,,engine data,engine,active world files
/mobs/8068.json,src/pages/mobs/[vnum].json.ts,agent-json,generated machine-readable record,3,schema-and-sample QA,,engine data,engine,active world files
/mobs/8068/,src/pages/mobs/[vnum].astro,mobs,generated world-file record,3,template-and-sample QA,,engine data,engine,active world files
/mobs/8069.json,src/pages/mobs/[vnum].json.ts,agent-json,generated machine-readable record,3,schema-and-sample QA,,engine data,engine,active world files
/mobs/8069/,src/pages/mobs/[vnum].astro,mobs,generated world-file record,3,template-and-sample QA,,engine data,engine,active world files
/mobs/8070.json,src/pages/mobs/[vnum].json.ts,agent-json,generated machine-readable record,3,schema-and-sample QA,,engine data,engine,active world files
/mobs/8070/,src/pages/mobs/[vnum].astro,mobs,generated world-file record,3,template-and-sample QA,,engine data,engine,active world files
/mobs/8071.json,src/pages/mobs/[vnum].json.ts,agent-json,generated machine-readable record,3,schema-and-sample QA,,engine data,engine,active world files
/mobs/8071/,src/pages/mobs/[vnum].astro,mobs,generated world-file record,3,template-and-sample QA,,engine data,engine,active world files
/mobs/8072.json,src/pages/mobs/[vnum].json.ts,agent-json,generated machine-readable record,3,schema-and-sample QA,,engine data,engine,active world files
/mobs/8072/,src/pages/mobs/[vnum].astro,mobs,generated world-file record,3,template-and-sample QA,,engine data,engine,active world files
/mobs/8074.json,src/pages/mobs/[vnum].json.ts,agent-json,generated machine-readable record,3,schema-and-sample QA,,engine data,engine,active world files
/mobs/8074/,src/pages/mobs/[vnum].astro,mobs,generated world-file record,3,template-and-sample QA,,engine data,engine,active world files
/mobs/8076.json,src/pages/mobs/[vnum].json.ts,agent-json,generated machine-readable record,3,schema-and-sample QA,,engine data,engine,active world files
/mobs/8076/,src/pages/mobs/[vnum].astro,mobs,generated world-file record,3,template-and-sample QA,,engine data,engine,active world files
/mobs/8078.json,src/pages/mobs/[vnum].json.ts,agent-json,generated machine-readable record,3,schema-and-sample QA,,engine data,engine,active world files
/mobs/8078/,src/pages/mobs/[vnum].astro,mobs,generated world-file record,3,template-and-sample QA,,engine data,engine,active world files
/mobs/8079.json,src/pages/mobs/[vnum].json.ts,agent-json,generated machine-readable record,3,schema-and-sample QA,,engine data,engine,active world files
/mobs/8079/,src/pages/mobs/[vnum].astro,mobs,generated world-file record,3,template-and-sample QA,,engine data,engine,active world files
/mobs/8080.json,src/pages/mobs/[vnum].json.ts,agent-json,generated machine-readable record,3,schema-and-sample QA,,engine data,engine,active world files
/mobs/8080/,src/pages/mobs/[vnum].astro,mobs,generated world-file record,3,template-and-sample QA,,engine data,engine,active world files
/mobs/8081.json,src/pages/mobs/[vnum].json.ts,agent-json,generated machine-readable record,3,schema-and-sample QA,,engine data,engine,active world files
/mobs/8081/,src/pages/mobs/[vnum].astro,mobs,generated world-file record,3,template-and-sample QA,,engine data,engine,active world files
/mobs/8083.json,src/pages/mobs/[vnum].json.ts,agent-json,generated machine-readable record,3,schema-and-sample QA,,engine data,engine,active world files
/mobs/8083/,src/pages/mobs/[vnum].astro,mobs,generated world-file record,3,template-and-sample QA,,engine data,engine,active world files
/mobs/8086.json,src/pages/mobs/[vnum].json.ts,agent-json,generated machine-readable record,3,schema-and-sample QA,,engine data,engine,active world files
/mobs/8086/,src/pages/mobs/[vnum].astro,mobs,generated world-file record,3,template-and-sample QA,,engine data,engine,active world files
/mobs/8087.json,src/pages/mobs/[vnum].json.ts,agent-json,generated machine-readable record,3,schema-and-sample QA,,engine data,engine,active world files
/mobs/8087/,src/pages/mobs/[vnum].astro,mobs,generated world-file record,3,template-and-sample QA,,engine data,engine,active world files
/mobs/8088.json,src/pages/mobs/[vnum].json.ts,agent-json,generated machine-readable record,3,schema-and-sample QA,,engine data,engine,active world files
/mobs/8088/,src/pages/mobs/[vnum].astro,mobs,generated world-file record,3,template-and-sample QA,,engine data,engine,active world files
/mobs/8089.json,src/pages/mobs/[vnum].json.ts,agent-json,generated machine-readable record,3,schema-and-sample QA,,engine data,engine,active world files
/mobs/8089/,src/pages/mobs/[vnum].astro,mobs,generated world-file record,3,template-and-sample QA,,engine data,engine,active world files
/mobs/8092.json,src/pages/mobs/[vnum].json.ts,agent-json,generated machine-readable record,3,schema-and-sample QA,,engine data,engine,active world files
/mobs/8092/,src/pages/mobs/[vnum].astro,mobs,generated world-file record,3,template-and-sample QA,,engine data,engine,active world files
/mobs/8093.json,src/pages/mobs/[vnum].json.ts,agent-json,generated machine-readable record,3,schema-and-sample QA,,engine data,engine,active world files
/mobs/8093/,src/pages/mobs/[vnum].astro,mobs,generated world-file record,3,template-and-sample QA,,engine data,engine,active world files
/mobs/8095.json,src/pages/mobs/[vnum].json.ts,agent-json,generated machine-readable record,3,schema-and-sample QA,,engine data,engine,active world files
/mobs/8095/,src/pages/mobs/[vnum].astro,mobs,generated world-file record,3,template-and-sample QA,,engine data,engine,active world files
/mobs/8096.json,src/pages/mobs/[vnum].json.ts,agent-json,generated machine-readable record,3,schema-and-sample QA,,engine data,engine,active world files
/mobs/8096/,src/pages/mobs/[vnum].astro,mobs,generated world-file record,3,template-and-sample QA,,engine data,engine,active world files
/mobs/81.json,src/pages/mobs/[vnum].json.ts,agent-json,generated machine-readable record,3,schema-and-sample QA,,engine data,engine,active world files
/mobs/81/,src/pages/mobs/[vnum].astro,mobs,generated world-file record,3,template-and-sample QA,,engine data,engine,active world files
/mobs/82.json,src/pages/mobs/[vnum].json.ts,agent-json,generated machine-readable record,3,schema-and-sample QA,,engine data,engine,active world files
/mobs/82/,src/pages/mobs/[vnum].astro,mobs,generated world-file record,3,template-and-sample QA,,engine data,engine,active world files
/mobs/83.json,src/pages/mobs/[vnum].json.ts,agent-json,generated machine-readable record,3,schema-and-sample QA,,engine data,engine,active world files
/mobs/83/,src/pages/mobs/[vnum].astro,mobs,generated world-file record,3,template-and-sample QA,,engine data,engine,active world files
/mobs/84.json,src/pages/mobs/[vnum].json.ts,agent-json,generated machine-readable record,3,schema-and-sample QA,,engine data,engine,active world files
/mobs/84/,src/pages/mobs/[vnum].astro,mobs,generated world-file record,3,template-and-sample QA,,engine data,engine,active world files
/mobs/85.json,src/pages/mobs/[vnum].json.ts,agent-json,generated machine-readable record,3,schema-and-sample QA,,engine data,engine,active world files
/mobs/85/,src/pages/mobs/[vnum].astro,mobs,generated world-file record,3,template-and-sample QA,,engine data,engine,active world files
/mobs/8501.json,src/pages/mobs/[vnum].json.ts,agent-json,generated machine-readable record,3,schema-and-sample QA,,engine data,engine,active world files
/mobs/8501/,src/pages/mobs/[vnum].astro,mobs,generated world-file record,3,template-and-sample QA,,engine data,engine,active world files
/mobs/8502.json,src/pages/mobs/[vnum].json.ts,agent-json,generated machine-readable record,3,schema-and-sample QA,,engine data,engine,active world files
/mobs/8502/,src/pages/mobs/[vnum].astro,mobs,generated world-file record,3,template-and-sample QA,,engine data,engine,active world files
/mobs/8503.json,src/pages/mobs/[vnum].json.ts,agent-json,generated machine-readable record,3,schema-and-sample QA,,engine data,engine,active world files
/mobs/8503/,src/pages/mobs/[vnum].astro,mobs,generated world-file record,3,template-and-sample QA,,engine data,engine,active world files
/mobs/8504.json,src/pages/mobs/[vnum].json.ts,agent-json,generated machine-readable record,3,schema-and-sample QA,,engine data,engine,active world files
/mobs/8504/,src/pages/mobs/[vnum].astro,mobs,generated world-file record,3,template-and-sample QA,,engine data,engine,active world files
/mobs/8505.json,src/pages/mobs/[vnum].json.ts,agent-json,generated machine-readable record,3,schema-and-sample QA,,engine data,engine,active world files
/mobs/8505/,src/pages/mobs/[vnum].astro,mobs,generated world-file record,3,template-and-sample QA,,engine data,engine,active world files
/mobs/8506.json,src/pages/mobs/[vnum].json.ts,agent-json,generated machine-readable record,3,schema-and-sample QA,,engine data,engine,active world files
/mobs/8506/,src/pages/mobs/[vnum].astro,mobs,generated world-file record,3,template-and-sample QA,,engine data,engine,active world files
/mobs/8507.json,src/pages/mobs/[vnum].json.ts,agent-json,generated machine-readable record,3,schema-and-sample QA,,engine data,engine,active world files
/mobs/8507/,src/pages/mobs/[vnum].astro,mobs,generated world-file record,3,template-and-sample QA,,engine data,engine,active world files
/mobs/8508.json,src/pages/mobs/[vnum].json.ts,agent-json,generated machine-readable record,3,schema-and-sample QA,,engine data,engine,active world files
/mobs/8508/,src/pages/mobs/[vnum].astro,mobs,generated world-file record,3,template-and-sample QA,,engine data,engine,active world files
/mobs/8509.json,src/pages/mobs/[vnum].json.ts,agent-json,generated machine-readable record,3,schema-and-sample QA,,engine data,engine,active world files
/mobs/8509/,src/pages/mobs/[vnum].astro,mobs,generated world-file record,3,template-and-sample QA,,engine data,engine,active world files
/mobs/8511.json,src/pages/mobs/[vnum].json.ts,agent-json,generated machine-readable record,3,schema-and-sample QA,,engine data,engine,active world files
/mobs/8511/,src/pages/mobs/[vnum].astro,mobs,generated world-file record,3,template-and-sample QA,,engine data,engine,active world files
/mobs/8512.json,src/pages/mobs/[vnum].json.ts,agent-json,generated machine-readable record,3,schema-and-sample QA,,engine data,engine,active world files
/mobs/8512/,src/pages/mobs/[vnum].astro,mobs,generated world-file record,3,template-and-sample QA,,engine data,engine,active world files
/mobs/8513.json,src/pages/mobs/[vnum].json.ts,agent-json,generated machine-readable record,3,schema-and-sample QA,,engine data,engine,active world files
/mobs/8513/,src/pages/mobs/[vnum].astro,mobs,generated world-file record,3,template-and-sample QA,,engine data,engine,active world files
/mobs/8514.json,src/pages/mobs/[vnum].json.ts,agent-json,generated machine-readable record,3,schema-and-sample QA,,engine data,engine,active world files
/mobs/8514/,src/pages/mobs/[vnum].astro,mobs,generated world-file record,3,template-and-sample QA,,engine data,engine,active world files
/mobs/8515.json,src/pages/mobs/[vnum].json.ts,agent-json,generated machine-readable record,3,schema-and-sample QA,,engine data,engine,active world files
/mobs/8515/,src/pages/mobs/[vnum].astro,mobs,generated world-file record,3,template-and-sample QA,,engine data,engine,active world files
/mobs/8550.json,src/pages/mobs/[vnum].json.ts,agent-json,generated machine-readable record,3,schema-and-sample QA,,engine data,engine,active world files
/mobs/8550/,src/pages/mobs/[vnum].astro,mobs,generated world-file record,3,template-and-sample QA,,engine data,engine,active world files
/mobs/8551.json,src/pages/mobs/[vnum].json.ts,agent-json,generated machine-readable record,3,schema-and-sample QA,,engine data,engine,active world files
/mobs/8551/,src/pages/mobs/[vnum].astro,mobs,generated world-file record,3,template-and-sample QA,,engine data,engine,active world files
/mobs/8552.json,src/pages/mobs/[vnum].json.ts,agent-json,generated machine-readable record,3,schema-and-sample QA,,engine data,engine,active world files
/mobs/8552/,src/pages/mobs/[vnum].astro,mobs,generated world-file record,3,template-and-sample QA,,engine data,engine,active world files
/mobs/8553.json,src/pages/mobs/[vnum].json.ts,agent-json,generated machine-readable record,3,schema-and-sample QA,,engine data,engine,active world files
/mobs/8553/,src/pages/mobs/[vnum].astro,mobs,generated world-file record,3,template-and-sample QA,,engine data,engine,active world files
/mobs/8554.json,src/pages/mobs/[vnum].json.ts,agent-json,generated machine-readable record,3,schema-and-sample QA,,engine data,engine,active world files
/mobs/8554/,src/pages/mobs/[vnum].astro,mobs,generated world-file record,3,template-and-sample QA,,engine data,engine,active world files
/mobs/8555.json,src/pages/mobs/[vnum].json.ts,agent-json,generated machine-readable record,3,schema-and-sample QA,,engine data,engine,active world files
/mobs/8555/,src/pages/mobs/[vnum].astro,mobs,generated world-file record,3,template-and-sample QA,,engine data,engine,active world files
/mobs/8556.json,src/pages/mobs/[vnum].json.ts,agent-json,generated machine-readable record,3,schema-and-sample QA,,engine data,engine,active world files
/mobs/8556/,src/pages/mobs/[vnum].astro,mobs,generated world-file record,3,template-and-sample QA,,engine data,engine,active world files
/mobs/8557.json,src/pages/mobs/[vnum].json.ts,agent-json,generated machine-readable record,3,schema-and-sample QA,,engine data,engine,active world files
/mobs/8557/,src/pages/mobs/[vnum].astro,mobs,generated world-file record,3,template-and-sample QA,,engine data,engine,active world files
/mobs/8558.json,src/pages/mobs/[vnum].json.ts,agent-json,generated machine-readable record,3,schema-and-sample QA,,engine data,engine,active world files
/mobs/8558/,src/pages/mobs/[vnum].astro,mobs,generated world-file record,3,template-and-sample QA,,engine data,engine,active world files
/mobs/86.json,src/pages/mobs/[vnum].json.ts,agent-json,generated machine-readable record,3,schema-and-sample QA,,engine data,engine,active world files
/mobs/86/,src/pages/mobs/[vnum].astro,mobs,generated world-file record,3,template-and-sample QA,,engine data,engine,active world files
/mobs/87.json,src/pages/mobs/[vnum].json.ts,agent-json,generated machine-readable record,3,schema-and-sample QA,,engine data,engine,active world files
/mobs/87/,src/pages/mobs/[vnum].astro,mobs,generated world-file record,3,template-and-sample QA,,engine data,engine,active world files
/mobs/9.json,src/pages/mobs/[vnum].json.ts,agent-json,generated machine-readable record,3,schema-and-sample QA,,engine data,engine,active world files
/mobs/9/,src/pages/mobs/[vnum].astro,mobs,generated world-file record,3,template-and-sample QA,,engine data,engine,active world files
/mobs/9101.json,src/pages/mobs/[vnum].json.ts,agent-json,generated machine-readable record,3,schema-and-sample QA,,engine data,engine,active world files
/mobs/9101/,src/pages/mobs/[vnum].astro,mobs,generated world-file record,3,template-and-sample QA,,engine data,engine,active world files
/mobs/9102.json,src/pages/mobs/[vnum].json.ts,agent-json,generated machine-readable record,3,schema-and-sample QA,,engine data,engine,active world files
/mobs/9102/,src/pages/mobs/[vnum].astro,mobs,generated world-file record,3,template-and-sample QA,,engine data,engine,active world files
/mobs/9103.json,src/pages/mobs/[vnum].json.ts,agent-json,generated machine-readable record,3,schema-and-sample QA,,engine data,engine,active world files
/mobs/9103/,src/pages/mobs/[vnum].astro,mobs,generated world-file record,3,template-and-sample QA,,engine data,engine,active world files
/mobs/9104.json,src/pages/mobs/[vnum].json.ts,agent-json,generated machine-readable record,3,schema-and-sample QA,,engine data,engine,active world files
/mobs/9104/,src/pages/mobs/[vnum].astro,mobs,generated world-file record,3,template-and-sample QA,,engine data,engine,active world files
/mobs/9105.json,src/pages/mobs/[vnum].json.ts,agent-json,generated machine-readable record,3,schema-and-sample QA,,engine data,engine,active world files
/mobs/9105/,src/pages/mobs/[vnum].astro,mobs,generated world-file record,3,template-and-sample QA,,engine data,engine,active world files
/mobs/9106.json,src/pages/mobs/[vnum].json.ts,agent-json,generated machine-readable record,3,schema-and-sample QA,,engine data,engine,active world files
/mobs/9106/,src/pages/mobs/[vnum].astro,mobs,generated world-file record,3,template-and-sample QA,,engine data,engine,active world files
/mobs/9107.json,src/pages/mobs/[vnum].json.ts,agent-json,generated machine-readable record,3,schema-and-sample QA,,engine data,engine,active world files
/mobs/9107/,src/pages/mobs/[vnum].astro,mobs,generated world-file record,3,template-and-sample QA,,engine data,engine,active world files
/mobs/9108.json,src/pages/mobs/[vnum].json.ts,agent-json,generated machine-readable record,3,schema-and-sample QA,,engine data,engine,active world files
/mobs/9108/,src/pages/mobs/[vnum].astro,mobs,generated world-file record,3,template-and-sample QA,,engine data,engine,active world files
/mobs/9109.json,src/pages/mobs/[vnum].json.ts,agent-json,generated machine-readable record,3,schema-and-sample QA,,engine data,engine,active world files
/mobs/9109/,src/pages/mobs/[vnum].astro,mobs,generated world-file record,3,template-and-sample QA,,engine data,engine,active world files
/mobs/9110.json,src/pages/mobs/[vnum].json.ts,agent-json,generated machine-readable record,3,schema-and-sample QA,,engine data,engine,active world files
/mobs/9110/,src/pages/mobs/[vnum].astro,mobs,generated world-file record,3,template-and-sample QA,,engine data,engine,active world files
/mobs/9111.json,src/pages/mobs/[vnum].json.ts,agent-json,generated machine-readable record,3,schema-and-sample QA,,engine data,engine,active world files
/mobs/9111/,src/pages/mobs/[vnum].astro,mobs,generated world-file record,3,template-and-sample QA,,engine data,engine,active world files
/mobs/9112.json,src/pages/mobs/[vnum].json.ts,agent-json,generated machine-readable record,3,schema-and-sample QA,,engine data,engine,active world files
/mobs/9112/,src/pages/mobs/[vnum].astro,mobs,generated world-file record,3,template-and-sample QA,,engine data,engine,active world files
/mobs/9113.json,src/pages/mobs/[vnum].json.ts,agent-json,generated machine-readable record,3,schema-and-sample QA,,engine data,engine,active world files
/mobs/9113/,src/pages/mobs/[vnum].astro,mobs,generated world-file record,3,template-and-sample QA,,engine data,engine,active world files
/mobs/9114.json,src/pages/mobs/[vnum].json.ts,agent-json,generated machine-readable record,3,schema-and-sample QA,,engine data,engine,active world files
/mobs/9114/,src/pages/mobs/[vnum].astro,mobs,generated world-file record,3,template-and-sample QA,,engine data,engine,active world files
/mobs/9115.json,src/pages/mobs/[vnum].json.ts,agent-json,generated machine-readable record,3,schema-and-sample QA,,engine data,engine,active world files
/mobs/9115/,src/pages/mobs/[vnum].astro,mobs,generated world-file record,3,template-and-sample QA,,engine data,engine,active world files
/mobs/9116.json,src/pages/mobs/[vnum].json.ts,agent-json,generated machine-readable record,3,schema-and-sample QA,,engine data,engine,active world files
/mobs/9116/,src/pages/mobs/[vnum].astro,mobs,generated world-file record,3,template-and-sample QA,,engine data,engine,active world files
/mobs/9117.json,src/pages/mobs/[vnum].json.ts,agent-json,generated machine-readable record,3,schema-and-sample QA,,engine data,engine,active world files
/mobs/9117/,src/pages/mobs/[vnum].astro,mobs,generated world-file record,3,template-and-sample QA,,engine data,engine,active world files
/mobs/9118.json,src/pages/mobs/[vnum].json.ts,agent-json,generated machine-readable record,3,schema-and-sample QA,,engine data,engine,active world files
/mobs/9118/,src/pages/mobs/[vnum].astro,mobs,generated world-file record,3,template-and-sample QA,,engine data,engine,active world files
/mobs/9119.json,src/pages/mobs/[vnum].json.ts,agent-json,generated machine-readable record,3,schema-and-sample QA,,engine data,engine,active world files
/mobs/9119/,src/pages/mobs/[vnum].astro,mobs,generated world-file record,3,template-and-sample QA,,engine data,engine,active world files
/mobs/9120.json,src/pages/mobs/[vnum].json.ts,agent-json,generated machine-readable record,3,schema-and-sample QA,,engine data,engine,active world files
/mobs/9120/,src/pages/mobs/[vnum].astro,mobs,generated world-file record,3,template-and-sample QA,,engine data,engine,active world files
/mobs/9121.json,src/pages/mobs/[vnum].json.ts,agent-json,generated machine-readable record,3,schema-and-sample QA,,engine data,engine,active world files
/mobs/9121/,src/pages/mobs/[vnum].astro,mobs,generated world-file record,3,template-and-sample QA,,engine data,engine,active world files
/mobs/9122.json,src/pages/mobs/[vnum].json.ts,agent-json,generated machine-readable record,3,schema-and-sample QA,,engine data,engine,active world files
/mobs/9122/,src/pages/mobs/[vnum].astro,mobs,generated world-file record,3,template-and-sample QA,,engine data,engine,active world files
/mobs/9123.json,src/pages/mobs/[vnum].json.ts,agent-json,generated machine-readable record,3,schema-and-sample QA,,engine data,engine,active world files
/mobs/9123/,src/pages/mobs/[vnum].astro,mobs,generated world-file record,3,template-and-sample QA,,engine data,engine,active world files
/mobs/9124.json,src/pages/mobs/[vnum].json.ts,agent-json,generated machine-readable record,3,schema-and-sample QA,,engine data,engine,active world files
/mobs/9124/,src/pages/mobs/[vnum].astro,mobs,generated world-file record,3,template-and-sample QA,,engine data,engine,active world files
/mobs/9125.json,src/pages/mobs/[vnum].json.ts,agent-json,generated machine-readable record,3,schema-and-sample QA,,engine data,engine,active world files
/mobs/9125/,src/pages/mobs/[vnum].astro,mobs,generated world-file record,3,template-and-sample QA,,engine data,engine,active world files
/mobs/9126.json,src/pages/mobs/[vnum].json.ts,agent-json,generated machine-readable record,3,schema-and-sample QA,,engine data,engine,active world files
/mobs/9126/,src/pages/mobs/[vnum].astro,mobs,generated world-file record,3,template-and-sample QA,,engine data,engine,active world files
/mobs/9127.json,src/pages/mobs/[vnum].json.ts,agent-json,generated machine-readable record,3,schema-and-sample QA,,engine data,engine,active world files
/mobs/9127/,src/pages/mobs/[vnum].astro,mobs,generated world-file record,3,template-and-sample QA,,engine data,engine,active world files
/mobs/9128.json,src/pages/mobs/[vnum].json.ts,agent-json,generated machine-readable record,3,schema-and-sample QA,,engine data,engine,active world files
/mobs/9128/,src/pages/mobs/[vnum].astro,mobs,generated world-file record,3,template-and-sample QA,,engine data,engine,active world files
/mobs/9129.json,src/pages/mobs/[vnum].json.ts,agent-json,generated machine-readable record,3,schema-and-sample QA,,engine data,engine,active world files
/mobs/9129/,src/pages/mobs/[vnum].astro,mobs,generated world-file record,3,template-and-sample QA,,engine data,engine,active world files
/mobs/9130.json,src/pages/mobs/[vnum].json.ts,agent-json,generated machine-readable record,3,schema-and-sample QA,,engine data,engine,active world files
/mobs/9130/,src/pages/mobs/[vnum].astro,mobs,generated world-file record,3,template-and-sample QA,,engine data,engine,active world files
/mobs/9131.json,src/pages/mobs/[vnum].json.ts,agent-json,generated machine-readable record,3,schema-and-sample QA,,engine data,engine,active world files
/mobs/9131/,src/pages/mobs/[vnum].astro,mobs,generated world-file record,3,template-and-sample QA,,engine data,engine,active world files
/mobs/9132.json,src/pages/mobs/[vnum].json.ts,agent-json,generated machine-readable record,3,schema-and-sample QA,,engine data,engine,active world files
/mobs/9132/,src/pages/mobs/[vnum].astro,mobs,generated world-file record,3,template-and-sample QA,,engine data,engine,active world files
/mobs/9133.json,src/pages/mobs/[vnum].json.ts,agent-json,generated machine-readable record,3,schema-and-sample QA,,engine data,engine,active world files
/mobs/9133/,src/pages/mobs/[vnum].astro,mobs,generated world-file record,3,template-and-sample QA,,engine data,engine,active world files
/mobs/9134.json,src/pages/mobs/[vnum].json.ts,agent-json,generated machine-readable record,3,schema-and-sample QA,,engine data,engine,active world files
/mobs/9134/,src/pages/mobs/[vnum].astro,mobs,generated world-file record,3,template-and-sample QA,,engine data,engine,active world files
/mobs/9135.json,src/pages/mobs/[vnum].json.ts,agent-json,generated machine-readable record,3,schema-and-sample QA,,engine data,engine,active world files
/mobs/9135/,src/pages/mobs/[vnum].astro,mobs,generated world-file record,3,template-and-sample QA,,engine data,engine,active world files
/mobs/9136.json,src/pages/mobs/[vnum].json.ts,agent-json,generated machine-readable record,3,schema-and-sample QA,,engine data,engine,active world files
/mobs/9136/,src/pages/mobs/[vnum].astro,mobs,generated world-file record,3,template-and-sample QA,,engine data,engine,active world files
/mobs/9137.json,src/pages/mobs/[vnum].json.ts,agent-json,generated machine-readable record,3,schema-and-sample QA,,engine data,engine,active world files
/mobs/9137/,src/pages/mobs/[vnum].astro,mobs,generated world-file record,3,template-and-sample QA,,engine data,engine,active world files
/mobs/9138.json,src/pages/mobs/[vnum].json.ts,agent-json,generated machine-readable record,3,schema-and-sample QA,,engine data,engine,active world files
/mobs/9138/,src/pages/mobs/[vnum].astro,mobs,generated world-file record,3,template-and-sample QA,,engine data,engine,active world files
/mobs/9139.json,src/pages/mobs/[vnum].json.ts,agent-json,generated machine-readable record,3,schema-and-sample QA,,engine data,engine,active world files
/mobs/9139/,src/pages/mobs/[vnum].astro,mobs,generated world-file record,3,template-and-sample QA,,engine data,engine,active world files
/mobs/9140.json,src/pages/mobs/[vnum].json.ts,agent-json,generated machine-readable record,3,schema-and-sample QA,,engine data,engine,active world files
/mobs/9140/,src/pages/mobs/[vnum].astro,mobs,generated world-file record,3,template-and-sample QA,,engine data,engine,active world files
/mobs/9141.json,src/pages/mobs/[vnum].json.ts,agent-json,generated machine-readable record,3,schema-and-sample QA,,engine data,engine,active world files
/mobs/9141/,src/pages/mobs/[vnum].astro,mobs,generated world-file record,3,template-and-sample QA,,engine data,engine,active world files
/mobs/9142.json,src/pages/mobs/[vnum].json.ts,agent-json,generated machine-readable record,3,schema-and-sample QA,,engine data,engine,active world files
/mobs/9142/,src/pages/mobs/[vnum].astro,mobs,generated world-file record,3,template-and-sample QA,,engine data,engine,active world files
/mobs/9143.json,src/pages/mobs/[vnum].json.ts,agent-json,generated machine-readable record,3,schema-and-sample QA,,engine data,engine,active world files
/mobs/9143/,src/pages/mobs/[vnum].astro,mobs,generated world-file record,3,template-and-sample QA,,engine data,engine,active world files
/mobs/9144.json,src/pages/mobs/[vnum].json.ts,agent-json,generated machine-readable record,3,schema-and-sample QA,,engine data,engine,active world files
/mobs/9144/,src/pages/mobs/[vnum].astro,mobs,generated world-file record,3,template-and-sample QA,,engine data,engine,active world files
/mobs/9145.json,src/pages/mobs/[vnum].json.ts,agent-json,generated machine-readable record,3,schema-and-sample QA,,engine data,engine,active world files
/mobs/9145/,src/pages/mobs/[vnum].astro,mobs,generated world-file record,3,template-and-sample QA,,engine data,engine,active world files
/mobs/9146.json,src/pages/mobs/[vnum].json.ts,agent-json,generated machine-readable record,3,schema-and-sample QA,,engine data,engine,active world files
/mobs/9146/,src/pages/mobs/[vnum].astro,mobs,generated world-file record,3,template-and-sample QA,,engine data,engine,active world files
/mobs/9147.json,src/pages/mobs/[vnum].json.ts,agent-json,generated machine-readable record,3,schema-and-sample QA,,engine data,engine,active world files
/mobs/9147/,src/pages/mobs/[vnum].astro,mobs,generated world-file record,3,template-and-sample QA,,engine data,engine,active world files
/mobs/9148.json,src/pages/mobs/[vnum].json.ts,agent-json,generated machine-readable record,3,schema-and-sample QA,,engine data,engine,active world files
/mobs/9148/,src/pages/mobs/[vnum].astro,mobs,generated world-file record,3,template-and-sample QA,,engine data,engine,active world files
/mobs/9149.json,src/pages/mobs/[vnum].json.ts,agent-json,generated machine-readable record,3,schema-and-sample QA,,engine data,engine,active world files
/mobs/9149/,src/pages/mobs/[vnum].astro,mobs,generated world-file record,3,template-and-sample QA,,engine data,engine,active world files
/mobs/9150.json,src/pages/mobs/[vnum].json.ts,agent-json,generated machine-readable record,3,schema-and-sample QA,,engine data,engine,active world files
/mobs/9150/,src/pages/mobs/[vnum].astro,mobs,generated world-file record,3,template-and-sample QA,,engine data,engine,active world files
/mobs/9151.json,src/pages/mobs/[vnum].json.ts,agent-json,generated machine-readable record,3,schema-and-sample QA,,engine data,engine,active world files
/mobs/9151/,src/pages/mobs/[vnum].astro,mobs,generated world-file record,3,template-and-sample QA,,engine data,engine,active world files
/mobs/9152.json,src/pages/mobs/[vnum].json.ts,agent-json,generated machine-readable record,3,schema-and-sample QA,,engine data,engine,active world files
/mobs/9152/,src/pages/mobs/[vnum].astro,mobs,generated world-file record,3,template-and-sample QA,,engine data,engine,active world files
/mobs/9701.json,src/pages/mobs/[vnum].json.ts,agent-json,generated machine-readable record,3,schema-and-sample QA,,engine data,engine,active world files
/mobs/9701/,src/pages/mobs/[vnum].astro,mobs,generated world-file record,3,template-and-sample QA,,engine data,engine,active world files
/mobs/9901.json,src/pages/mobs/[vnum].json.ts,agent-json,generated machine-readable record,3,schema-and-sample QA,,engine data,engine,active world files
/mobs/9901/,src/pages/mobs/[vnum].astro,mobs,generated world-file record,3,template-and-sample QA,,engine data,engine,active world files
/mobs/9902.json,src/pages/mobs/[vnum].json.ts,agent-json,generated machine-readable record,3,schema-and-sample QA,,engine data,engine,active world files
/mobs/9902/,src/pages/mobs/[vnum].astro,mobs,generated world-file record,3,template-and-sample QA,,engine data,engine,active world files
/mobs/9903.json,src/pages/mobs/[vnum].json.ts,agent-json,generated machine-readable record,3,schema-and-sample QA,,engine data,engine,active world files
/mobs/9903/,src/pages/mobs/[vnum].astro,mobs,generated world-file record,3,template-and-sample QA,,engine data,engine,active world files
/mobs/9904.json,src/pages/mobs/[vnum].json.ts,agent-json,generated machine-readable record,3,schema-and-sample QA,,engine data,engine,active world files
/mobs/9904/,src/pages/mobs/[vnum].astro,mobs,generated world-file record,3,template-and-sample QA,,engine data,engine,active world files
/mobs/9905.json,src/pages/mobs/[vnum].json.ts,agent-json,generated machine-readable record,3,schema-and-sample QA,,engine data,engine,active world files
/mobs/9905/,src/pages/mobs/[vnum].astro,mobs,generated world-file record,3,template-and-sample QA,,engine data,engine,active world files
/mobs/9906.json,src/pages/mobs/[vnum].json.ts,agent-json,generated machine-readable record,3,schema-and-sample QA,,engine data,engine,active world files
/mobs/9906/,src/pages/mobs/[vnum].astro,mobs,generated world-file record,3,template-and-sample QA,,engine data,engine,active world files
/mobs/9907.json,src/pages/mobs/[vnum].json.ts,agent-json,generated machine-readable record,3,schema-and-sample QA,,engine data,engine,active world files
/mobs/9907/,src/pages/mobs/[vnum].astro,mobs,generated world-file record,3,template-and-sample QA,,engine data,engine,active world files
/mobs/9908.json,src/pages/mobs/[vnum].json.ts,agent-json,generated machine-readable record,3,schema-and-sample QA,,engine data,engine,active world files
/mobs/9908/,src/pages/mobs/[vnum].astro,mobs,generated world-file record,3,template-and-sample QA,,engine data,engine,active world files
/mobs/9909.json,src/pages/mobs/[vnum].json.ts,agent-json,generated machine-readable record,3,schema-and-sample QA,,engine data,engine,active world files
/mobs/9909/,src/pages/mobs/[vnum].astro,mobs,generated world-file record,3,template-and-sample QA,,engine data,engine,active world files
/mobs/9910.json,src/pages/mobs/[vnum].json.ts,agent-json,generated machine-readable record,3,schema-and-sample QA,,engine data,engine,active world files
/mobs/9910/,src/pages/mobs/[vnum].astro,mobs,generated world-file record,3,template-and-sample QA,,engine data,engine,active world files
/mobs/9911.json,src/pages/mobs/[vnum].json.ts,agent-json,generated machine-readable record,3,schema-and-sample QA,,engine data,engine,active world files
/mobs/9911/,src/pages/mobs/[vnum].astro,mobs,generated world-file record,3,template-and-sample QA,,engine data,engine,active world files
/mobs/9912.json,src/pages/mobs/[vnum].json.ts,agent-json,generated machine-readable record,3,schema-and-sample QA,,engine data,engine,active world files
/mobs/9912/,src/pages/mobs/[vnum].astro,mobs,generated world-file record,3,template-and-sample QA,,engine data,engine,active world files
/mobs/9913.json,src/pages/mobs/[vnum].json.ts,agent-json,generated machine-readable record,3,schema-and-sample QA,,engine data,engine,active world files
/mobs/9913/,src/pages/mobs/[vnum].astro,mobs,generated world-file record,3,template-and-sample QA,,engine data,engine,active world files
/mobs/9914.json,src/pages/mobs/[vnum].json.ts,agent-json,generated machine-readable record,3,schema-and-sample QA,,engine data,engine,active world files
/mobs/9914/,src/pages/mobs/[vnum].astro,mobs,generated world-file record,3,template-and-sample QA,,engine data,engine,active world files
/mobs/9915.json,src/pages/mobs/[vnum].json.ts,agent-json,generated machine-readable record,3,schema-and-sample QA,,engine data,engine,active world files
/mobs/9915/,src/pages/mobs/[vnum].astro,mobs,generated world-file record,3,template-and-sample QA,,engine data,engine,active world files
/mobs/9916.json,src/pages/mobs/[vnum].json.ts,agent-json,generated machine-readable record,3,schema-and-sample QA,,engine data,engine,active world files
/mobs/9916/,src/pages/mobs/[vnum].astro,mobs,generated world-file record,3,template-and-sample QA,,engine data,engine,active world files
/mobs/9917.json,src/pages/mobs/[vnum].json.ts,agent-json,generated machine-readable record,3,schema-and-sample QA,,engine data,engine,active world files
/mobs/9917/,src/pages/mobs/[vnum].astro,mobs,generated world-file record,3,template-and-sample QA,,engine data,engine,active world files
/mobs/9918.json,src/pages/mobs/[vnum].json.ts,agent-json,generated machine-readable record,3,schema-and-sample QA,,engine data,engine,active world files
/mobs/9918/,src/pages/mobs/[vnum].astro,mobs,generated world-file record,3,template-and-sample QA,,engine data,engine,active world files
/mobs/9919.json,src/pages/mobs/[vnum].json.ts,agent-json,generated machine-readable record,3,schema-and-sample QA,,engine data,engine,active world files
/mobs/9919/,src/pages/mobs/[vnum].astro,mobs,generated world-file record,3,template-and-sample QA,,engine data,engine,active world files
/mobs/9920.json,src/pages/mobs/[vnum].json.ts,agent-json,generated machine-readable record,3,schema-and-sample QA,,engine data,engine,active world files
/mobs/9920/,src/pages/mobs/[vnum].astro,mobs,generated world-file record,3,template-and-sample QA,,engine data,engine,active world files
/mobs/9921.json,src/pages/mobs/[vnum].json.ts,agent-json,generated machine-readable record,3,schema-and-sample QA,,engine data,engine,active world files
/mobs/9921/,src/pages/mobs/[vnum].astro,mobs,generated world-file record,3,template-and-sample QA,,engine data,engine,active world files
/mobs/9922.json,src/pages/mobs/[vnum].json.ts,agent-json,generated machine-readable record,3,schema-and-sample QA,,engine data,engine,active world files
/mobs/9922/,src/pages/mobs/[vnum].astro,mobs,generated world-file record,3,template-and-sample QA,,engine data,engine,active world files
/mobs/9923.json,src/pages/mobs/[vnum].json.ts,agent-json,generated machine-readable record,3,schema-and-sample QA,,engine data,engine,active world files
/mobs/9923/,src/pages/mobs/[vnum].astro,mobs,generated world-file record,3,template-and-sample QA,,engine data,engine,active world files
/mobs/9924.json,src/pages/mobs/[vnum].json.ts,agent-json,generated machine-readable record,3,schema-and-sample QA,,engine data,engine,active world files
/mobs/9924/,src/pages/mobs/[vnum].astro,mobs,generated world-file record,3,template-and-sample QA,,engine data,engine,active world files
/play/,src/pages/play.astro,core,authored static page,1,full editorial review,,,,
/world/,src/pages/world/index.astro,hub,authored collection framing,1,full editorial review,,,,
/world/classes/,src/content/world/classes.md,world,authored world reference,2,source and voice review,565,,,
/world/commands/,src/content/world/commands.md,world,authored world reference,2,source and voice review,1474,,,
/world/lore/,src/content/world/lore.md,world,authored world reference,2,source and voice review,19,,,
/world/mechanics/,src/content/world/mechanics.md,world,authored world reference,2,source and voice review,913,,,
/world/progression/,src/content/world/progression.md,world,authored world reference,2,source and voice review,1220,,,
/world/races/,src/content/world/races.md,world,authored world reference,2,source and voice review,652,,,
/world/skills/,src/content/world/skills.md,world,authored world reference,2,source and voice review,710,,,
/world/systems/,src/content/world/systems.md,world,authored world reference,2,source and voice review,447,,,
/world/world-creation/,src/content/world/world-creation.md,world,authored world reference,2,source and voice review,172,,,
/world/zones/,src/content/world/zones.md,world,authored world reference,2,source and voice review,820,,,
/about/archive-index,astro.config.mjs,redirect,redirect to /archive/,5,no copy review,,,,
/about/features,astro.config.mjs,redirect,redirect to /world/,5,no copy review,,,,
/about/site-history,astro.config.mjs,redirect,redirect to /archive/,5,no copy review,,,,
/changelog,astro.config.mjs,redirect,redirect to /,5,no copy review,,,,
/connect,astro.config.mjs,redirect,redirect to /play/,5,no copy review,,,,
/connect/client-downloads,astro.config.mjs,redirect,redirect to /play/#desktop-client,5,no copy review,,,,
/connect/connection-instructions,astro.config.mjs,redirect,redirect to /play/#desktop-client,5,no copy review,,,,
/connect/contact-info,astro.config.mjs,redirect,redirect to /play/,5,no copy review,,,,
/connect/external-links,astro.config.mjs,redirect,redirect to /archive/,5,no copy review,,,,
/credits/player-roster,astro.config.mjs,redirect,redirect to /archive/,5,no copy review,,,,
/credits/wizlist,astro.config.mjs,redirect,redirect to /credits/#archived-staff-list,5,no copy review,,,,
/docs/agents/memory-system,astro.config.mjs,redirect,redirect to /docs/agents/memory,5,no copy review,,,,
/docs/api,astro.config.mjs,redirect,redirect to /docs/agents/protocol,5,no copy review,,,,
/docs/development,astro.config.mjs,redirect,redirect to /docs/server,5,no copy review,,,,
/docs/development/architecture,astro.config.mjs,redirect,redirect to /docs/server/architecture,5,no copy review,,,,
/docs/getting-started/installation,astro.config.mjs,redirect,redirect to /docs/getting-started/local-server,5,no copy review,,,,
/docs/getting-started/quick-start,astro.config.mjs,redirect,redirect to /docs/getting-started/local-server,5,no copy review,,,,
/docs/research/agent-protocols,astro.config.mjs,redirect,redirect to /docs/agents/protocol,5,no copy review,,,,
/docs/research/narrative-memory,astro.config.mjs,redirect,redirect to /docs/agents/memory,5,no copy review,,,,
/research,astro.config.mjs,redirect,redirect to /docs/research,5,no copy review,,,,
