sha256	path
f2a74234502dd93152b5c4759d846c4c5290d4ec5d4e51805fe89bc88f840d84	MANIFEST.md
2d49759840fc960c221f132375cb6403e471966b675160b92fd129974ea3d256	baseline/MANIFEST.md
357cd30fa94be64f15223e3540160900ba7d542b49f3d4be578345d7e44ea249	baseline/package-01.jsonl
7455e9e7afaab48898b57f33f0bfcf87eccd1c3d090d9e778d4229fbfa85fa40	baseline/package-02.jsonl
5e7f360eb812884b27c0ff5942e72dff6d57c81f6f68f466f3795a2a315a7cb6	baseline/package-03.jsonl
2a542101670ac1ed39ef779d60116b178ae9d13a7e5a32fd25fa3de4ff2bd302	baseline/package-04.jsonl
19aa1c25f2a7ba2afe31012bf9c845ce2b8e0a4c5f6c59c4d22d97bbb2019687	baseline/package-05.jsonl
eab4b72671ce8560cb58c3d82da3a0f05a97d8f2300b656271175ac98857832e	baseline/package-06.jsonl
b63fb53d88daa9ec34d0f20d1b2ea3c826c0a51d6e52dceee0312339417ee7a7	baseline/package-07.jsonl
cfab6737baaeea634da92748f101a3549f33e9c48d2f1dedac8535961318a0d6	baseline/package-08.jsonl
59df85fdcf5a7caad961207bfb2ad969ceaa2d3af43d9874dc4e55cf54aba1d5	baseline/package-09.jsonl
e9330368e93f66636bd147af0ac929005ca990f6b029eb4244114e4c290a3c26	baseline/summary.txt
bdacd98d1e50654919c061acc3cff56edb39d945f338ecd8db78a4a56e8961ff	baseline/test-index.json
9d3221e36ef9437952b1cf7be585f918459503abef55b52ef0453669a469478d	baseline/unit-results.tsv
74983334dbaae8a79e5c18d4addc9f1dd39ab9b6fd0a361b2672895ab788cc72	batch01.log
cad9a7885fd6521d38db12c38d71b22ad2296052688a25d0276e6ec4fdf06677	batch02.log
97c2bc64e6f24e19edf196f8e3a7adb1933c6d4b0e2722ae9964c85456d4a4bf	batch03.log
35ea43647192231806aaa828253d4010fc8119308ef55abe6971cea545d84f72	batch04.log
a1b5d66fdb2cc5946b81876e584181107045b8e5a92f3a32822492e5c90ad025	batch05.log
c18c338f417792d4ac1cd6026a19e483c13e79e68ffaa88fbce5839ee31fb0eb	batch06.log
00142a2655698820d75eefb5ba1827177cf3b62c379dba9915ec22109b6d733e	compact-plan-equivalence.json
c6188f78e328b6daa53131381ab7bf422b24cea2718a50d0959045eb20dc9806	fidelity-depth.log
8bf4dfdb77c74ba3715a7ec691c15cfee5f280c4c2cea6dc47ddd060effe5337	gates.json
e3b0c44298fc1c149afbf4c8996fb92427ae41e4649b934ca495991b7852b855	go-build.log
2e43cfef06148b066528a58a28e964ae9fbb666abc967fd0e20cf5c312a2e4ec	go-test.log
e3b0c44298fc1c149afbf4c8996fb92427ae41e4649b934ca495991b7852b855	go-vet.log
0d374d6a5fc7034d73d9ff5e51fc741892717fb3d2cc364c99c997cf722917ed	inspection/M001.txt
34a925ee28e0e1655fdf68cc30db4302aca293827a8abedc877f895022b08943	inspection/M002.txt
660f71f6b7079e2b9a22affbb70394143907ae757225fa640559c040bf17158a	inspection/M003.txt
c1064539de6c8f12faf9b6316000e8d5d051ad31ee10740d7175394e527aded0	inspection/M004.txt
ca05392cbcd672959fc3a61e6323d5ebad2bf7a1230fdb02c4d1920442b9c369	inspection/M005.txt
7b75a3fb375102baeecdf84bb21bbbadff088d4e3b2bdfed718c004226cdc734	inspection/M006.txt
41fda115678a9f7817b5b50a4bb03382942ca8baad4ef154f57bc7750c809947	inspection/M007.txt
b0c3ebead2e89ce4585800594efe3150513ad5bd7ddc2dbf51e4bc9d47176c44	inspection/M008.txt
3e43f15be42f7794b36f1efe00fd2dd0c46de09d26acffd6aa2c1424108df806	inspection/M009.txt
28b4826e62e4c52c1bfc29167b3b9a24ad1d7c28b84f5fbb795d43e39c71a545	inspection/M010.txt
22aedd1265679589228e8df7fb2dd3c5c9134f6987b6a57b60bd39f2177d5659	inspection/M011.txt
1fb971a2c91bfe323df9574d25232bf3c5cf4774fc0a76935cb6092ec15c8f3b	inspection/M012.txt
dfac259f44a66c9d7f07fb2045a4be513074e4106c3b2be4433be891392d067b	inspection/M013.txt
a80c840de3e32fc22cb464f4678b9c59f54acb30c5972254759386cf494ac449	inspection/M014.txt
65801781e0fa713b43ccee48686fdbe77c743f202c2c43dda235208c643d1d4a	inspection/M015.txt
544d20044a8092a4d38ed11ce65476bdf938091618603afad4ec6a9872fe6fb9	inspection/M016.txt
d474fead47657e32da6312f84c4c7a2f0f42e60114710a73e8020547b907ce3b	inspection/M017.txt
bdf4db04ff571bfa478a8cb2f60972c8ce4bced643c86c0e8a4915b15b2d16f6	inspection/M018.txt
2686d6e087b85641ef9d909baa5d1254c78890062f15d8cb8e64cdbbd1b25694	inspection/M019.txt
d417ea665e58f0ed7c7efbf17cff0a00df952d63166607fc5afc99c71bbb7b67	inspection/M020.txt
67343c2bb94b2ad665ebc939dfd936a1f88c57799f28712f127500f119067521	inspection/M021.txt
29a73c1c162a2cce99634b1f1dee31f3a5552849cae76fff3560ec6794e6ee0a	inspection/M022.txt
22d7b14a1eb67b28fbd4e4dbda7724359dc8a0f517767dfa9d8c8819aa74b3d7	inspection/M023.txt
7b1e19708d5b8cb3ea14b3599a5c4cba215320de378464fb06a85bd876164cee	inspection/M024.txt
da7f1c53daeb7db1d3035087ac72696f26922162e9936c02f862bcd97050748f	inspection/M025.txt
0b6e62d7ba67c6bd7832faf88bf1f8754f18abb4814c47d63d3dd1ae428e5b5d	inspection/M026.txt
6f8f9c260e72a45770412789385e048f3ab36764633dc09e15c51d9bd872d4e5	inspection/M027.txt
968d9c340b34cec6e84f669f7d7f45c02c3183fea4dda64e6a9b037a17996792	inspection/M028.txt
1a4856912ec95a003323ac18260683a78165f9da331831ecf5c13b9a06f2271e	inspection/M029.txt
a455f08f10e4658ff1b2eae3d660b6776e307b195951f5b61b09104156bc142c	inspection/M030.txt
33e6a6ade5a8c500c32f012e38e0ad9a6625e961d957a09793d7bd3d35b93038	inspection/M031.txt
b9d6681b9d67ef591b0da04912c5b1bc92ca907a39f4c943a414c4f7d81b140c	inspection/M032.txt
db3e525de7fc2564b6cf7c946a8964ad29bc19e22650e1210261f414f09ec442	inspection/M033.txt
f66054fd4f379470f8d8b59c08f00b6fb6b600e854af2cb73b0526b338b18237	inspection/M034.txt
b0e6b543cfa592cc15319a2c8bdbe091af42b416aca3fa52e09aec3513714085	inspection/M035.txt
88442bc48165f1a14e5678efed16fe4e695c2d7067127f1273259b03fb273f95	inspection/M036.txt
59499d813ea0cdc61fa0c2e5aa85a8c1d516de3d3ca74fa24fd5f30779b0d464	inspection/M037.txt
bf1524432837f66e1ce262e6739e961c797094539fb778c4648ce8dbac72c06c	inspection/M038.txt
00dcd1d27fa135fae151b15c1d92a0fa759acca5542fd6284f49bc3c27dccd1d	inspection/M039.txt
b6aca464e6d44c41fb76502cf8d667c2542f06567f06f487c9b13617685d264f	inspection/M040.txt
de01c80e9cfc250f3a7bbdfa1969a892f6c29d7024939360434688da3c9bdb27	inspection/M041.txt
d8165b2dd97c0127894516ef18479eb15e83aaca63cfa04c6ba7d1a600118b30	inspection/M042.txt
c038800541bc54be1d19059b57be87b9dce6e8addcd082a916ec1d3abac17dd2	inspection/M043.txt
a90d3dccf9358eb3d098eea309e10ebee4ff8a6fee8c6b1a7b232e38b8ec29b6	inspection/M044.txt
fb51284f6093ee202d4f1a156f454c8de3c961fb6db3bfd9568bd07003fe3bb8	inspection/M045.txt
d36e0a660173aa92e5af4208a33bbe143a0926075b6d16a32cf5f55f0b628fa0	inspection/M046.txt
27e2e9e37c97850ce693e66fd3c390e9bc478e4b86bdf7bc7209941b07b5890a	inspection/M047.txt
6841d6de7004eb6ac1195cc8f15c636163689f15356f1229b7e43ddc1f93f602	inspection/M048.txt
aaa4cfdc7655f7162bb1d7b4445a355766a8e17ed1747b8c2a74d535da5cf359	inspection/M049.txt
a51593b96eb991adf934822ab231c6969a67173143a57dc4640d488a96b1b012	inspection/M050.txt
8f26d5c76c0833a422bf60efaeb8f434aaf2a36f56595f8dc1f47210cb477bec	inspection/M051.txt
6bb5852b451c9e5df887dcae569b95011d0dedcf1a75f2c415449acca410ad92	inspection/M052.txt
66030a3f4dca5f294651b39ee6afa53d0eadcd4a143877742df1eb149e649440	inspection/M053.txt
935619f014a0bd85464cbb3961b3b1e6fccf05cf7a32b493420253a97c424900	inspection/M054.txt
80c27369499a72b1c949846844c291f8915571b159696b68073716dc8e93ef9e	inspection/M055.txt
6f963374d68dc3f367f7cd198874e462aecec4a1c9eb812325cb09b94b949f4c	inspection/M056.txt
d1ee3ec196a8edca278448cc398650bbb88a24966f5efa381e88d424f30d9c6b	inspection/M057.txt
04e1ec13757adc24a1ca67797effbc768eb80db9475d0a8180ed601140faa4e3	inspection/M058.txt
6da1d340585d88ec06c1b59d1a3aba7f0fa8bb6cd0dd7c14154a815f9d38123b	inspection/M059.txt
ee31cba7345576c668b9ad2a1c34f375aaaf7e03c20ee5f02d959604caf2bdbd	inspection/M060.txt
93ffb3a926ef91410aa3b69729f4ba8fcbf6f5b7b2927d3396abbda791d1eba0	inspection/M061.txt
1078e6db6c2abda6298d45d028badadb3b7f195cbbaaf7a9ba4173f2d9c4744e	inspection/M062.txt
26c74765b31f4d504b16b6bac0823d68984db9336f9a7ef9fa77a9984cf5ba7e	inspection/M063.txt
8fb5175454608bcea0a18b15a7ce90b98da84eb2eeddd9599ff27b8ddfd62460	inspection/M064.txt
1c119374e42b6a87dd2265a03566f3a3aae700f4b926ab58d095fdabe06721c4	inspection/M065.txt
a818348279b1f7f5a2f1ca9f24341490b90e5c7f4751f5340abd2467ec24c130	inspection/M066.txt
b41f345cc61efc45ff0fefc044880e6d2541c52f18573707c18ed91110f5c2a5	inspection/M067.txt
2cdb2da628afae60a0e2a9dab27aea60537a9957d2ab27e1612f0727f743b765	inspection/M068.txt
81662044d2e8282ff3fd43657fb8e4fcf90cf67bbcbbe1942621367054ef343a	inspection/M069.txt
ee11fa20524aec1b5eb0b9d462e018711647258790f43137a2e062c957716dc7	inspection/M070.txt
9691678d08c046f96148a5e2805e10192194f2edef302a2e5f189cb12b8c1a81	inspection/M071.txt
f87074b3719a851427bde1180544b3aed6b0356ef7f2bec7c8add76960ed872d	inspection/M072.txt
926a493c20dd42cd1f52c1a9eca740b562eabb39a3fc3f4d9a3b282ea0f84c8d	inspection/M073.txt
9f406d7a82903e88f8be8ef038303ae663a0fa61f9db82cd1b77ef97d626b8a9	inspection/M074.txt
1c9e53a4dbed8c1af621a7ff52abfba0400defa2c1f12d2080fd68843b32b0b4	inspection/M075.txt
26e87e60633847bcbcb1d01467520d4e432fd72bba874768a06ff2c41e0cd66e	inspection/M076.txt
3bfa439e1ba90ddab9fea0e91f915fe6915b8aab1b5e551c9d8d6949708ca5d5	inspection/M077.txt
7a256221589d5851048a027000b1a0e2eb0c2bd12d1d89de7458d7f1e705da1b	inspection/M078.txt
8860f5ddb426d737e21b76233e9919d1c5ecc36c3698454908fe557f7d0169d7	inspection/M079.txt
c1e6d8425edda82190979b285ddb9c3ba8e0b88b7a81a7af13d95b0a584b760e	inspection/M080.txt
ef78c615b8b5ddc38ea78461cd5407b4414eb6e85983b273620f3894328a4893	inspection/M081.txt
495376ba0b1db89f9e77b3903ce34090c88e4465291b99160094e774968a8633	inspection/M082.txt
66883ee439a54f06a49726062a221675fb165e44a36f2852287dfd064a980700	inspection/M083.txt
42e346eccef09bc21a0a6fef7884dcc4dff3b485bc20407699dd64aaff5311d2	inspection/M084.txt
4f71ec8e155ef8aa8c2702cf0f6ba37db9f1dcc7281792e2bbe07e56cdb6dff5	inspection/M085.txt
a47c496d1d871502af6f0b3fb1c90a38f8d70c7c6eff015e0b6cc6db434382bf	inspection/M086.txt
9d69ebc993dda4644d0761db32e95f154186a92fd8df4d6fe5487c9824c8b85a	inspection/M087.txt
503932ff5e0cbf57b4fe3a85ca8283e750c4cfa1d8a53528123d9dff22dd8ec9	inspection/M088.txt
d07a9e9ea01dc856a196127b7d179e8fa0ede8ba65ddabae8ea0f7ce83a45c60	inspection/M089.txt
b6e488df2fd12fa4fe4201262c2213f44ebef8619ebd8f527478ab368dbb809b	inspection/M090.txt
8647f912bac26613a86b759d813b2b3220c4461241c5c096904dc40d90b36b17	inspection/M091.txt
32676949f4ea83ee016d90e29637694928bd69d465dbf06779aa1ed5afc643d3	inspection/M092.txt
3386c3ee51f811087812412edb52b054bc50d7ffdd8ccc34836ffc461a31a2fd	inspection/M093.txt
6c41061cf67f09760424bb6a6f44430a2da3a1c6d233f9dd70fed0abf6f8d8aa	inspection/M094.txt
9b3177537e8070bc79a02558eab2e063feca519941551700f5e1b78f6db6905c	inspection/M095.txt
9d144d598704a208ca578d71418d0d5989670732ff7c0f3130dbd02f064b6f50	inspection/M096.txt
7d6181d2edd6b1bc11f06d5ef37af73045b9706f34b7b0051476f7e073773721	inspection/M097.txt
cdfa378481ae246ef469460c7447e2f3ddbdcdb8799dec6b631e55fa177af98b	inspection/M098.txt
8534cc1f1842e6c52b52995a4bd5a122f51d2017e539fb18dedf057c5bfd7640	inspection/M099.txt
561da98f3b3972a906918e4e37f12be73ac0fbfb867be9f75e158fdf16c6907d	inspection/M100.txt
e92606b0bf483111dff0a120c315ea165821348f31365020e2468a0059095c47	lint.log
a8e964d257bef16ffc6f6350c6812712094ceb5a43c60b557fdb36f22df079ce	mutations/M001/PLAN.json
9bd5f7d3b7cc997a8f4626ca189660c35ffc2c3d9aa4c4a4da47f9b815421b73	mutations/M001/RESULT.json
96d75908e66f5a9bac575d05b576c87083615626324ee1c790df37c703764aed	mutations/M001/broken-execution.json
00c1458cfbb1787f863776fb3a5690b67ec46179ddd117a27921b34daf97f339	mutations/M001/broken.jsonl
607263021fcba8fdce47955e71a3162016731d0efcc2bfddd8501c2f9ee55825	mutations/M001/clean-execution.json
a3d04e7d7c050fcd8bfb600974c26cc9c3592cdd895b501988b06eef968fa44d	mutations/M001/clean.jsonl
fb6723235c3559d9e372ad13867e3d203894ebcdefdb90a427a9af19a87f9173	mutations/M001/mutant.diff
bbe714ceed8fb64c8ad40d207153aa4c912e9439a605fd79d63c2f278cc71e6a	mutations/M001/restored-execution.json
948ce11575fc476412cfd291086a9fcdd8c48cd69a0382ddaca1d0c9b590aa15	mutations/M001/restored.jsonl
10b7ebea27dc2f8b0390c097a94e447738f6a55b6f87594071414a8a5524c1e3	mutations/M002/PLAN.json
c53a7e762df124c86eed2d852852fd55f55f36fdd3e94d071e4ee5e19f018cf0	mutations/M002/RESULT.json
69cdc210c2e8fbae68d8574afe885eaab3db986f39e2709c20d207f7d0a46bfb	mutations/M002/broken-execution.json
f48a6cc5b53bc5b338595b360ba46427bca2ef24e058a9e7db66ab541b8e3187	mutations/M002/broken.jsonl
7a6b91969fcd3b858407b1593279538488717160fea3c7746c6182041c146c1a	mutations/M002/clean-execution.json
58b3b2667091b90c5ff44b276676b0c12c208fc83e12f4a7739e402513415852	mutations/M002/clean.jsonl
ea92b478f9d2f803af988e7c86e9e93fb38ca6879836426d4c45b15b2bce65a2	mutations/M002/mutant.diff
17d55628ebf79734ba77e843bf716023dfb211b5a54aba2aea3cf797cbb7251c	mutations/M002/restored-execution.json
78ca4c7d41cb485d03bd7ffe059716caed5e917637f3427f530f6fb0c79e0979	mutations/M002/restored.jsonl
41dedd2062fcf0f38678a4b4ed0112bd465a5f2b4012fb4dfb4a10b313107d02	mutations/M003/PLAN.json
fe8af7013884f11e17bf8712e0410ee8474ff99fec53f49c6c56275ed3ce22aa	mutations/M003/RESULT.json
b7f8f096fa21625b911a5ce5ab0b5fcfd09aee25806e6da77c758a6df16b7419	mutations/M003/broken-execution.json
3a4ca09e39913915f475b656f9afd07b47e9fa422bda0297b29be74be0e22488	mutations/M003/broken.jsonl
c46e70ef8000153702866bf1153899d9f93b87ed827b0bdc58063a676a5028b2	mutations/M003/clean-execution.json
74081411a6cfd20d2c2e1164f9fa8f2e7008301fc44c1b98ed6f1afb243962a3	mutations/M003/clean.jsonl
5720a23993c819004c801b5c09035dadf4d91cf2c5e52f541f0cb5b6f282879e	mutations/M003/mutant.diff
07229c4498ea8e47eea67a260a3b74dea060f988a00dd244a2f0ab0ed9027fd8	mutations/M003/restored-execution.json
ca12d08dee9f4ff5c86297bc080990512308ef75c10745637258429ec5342172	mutations/M003/restored.jsonl
18bfc4d4e8d2b758f968198061acba1024d5c3d7817f49a802814daf6e402ce6	mutations/M004/PLAN.json
17d5c22223d9f38be54c5b29a8e5628fd8b15ccbdab54a50958005164b8ec0ad	mutations/M004/RESULT.json
b5287e1fad720a91b27cbf4024b19659ef8a62a158bb8c7ccba3c4fea56caaf2	mutations/M004/broken-execution.json
285d50e79fb0fe7b4bcaea6f9a158209b13142696720fd20ed71f993dc2d68cc	mutations/M004/broken.jsonl
c905709ac11d79452df165fbf16c18c6d77a3f120b0519675fd7c6d9e6eb06d5	mutations/M004/clean-execution.json
4dfbd054ed8c93ce09f1d27c4d8a7ee82a1b55b5c31d75adb61f75f85f59752f	mutations/M004/clean.jsonl
c7cba21ef7ad8cf506c6b229919dea554e4cd7100c1e7132a0992ecd74ca1cc7	mutations/M004/mutant.diff
93d3f890f068f86178f34704f44125c60071d1735c230335fc28f839c15c2db8	mutations/M004/restored-execution.json
ee9b5972f878e4b6ebe6d068c27824ff312e53c2b99a32a369fa7400188c6ef1	mutations/M004/restored.jsonl
53f8186191d7d8e59d1134e8eacdd12d268bd07668751626f1549f362451607e	mutations/M005/PLAN.json
f5f0068e51bb4049ce19b5e763fe65e54a398b19d9bf6fbf8e4c2b293a2e5736	mutations/M005/RESULT.json
2acb154cc641a5ef41a3968529211c4d6096cee7d046b899ad55457bcb26422c	mutations/M005/broken-execution.json
7f332fa051b2f93edb923f24c813486fdf0b7ff99c99335346b5ac806dad3ec0	mutations/M005/broken.jsonl
eed282cac37d7757afc3b47055f6b2958d202e0d4b6131f8058bc0dc1c4dc145	mutations/M005/clean-execution.json
1a2b683ae6d59aa418a69c5ae98165f59f2c46024bd707723851d41e39843153	mutations/M005/clean.jsonl
c23ed5417ed51fa85e75b3daf2164cfe96db286540814babf08e7a6534e2fc94	mutations/M005/mutant.diff
e6da70c516f185dcf8061960305753c60adaef263e9fa86bf55b999405788025	mutations/M005/restored-execution.json
4d898ef19c308afc590b4b170800541a303a877eda6b7ed36d9adc46fe172299	mutations/M005/restored.jsonl
1649357edf279fb7f3d5caa8d16b31789c547ddb3f3fae7a892ecba0adf6a552	mutations/M006/PLAN.json
ce6e2334c19ea8f9a998800182d939e4f329c0ba73d063fff573498918500832	mutations/M006/RESULT.json
73b26771cdb37b8926d2fa0a12a96899d5771c125968f41cb061e561bd580abc	mutations/M006/broken-execution.json
9937ef0ea3f0aec018b5f59f96167f3172a0bc2b556255fcd51c71ceb85d7a17	mutations/M006/broken.jsonl
7ebbacf44d24d85c36000e52ad7022390d4c640ad8f04fa4869d5a2c67756f5a	mutations/M006/clean-execution.json
6215e78ff9df7a2ddc2025eeaf18bc030e11b6780995ff68384cc0aa5cea7365	mutations/M006/clean.jsonl
884a8053ef66d00572a33fd4e58b670e6ed0b7238a0483647dc0f7d17c3d1017	mutations/M006/mutant.diff
3b2699a5cb569c98a48d35f425b841b88a4d8d9c13e4b2bd80a6c1960404c2a4	mutations/M006/restored-execution.json
f70cfb2573fc5c87eca790549931629d391587452cffed074f09a4881c620f71	mutations/M006/restored.jsonl
4858f31eb1078d016ff21ecb66062c2bf92bce6b79ece306e334f9502334f1f8	mutations/M007/PLAN.json
0d359bc87832395938b69e1e8926d4c0f6a4ac787970a8ee6d2b895b4ddf26fb	mutations/M007/RESULT.json
17864660175919c0ac9f34e2aaf26b2bd522ea66d0121f29ff434077a240f8a0	mutations/M007/broken-execution.json
857a30b0815628f67f578f4fa4d248507dc588c4740051de0490a36375ff9d6a	mutations/M007/broken.jsonl
50903fabaa920a20cda01dd78802de43a62246f9372103af79617d6fde520d64	mutations/M007/clean-execution.json
b2ae461abcfccc88aec9dc9141e8115433b023474fb1e61e0a5241a9a964b0d1	mutations/M007/clean.jsonl
aee7790804da8a75a09e0d17912e077fae0142df85cf192c7ea4662ed76265ce	mutations/M007/mutant.diff
7ecfd23477b54d8aa5225958b9b4d6a644ef816466b59dd04b66a5bcbf046739	mutations/M007/restored-execution.json
767a4a44291c11fc825b4edfcc49a59ebda0c3f80084c4342a138aeca65ba9a6	mutations/M007/restored.jsonl
ab289bf47764c3799ff299e4d0074a0264e136859a6a01bddf17b14790ec992f	mutations/M008/PLAN.json
fb597c82856fb636f47ff7774e9ba27d7a8dd348257d38bdd4e235d392f13397	mutations/M008/RESULT.json
90a2ce190ab834e2988e9b44f8fcfe0fdf0cd501472ef1bf54bc8556fe444d61	mutations/M008/broken-execution.json
86052da30e0fa438da9cfceb2726c86e7d142d00cf08f69b4597aa3a47f14a92	mutations/M008/broken.jsonl
95a79fecb382c854a9731cdef8171f7a8dbad64142e8e7480e9f54961c856f6f	mutations/M008/clean-execution.json
4fce6381fcad33af45dc653d6495c8ea5721e3213bf44ad9a1526389b3bd3486	mutations/M008/clean.jsonl
9a61d72fac5b18f1d12afdc7dffc5c020e3d43121ae476be3b46d7493765e771	mutations/M008/mutant.diff
5b760ac5925dbe7fab595fefaafe7ded59be3f90e23c4efb669ccf50d080c745	mutations/M008/restored-execution.json
7f33176323071f36705c244146fd2ae2ce1106bc802edfc06df10d690d7ec280	mutations/M008/restored.jsonl
df632fe61a05c7b72ff0583c987a2ddf6d3bb2b392d6acfc902800433880d511	mutations/M009/PLAN.json
70db19b4c0a455649fab183bb1c40e088bfded20a6986757df4f2483f26df8de	mutations/M009/RESULT.json
74adbfd4b2bf5e655dc3769cf059b38027dced5dec6b130f6df518b059a9d99b	mutations/M009/broken-execution.json
c487e825623e988a68036756e5f2a7578cf474f8d2c27881561db5e2dabb8064	mutations/M009/broken.jsonl
44871b8dad14dea68f89fba50064e9eabcf248864a9ec37d42ca40e1ddbe4872	mutations/M009/clean-execution.json
64960b8d205c300011d57f1f9e0a9ea31fefbcbc53b46f590603b37f2a89503a	mutations/M009/clean.jsonl
60d6292b3bb3367cb8300816c099dbed23ac92e1d021c5fb821e5f4c99de1af3	mutations/M009/mutant.diff
cb298d9558f56ffdd328a6a7988cad8bcdc8066233535d0df1516cf26de6e237	mutations/M009/restored-execution.json
138d27ab0af61ee703090b1272c104ff1f7aafaca55eebe47f89570e0670ef1f	mutations/M009/restored.jsonl
e9abdb79bbd2e2eacb946a4e42f15077369d53029541fad3beae0ecbfc090506	mutations/M010/PLAN.json
30d27c0f0eb84164666909814c0f73dfb52cd25572e827ceb57e876f86e07de5	mutations/M010/RESULT.json
db3b7949099608c5432bc2e31b87ed1f4c32f2beb613f88fb2e5eaea23325d6f	mutations/M010/broken-execution.json
369b938571d9dcda43d932fa962637701912e541be8de0bb42227c6fdcae431c	mutations/M010/broken.jsonl
6bb0cb3377c956ea63c0974fd50e0b1c51eb87a931e779ae02582ce7c223fe3a	mutations/M010/clean-execution.json
5ec6b7e04dcc97292a5648e7bfa6197b8be28af8e3a00c03c3a9bb2aa5d0eb24	mutations/M010/clean.jsonl
e54e8716f896e75906331b433700e0bfff902daa2e01ac8da48f51601ac58c25	mutations/M010/mutant.diff
24c05a5288f156aa23411f428115f65c7bc00ddd120a4d38002d6096ceca64bf	mutations/M010/restored-execution.json
c292ceb746c4b186dad3d16c3efc5567dbebaa9816a6ccbd2d6fa93e7d819273	mutations/M010/restored.jsonl
a50fcecd3778aad701ca40c75ca44eb1087692c82a155dba95924fdf91eca02c	mutations/M011/PLAN.json
7f0aff55a4fb8d4f38df0faeb63040cd2c87d522e5230b7fd9ea621101abe76d	mutations/M011/RESULT.json
0d3183785c4a105322411ccc70687289950d303d259ba044f0f7abe114e555b3	mutations/M011/broken-execution.json
3d92a33b5a77450c388e8d07473121833a9cbe5684a8c0b7faa0e7fdf622e020	mutations/M011/broken.jsonl
0e21ab059a97e4683c5fc98bb9075db123540137814a4da96fad768c8f4e3c74	mutations/M011/clean-execution.json
3157ea564207e88728c53b293110f2929d6e3867362208a7e5f42a634f01f267	mutations/M011/clean.jsonl
aff5542e7df94f89a798c1fbf9aad3074c1b279c482023cf34dd418343875c3d	mutations/M011/mutant.diff
a32539c47c683287ba3b9087d3b3b2335f6387a73a1590c88a0967199bd6ce27	mutations/M011/restored-execution.json
c5cb400d60892ac9a275526eeba4b469397735ae45e567fd71d3899edcdca007	mutations/M011/restored.jsonl
bf6ee0452d3dcaf05723f55bcf99c786a40bad5600eaf0c9e7a245278db7d8e4	mutations/M012/PLAN.json
f107efdd90ee746f67d0a3efbe0de59e04f6674585225b30a87b018f2a3acaaf	mutations/M012/RESULT.json
6e5f4627eb11f340c43a57d880e3e2ffd1101e8f1fce0953f27b475494f5cd14	mutations/M012/broken-execution.json
bcd7418325833411f068f77235686dc98ce4e0fb8ad96a4d10305f9753a13122	mutations/M012/broken.jsonl
c4735085d1f4c5ded96271fac68196de42de63b66a10ebbfdd108ed7d3bfa0f0	mutations/M012/clean-execution.json
6eb05e87b73a6fde2ab8f8e88f9e31c1c00af6eafde4ffb282b38166f6849f44	mutations/M012/clean.jsonl
42702827cd399e487817d77144cc5a4d48b61647771525fcd0e3d1211e49ee7a	mutations/M012/mutant.diff
794c07af21d3177e6daa35f2a7461977d4ea72d3e0efa826fe5c36b8fe9179ce	mutations/M012/restored-execution.json
2704c64d5df6ab09b1a1d9ca869f71eef494bd55fbaa2a326f0fb3a345e19cdc	mutations/M012/restored.jsonl
72f9365efc252409c1f319bcf0be7b662ced9cc5b7185593b39e31dc319f54ae	mutations/M013/PLAN.json
07dcdb07f0f094123501269ae8f189016aefe9e257f10100f99b69b27c9243b0	mutations/M013/RESULT.json
72b36d17f5c8e4fabd494ce853b4e30416313c116fcf1423db139bb67a7d4098	mutations/M013/broken-execution.json
24c360f3fa546e5fc7acb621999b3984fe0fbf954dfbb099b92b29c2da94d36d	mutations/M013/broken.jsonl
6399ba2017a724a097fc770e05076d8ae524ec3693afbde233d551d0c2db4e87	mutations/M013/clean-execution.json
493075d96af8e08f012fcc452ef8be123ff785e0b3437c63195c4186f4858646	mutations/M013/clean.jsonl
911fb940892aa087ed8d6eed2af75366aee4c3c6f58720c89d67fdd5c9e8de56	mutations/M013/mutant.diff
46e054dff68d6f4736ae04dd40a0a7b9f291bafd7857b02b7f5ebf4f6ff98d25	mutations/M013/restored-execution.json
c78cf2fa82488e38ef7d9e03217545bb106f522c5f00dd0306d321601ed68843	mutations/M013/restored.jsonl
1355fb46b97c776632a8f8ac78c6d80c743c165909166334a8ff0da9fa114539	mutations/M014/PLAN.json
051051e1faa5d512534772958960e390e0d0afad02b50e6395d2629962a8d090	mutations/M014/RESULT.json
d62b9c329c92450b11634421eaa8d889f3edf60dfd87b7bf3f1b303bee35a306	mutations/M014/broken-execution.json
af4b8f87a26ba1913d05d8484325bdaa91e4e303704816ec3a19bff7e2b24595	mutations/M014/broken.jsonl
7dc33e355e0b3b29fbf725da7aa4ee34c9e207e3225c584a88812c9ad7f041d9	mutations/M014/clean-execution.json
39d942125fcdf28c2f9489cc759ae79a4f90c6eac58d71cedd7188db64d28cfe	mutations/M014/clean.jsonl
65b79c722b36a1764882ae30f1c6b97e541c954497491732edd89a78c18ef631	mutations/M014/mutant.diff
74fbd41cc925dde8b368349cd8c94b108f5a6a631903a91ae606f6fc447acca4	mutations/M014/restored-execution.json
3e4d9a886024816ffcceae051d039d423cf04bb63e8c46749b53037d4acd9d89	mutations/M014/restored.jsonl
d3fd56297a0dd8fb4be3e5657d5bc3b241dc5579cd0553ea8fa09c40df7e7675	mutations/M015/PLAN.json
6f3a13b4af0f547ea21769ea6c018b7419037e577f85056befa9999638f0d6c7	mutations/M015/RESULT.json
7f21bd599dbd8665d534f67084622345ada18c5c891e6b0489fbd396e0c083c6	mutations/M015/broken-execution.json
b0c19ece6398b84bbcf54af3f8fbdedecfc816bc2d024ad5a684ea1c2b07af5f	mutations/M015/broken.jsonl
7ef3b2f664ad3a4839ac8780173d057b84a5e5b89701926d97a483b6bb972811	mutations/M015/clean-execution.json
13f3c0c901d40a7b23c46a01eb25f0aa7a9affff09b372075fe47fd7e26089de	mutations/M015/clean.jsonl
0465512d43e569c00454d0f12a9cfb991eb5fb8d954f5ed650be05604cdf1cdc	mutations/M015/mutant.diff
4640b949ca66d7b3ef2769cca43848f69c645a7777919b80968a87c349ea02ce	mutations/M015/restored-execution.json
75cb7fa7a207a23a4897544ea46b363c96e2d52b56d734328293fb56f7951cde	mutations/M015/restored.jsonl
16dbbad995966c5baf03d408c64c1ba4210325aa1aa1171c5113d17672e630db	mutations/M016/PLAN.json
977fecc652d75016c6e4256fb341bbe4543047388349c30e44ca1fdfeee62b56	mutations/M016/RESULT.json
b346d4c112a147c26a31aa8a88336abdaab66b5adacf3d4ccc1069ec6f7c987f	mutations/M016/broken-execution.json
1e30c6479063313cc0f08a0da359a280f0c37e0499b4b67a006321d46647206e	mutations/M016/broken.jsonl
853a0779d0c3771d1cdbbfb0abb2333e95336d13b0150673707ae9e7f88661a1	mutations/M016/clean-execution.json
474ec7b03d622f1eedea65942400511a4c27c6365df08394ec93df6a2b8ddb06	mutations/M016/clean.jsonl
6aa613ecf023b36e1e17fad6fddd52e7a5d894ecb1e606592d27fc8394b158fd	mutations/M016/mutant.diff
3bfba7aecc81dac3d6d285af5c2081265b0a3ba7670aae2fc8336d9b2609b223	mutations/M016/restored-execution.json
a1a15d17334ba6f882de7de7706a89e471af8a00517c5f71edc09bbbb576894a	mutations/M016/restored.jsonl
0cb1927c221bf7b85fe23a3063e07bc4fed82fc77d436017a6a757c32d02f900	mutations/M017/PLAN.json
0bc7cda02d64186836374eeee2ddc6a889ca1c15564980dc231a4a89bc31fdbb	mutations/M017/RESULT.json
40c11e2f848f36502e3c54de4d0e7b2bc7bdfdd0a9cf2a85a526fc96fc6cfeab	mutations/M017/broken-execution.json
14bc3af70a86f274b30b40d6ae216ef6f42ae9037ad2cc3d169cc5684a8abad6	mutations/M017/broken.jsonl
e0fca338e28845bfc01504a055c81d6c49cb4075c2ab2632ac52e45fc06f8b52	mutations/M017/clean-execution.json
a2b167244ed519c599e3e595d71109638be7fdab73a1e3ca21e3436a6647d050	mutations/M017/clean.jsonl
df6c6d960aa06060e1017de805e85fc68c4940cda7f66b8c6b80bee3f7c7ef71	mutations/M017/mutant.diff
420c61d37208897251d5060f1afd6c1e410f4ea8c7e19ba005c514cf74e35574	mutations/M017/restored-execution.json
d4929cd4b848986bd06e72818d03c64832fbc759a3e8ae0367372ca813b9f881	mutations/M017/restored.jsonl
332d783e31b37efa6a54c29916f4f2ef8f01fd09adb6f5da32b25deb8cbad278	mutations/M018/PLAN.json
7e9e0cc708adcdb5f69736a733d27fc9dfc702483b769833933c24e706807884	mutations/M018/RESULT.json
69388bb57105316ffd32eb7daa5a79bcf09cbf12ef9292cfb842cf27366ac2c8	mutations/M018/broken-execution.json
dbd770f8cccbf4bf1f3eda9b5c2101843f6f719d928f2944caeb35ea50a68a64	mutations/M018/broken.jsonl
dd88b0d6a040dcc1a4254035ee443ffafef7237f292476d60aa0210d260e7593	mutations/M018/clean-execution.json
584ddaf82d5b0bf5025dcfa475bc28524d2a223dc64c423b12f1991138ea3680	mutations/M018/clean.jsonl
113684d679e7a085dfe702e9f666517ec81823e03dfc47e88c82ec84395a72c8	mutations/M018/mutant.diff
ee92cfa38ef0e97067b63f367cc5386ce5ac14938f86b65e2afe456961c1d389	mutations/M018/restored-execution.json
471b219be02303a7073e05da7744e2df3b00614aed0775c35d4df5f88fda1175	mutations/M018/restored.jsonl
022592553c67cf4afb1abfccdba5b47da2654300a51f5b247520ee47bdd17a5b	mutations/M019/PLAN.json
db340f300e29a69c019eee7013d80e6c70235bf1b48739a0cf9045b9bba03e4e	mutations/M019/RESULT.json
9ba7d68a8539bd5f7e5fdd9aeb40863ff8a5a9ba5ff5f814d1dabca81981ca48	mutations/M019/broken-execution.json
71c3a587a4d63cde5c23fde19def207376c530679630d2821211ffb1649d1358	mutations/M019/broken.jsonl
b62385984f8c422477077e31a2fc22fd035cddd22d941d0c97daeac985bc6861	mutations/M019/clean-execution.json
2eefbb297933d5cbae4398838a091fdfc531e5a58d766172bda4f1d1bf3650a0	mutations/M019/clean.jsonl
fdc40ef2edbb87b56254d0dde39c3bc4d74beff6c86941a81b68b0ad9a92217b	mutations/M019/mutant.diff
f90f6ff5f4a942ed1fdec539b73a0c0a733641272c75f5ce24802361b393d922	mutations/M019/restored-execution.json
d1c64d231864156ff1189948f2d1bdbe654fc4ac235306c9bb8981c0321fb6f0	mutations/M019/restored.jsonl
d9805668d601724886029ac732304d1e7db24ad56bb4711d21d653e23a013828	mutations/M020/PLAN.json
e1158cf902d88ea99c8856dd13afaaf4bb1d31e8c9f5f2caf52acc49265aa403	mutations/M020/RESULT.json
32c77164eb44967b8ae2f0f1e251344f16b9c3e7efba1401f1eac5fc556e44db	mutations/M020/broken-execution.json
ef781e8b5340d72cdd054f3840a1ef73e806feefdf2b74027b4719a73bde9d60	mutations/M020/broken.jsonl
11cab5ad55a268072f785087077d84cad3b96207b4cb5a070e9784fa8053cd7b	mutations/M020/clean-execution.json
409346583dec89f3f1abffe6f82d8b497e8257592ec762c889267059b979ced1	mutations/M020/clean.jsonl
f56dbcf906276ee6cbc2406041cbdd63e14fec8546ced3283e21e33db6a48aac	mutations/M020/mutant.diff
0d7184db7ba84143c63161e199b69d02662ea3f2b68f616ef124a722ee9d3d9c	mutations/M020/restored-execution.json
82de843a7060ceb461a4ce6babeb703e3c8b024b5db7d665408527201a3fddf4	mutations/M020/restored.jsonl
9ee0f93b990c160958e6a0e7d49e96fdd3dbd20b08f0b1135dea1724dcd3e22c	mutations/M021/PLAN.json
5b4a2cbb37990b275c81ffc9ed55ee30649962afaf53d82df452d9b915229b55	mutations/M021/RESULT.json
659228a6f8ca8d6f5291a8e9ca9c7b975515e6897986993f60418149eb64a7d8	mutations/M021/broken-execution.json
b00443562364a4692b4a1b6bbc500f01d7a9717aca30a889fc6c9736f2860f68	mutations/M021/broken.jsonl
eaf52e526e1118b86465e79cde9f7f651462a03a0e969f744a04b67bda155ea9	mutations/M021/clean-execution.json
7d9a83aec0a104ccce7d16c9186605b94a0cd46fc81d59028d2bdd632c3a64ce	mutations/M021/clean.jsonl
08140ccf87ff226b5f36340e371c8fc0986d3916e42716650b8d0c1859e94e10	mutations/M021/mutant.diff
6c3c35f9770b49ff074ae69c43d81ef044d3ecb9d250e29c1d222cd206cccb51	mutations/M021/restored-execution.json
1bbbb48928bec076bc5910c8d7f778c5f88cc902c05fbefc7e306a817dfcbcb2	mutations/M021/restored.jsonl
f178cc69f144f779996bd51b5cdafa5a695e8868477ebcb4995319cf2011e919	mutations/M022/PLAN.json
16ceddcdcd6f03d88e480819b964c60a8dae5367831597324e902de48bb122a6	mutations/M022/RESULT.json
8bf8b919547369ca29ce62897d94b06fc8d05f163efd7c9a26a6e5d2278f9376	mutations/M022/broken-execution.json
92c0735764241bb9fa48cfcf305485de0aca50b806d2443fda9d3c5cc41d800a	mutations/M022/broken.jsonl
ff10d59d8e9637b2253d97be64bd647fec79983ccdb195d5d4ca65ea4561c4ba	mutations/M022/clean-execution.json
62960f3812eaa491d5dbb43254e33d9845ead4be191f2cefca24ce8b470c15d4	mutations/M022/clean.jsonl
5928e54783acc468646fd45939205da2df56e242aab69411c39f7558225fc225	mutations/M022/mutant.diff
4969e0974f128551fc1a4a1ae23472e17d1fd3adaa46f8b58c410e897f97c6c3	mutations/M022/restored-execution.json
dd8ab55700f99bbbfec578bf6c0a39771e1ddfc610955343afab95a4934b7871	mutations/M022/restored.jsonl
9e8b3340b01a0411f82c3404922e91c8c489cdaca44a0a4e6c7bfcce63b99b5c	mutations/M023/PLAN.json
629000bc53d06dbb68a53931ced2c07e9a1ce2dfb36725bd47529e3bc35fb621	mutations/M023/RESULT.json
cf0a6dbe4617397a42de5206b2ef42d3ff9043a9735f4297d2fc1db3a4113f2e	mutations/M023/broken-execution.json
3b8d8a37e9cbca7a3cee15341bc2e446c89fb6ba211c94c45798ea586cfaab36	mutations/M023/broken.jsonl
5fc553b637926e0bf51b371b22b7962e5ff6583cf0c204732948db52fbfd6274	mutations/M023/clean-execution.json
8773d2a192a32176fdc4adda1d723125f54f6c9b6db3b017fd4cb258f39a93d7	mutations/M023/clean.jsonl
b9120d1d03507218fe32399b79c01d2cbaa9c2a7ac849bfc27201bca1cc9a590	mutations/M023/mutant.diff
27b6feedccbd240857044ba7796c5597e00a813295cd8d6fa8ef97b6516179fa	mutations/M023/restored-execution.json
4834482949d8028111bf676cdba44ede23bb85e7f49b9927cfaf1e0a7f26f658	mutations/M023/restored.jsonl
d100eafb4b70f81f55373d1d72baedee0299c85399f7b7cf84128f18f32426e6	mutations/M024/PLAN.json
e11d1bc4e3d386e86e27acb23b1dfe01853ec1f8647d57757039849a327afcab	mutations/M024/RESULT.json
95b80a0e1487874aa13b7587098c4f6d4055020b620757945a23d8f529626a5e	mutations/M024/broken-execution.json
5853ae62b8a648662299e5115d5d15a9c7e439a767f0ad6c2c1121c126a54fe3	mutations/M024/broken.jsonl
d79a77ca8ce3147a20ed0ccc95697809ea0617d4dba596e8bbabd049192f68a6	mutations/M024/clean-execution.json
51b6e9d4b59820d622996ceae1d7213a381284797b703ef267fef67fb1df3771	mutations/M024/clean.jsonl
7f3d559ad969bdd8d551477b44073785d6f1d068ea07f69b481820b5c8a48f26	mutations/M024/mutant.diff
075afe53fb9e04f86e990e9cf0d326dcf29ed99a6b0c76b96ff44a784bb43df5	mutations/M024/restored-execution.json
0544a515948bbb2c877f37c3b8ae8fb188a35a57091bb2d0bc95734793b979c6	mutations/M024/restored.jsonl
0b72d974013b75931a9c5589e9c17263ae4beacbb1c49d71179dfcb804ea3f7c	mutations/M025/PLAN.json
f6a94b7aa061c9dfad482e273779e6e2831d4212a975615ea6ef1a6bec40d2f6	mutations/M025/RESULT.json
6344b345eed695ab3f5a2e53fca3ddf1b198eae3c48dec74219db4174f8ebd9f	mutations/M025/broken-execution.json
989205efeb96001594733e17ecc55fca11d3062594df3697e6c86bdd2fdf1036	mutations/M025/broken.jsonl
ca634fc222c3f5c8f05ab1c890bc3e943d932e3613238f3b790de09c29213458	mutations/M025/clean-execution.json
1638ac878c32b6c886dc9b739076463d80e0aaa75ada83678d2e3810a944e770	mutations/M025/clean.jsonl
72693eda377a2433b6716d6d9d72f119ee874307810054a8204024f079dbefda	mutations/M025/mutant.diff
c2dea07c160a08268a5d0e0b6f30dc477ff3e6486c1d854488593a1d9f0493c8	mutations/M025/restored-execution.json
4e8c0eaa68dbc544ceae9523fc9c08300a6825a45cebc81a9452ca599b2f8b90	mutations/M025/restored.jsonl
4b9ba09ce9e3ebe57a26df06b4a5f7ed874d39c403ca943f641017cc0aa62321	mutations/M026/PLAN.json
08a0d64af4f234e688d1951487472d4682e1f0e08c66238e071d72a83eb9c8c8	mutations/M026/RESULT.json
57935cd3484e453b8ce0005e7add3023778a83431dc92ca5708327d50e6df083	mutations/M026/broken-execution.json
bc1fa2f8bbf9388ff6c616aad76017e6fd4c5342624dc4678747e9a207c224c9	mutations/M026/broken.jsonl
e93fa6309f09241feba33776868d47ac6ae143be891981468a8c091b3315f5c2	mutations/M026/clean-execution.json
e5ad5f5d811248707d373f08ddf4875d5ee93936975123996011ebb4e71dbf4a	mutations/M026/clean.jsonl
50cff544c418923d7f084057b50a5a076ba17fce90c1905bac34fae19bf07e44	mutations/M026/mutant.diff
6f8dfd56fa6486f27cb63beee08bad8d175f0804fd02d7145f626d2713dbd230	mutations/M026/restored-execution.json
9d01429b40773e4cfdf008d792a89bb76eac193bf7d69b67e92d97e8876b0cac	mutations/M026/restored.jsonl
c10865a29c62b9774d507a55bc38e8548a9bed68c2abc57e501f324cae3f7538	mutations/M027/PLAN.json
aa9b4932013ebc7b40ac1a3892dccb592634b92cb46636a96e963fd4f42bb4fb	mutations/M027/RESULT.json
a6fcae83a868419d77def2fff48d386187ac0bcca12eaa9cf33f0323334c1d34	mutations/M027/broken-execution.json
71d1a0fd391b7e5b888409148232188dfbc60459ae2941040345eaa5c30bddaa	mutations/M027/broken.jsonl
cf5aa49f1dfebd73ad9ba52e89bd686d0d241d5b331ea43058527766c2eb6565	mutations/M027/clean-execution.json
f8285df1867793c51c102d00c4fe78d9b3102a87b3ddc7db0ebf0faa99712343	mutations/M027/clean.jsonl
d47731124f5c4c4fd3e2a6ce2c84fc6da7fdfe152125bf53bf632499d4cfe184	mutations/M027/mutant.diff
e5e37ce2917491a69b5bf94f3394b3867e78e1b60e4032821088269c27bfe670	mutations/M027/restored-execution.json
45cbf2d397a288f7d3f0012d3ce31a6f41cd702be837a980f697d92d9f74b995	mutations/M027/restored.jsonl
f56164b3027782489184b6ef765a8c543efa5034739d8068ca9fae3d22d126e0	mutations/M028/PLAN.json
cd4fe7365385de7392e992fe22ee1e107c3e150c7b95ad1e8107cc23153a5949	mutations/M028/RESULT.json
ad5cc407da68412ecc4b96af10307c4212d9f7a4abf4f58a783fb26efd871067	mutations/M028/broken-execution.json
6f7ce5edebb09ddf93e741cd91a02814c37ea91d606086e4b6f215a9f14ed68e	mutations/M028/broken.jsonl
313b41e661502fb109a414afdc7c95c359905d7e8be327c024bbd77481f7d20e	mutations/M028/clean-execution.json
3cab90584088d6cfc2ce69388078dc27a038b42458211f8a159b42866e22528f	mutations/M028/clean.jsonl
effe122a0826832667450048915de696bfba80361c6f0bd2ebaa8abc6c544bd8	mutations/M028/mutant.diff
87d0a625e07877609f71ba9356dc670f4c886c21037f1b1d7969a0501f7abb8b	mutations/M028/restored-execution.json
ffb54526b3fa55a4d32cd77d94097483dadaaff757042e98b7330b776f358af0	mutations/M028/restored.jsonl
386c44b83f218a5a1aab461494030fbe832dc7162e136800961ebd605cbc922c	mutations/M029/PLAN.json
b8e43cf4fa9902d81621df8f83fd03fed6d7aa07c34366c87fb7958be04480e6	mutations/M029/RESULT.json
54c8d8f54aad8991afd85eee53f723a9b1992636809225d2957c61bcd8e4a5f1	mutations/M029/broken-execution.json
7f3a036b66aee8db6036099149b8ee71dd75638d23419444fb0655795d8f7455	mutations/M029/broken.jsonl
75dd8433273d83ac0af4e3c3a19d27569604efbc61e07ee5816e18fadb0af7f3	mutations/M029/clean-execution.json
4f372763133a83208a893437ed4b31a477b1fbb7a67743bd5982668c39929a38	mutations/M029/clean.jsonl
f581088a2d4df5e8c3865422ef89b60564f02562d58c5322f1650f654de64a48	mutations/M029/mutant.diff
c90c5ac77c36a573824e0fbf2151cffe2526f22932c86727023675d3d0ac1713	mutations/M029/restored-execution.json
185fd2097dc5c7ae53b0849912ed3a817110799b833d66fcc1e47fbf060e319b	mutations/M029/restored.jsonl
d27aaa28ad72bf44b815935d002f4558fabc329b82e65643ec9483ca1617df92	mutations/M030/PLAN.json
73d70436e6976b40c8178d491cd9607abfb89350be300996ed3dca0c10588670	mutations/M030/RESULT.json
c05a5920292a2a997f4e4d5453799f0620b2d28829f88f7c215da17e1601a40c	mutations/M030/broken-execution.json
9850fdc6f5b459ed048ead0f02584c3e89e9eb0ab08cb03e8a778e567b70774f	mutations/M030/broken.jsonl
af70e6aba12684208368a130e8ea2cffd483ba4dc85e19520eaed83f19b3ac75	mutations/M030/clean-execution.json
c1314bb08ee285569669a8a0c28521c4009d3f107faf58df18cb43315e96589e	mutations/M030/clean.jsonl
0db44a780bf9df6f1761091887c5bb5cc822a97971c83fe2ee33571a3020deaf	mutations/M030/mutant.diff
fb8faf99a06d6282d7d11a82357c25f42e030884cde2ba9efcaf71186f80c287	mutations/M030/restored-execution.json
0ed0258f4737c90c1a21081598bf00449a35e4f919394347e7fdc27ef0c9a521	mutations/M030/restored.jsonl
f434d0e9dccb1f17235978abb99ac2b0a5847679c8830c31d7b011d2bbc3a1a3	mutations/M031/PLAN.json
44ef531cb40f095f9921f7ade277c97c04ff0d463ac547918c9b07a7bbddad53	mutations/M031/RESULT.json
c5130455152def11f463a0a36e5b82e3a3043ec5e81fa28555cf9fe5d619387d	mutations/M031/broken-execution.json
bcfd631c92ca559a907c8cafa5fb12734e3cf375076de0a0c75fe79576561bc1	mutations/M031/broken.jsonl
f827ddb0cc3c5ef4c99694f93f1a5be436542dd9d91acd3370e0bdc3605facfc	mutations/M031/clean-execution.json
21bf41a0cd06ff6c37c1b524053cf40c15bfb0779dcfd27c46bccc748f4ec036	mutations/M031/clean.jsonl
18b79f22179b82bef289b42cab572d24198a17ab39e8aa0cfa2f79f8141fdefd	mutations/M031/mutant.diff
ae576ff3a515320ac907396869154e46b73aff89c3c73fffee59c47ecd511150	mutations/M031/restored-execution.json
8b90bb39307c34acc92e92192e08d7e5aa4a8ce52318b1003c09fdfe5549b1d2	mutations/M031/restored.jsonl
5cf1cc4d57415b1279dee3ab8fed2d3bead87374096fc44352b9056d2e4fbdd8	mutations/M032/PLAN.json
55dc2b78c98150a32ca6fae1bc5754701a292322e57103f50dfb57a58d193bed	mutations/M032/RESULT.json
750f13fe1edb8001eed13fe68c69e6c1deb2c9891c02bae379538ce5e4cf12d1	mutations/M032/broken-execution.json
7a6c6001cf9060fcb8b91e09240c99bef8a882af8f35274d2d1daaa393853bed	mutations/M032/broken.jsonl
818de6466fa82373db145ea4088a65abb96e33d6c02dea59bcadd1cdcb3b8944	mutations/M032/clean-execution.json
0dae08904b34075b004e7f1d13b1a9b2a1aad0220d653ed49c92d785340e6398	mutations/M032/clean.jsonl
d38a091e86417c2df79758637fa07ac1f8e5fad61ac63c65dc05006bcf327b3a	mutations/M032/mutant.diff
f086cad95102f9561ba12d8572ac29221f5f2687b005206b5dff80ce6aa04464	mutations/M032/restored-execution.json
8ddb411d1f248839637992f6a04c98128c1ab08509eb1f08f985ee068a0a0825	mutations/M032/restored.jsonl
03712ec65e18a7d23fdef9c0977ac6df912977fd0a68e051b3996fff4df15ce7	mutations/M033/PLAN.json
c0ac3027a20b20eba81748e4afc88099a4df3fcae4f782e25210894d0a658f44	mutations/M033/RESULT.json
5e91ff4c545c252970bad726d11eb2db0300f36378918f3ee4d6416b8161aee1	mutations/M033/broken-execution.json
39ce051094a451150cbee37d170407ff95ed07f6176de78c9e114a27fc5c0e41	mutations/M033/broken.jsonl
9a0ff12233128c9c51f6a122c46ff7c88560441546e9ae92ffbc1ef2af54da89	mutations/M033/clean-execution.json
1b8b415d9e8e1111caf50d8f04acd2ffc9382658c7b805a267813a701c26c926	mutations/M033/clean.jsonl
930f2df699365fb106ddfb265dc1990d7c6345c5522c05ecac000e3caa52e3a7	mutations/M033/mutant.diff
4db1104a297d9c4d1aba244fdd6c2999e05f51728fd786a29de642cf93b0a649	mutations/M033/restored-execution.json
0577f0ddf442964b19ded8380c1396af89638f8bd7842fe3e81f44b54fc4e4ab	mutations/M033/restored.jsonl
7a056e7b258489aa83c8234b9bb5f42212c837f2bb4111123e248378aa0209e5	mutations/M034/PLAN.json
b9b741aecc2698cc2d588eac60df9c8c1ec51d287d52ce1e7aa69a73603eddd8	mutations/M034/RESULT.json
6c4c53a964fc4c68e86c2162898012010cfe699e32e46ebd1de32d254750009a	mutations/M034/broken-execution.json
d4d5c46895ebac1b90ecbe370db99aefeb99b947e6956abb3a1fa5b7bb7d1943	mutations/M034/broken.jsonl
2344c38f5cb99c31d60c9c2723c676c7d7039b26df010fa6705f554ad5a05210	mutations/M034/clean-execution.json
cf67b22d365c51ab5b7ffb166cbbc6a6dfc2de4b7cd9a8ecffb7d42b471e69a4	mutations/M034/clean.jsonl
8c29a6ff8ba88c00c95a60473f5087f6026422b3ac60f48f0dc42a1e5d846ea6	mutations/M034/mutant.diff
ccc8ee2fed7907ac67220a594f5217259d0934e302966753f9a3092c97fa4c52	mutations/M034/restored-execution.json
fafcd56457ff953de4ebc0e7ceede23e4fec60025eedd10490feb63430c2618a	mutations/M034/restored.jsonl
55f0ad057cec7797daaa9ef49b58f1fc2ffa35819449b0dddffd499e914df754	mutations/M035/PLAN.json
a988772c5d62062c78475e4056b9e88851777e4a67b29ff8e01b963c02931264	mutations/M035/RESULT.json
23ad7d89ceca7be816c1666d11ba367be51b7a9bf73680aca6690838d97be501	mutations/M035/broken-execution.json
16577abb149dd35f1eeb2fe53c37129c663908490e78c2b0209e6836ee4fa991	mutations/M035/broken.jsonl
4aaa6db3d20e85b68630db1220caaf45c53daee80f471e9ac4ac9e9a91236ce5	mutations/M035/clean-execution.json
bc0118a39c9b621b11e167d69cd0a8144b27e0b6dc01f64b55f25b4dfd551828	mutations/M035/clean.jsonl
f48c28c4cd494775e887e8e9c8659f366b946d28e3672c1f6be2f419a2291176	mutations/M035/mutant.diff
7319d0d1f90c5eb033063236ea214f59b9628f046a0bea027bcd6ea3506d8b9b	mutations/M035/restored-execution.json
fd6fbb1e8471de8376a308ecd99f65425bcfc0612197e0821ae3a0ed329ce7d2	mutations/M035/restored.jsonl
a1e4e9d3188fa8a0b79e8df08e684c426c0d083f26bc5453123053df157853ef	mutations/M036/PLAN.json
7e2f8262b43d7d4d34aaa8c87f23e5e06796802a6f914cda71057c4075a674ab	mutations/M036/RESULT.json
9e1d5e3523280b5a7758ef78e5c8ce1b162e277de14110be815dafb87803d64f	mutations/M036/broken-execution.json
c1c0a9a9134e5965174711a5694cb80d669f3ce8a95787888a95e14a7dbe5792	mutations/M036/broken.jsonl
97fa6fb2825a6e6c46a479a0cc36b59219626b63744a135fb57839ef43b152d3	mutations/M036/clean-execution.json
e1189803dd4ed363efbcfa1677f35b292605546bff380e2b85ef4a69cf61fe09	mutations/M036/clean.jsonl
28dd2b48ecfb2e372516db568baf93a356e7d2d3aa5e99643a1a5e343deeaa46	mutations/M036/mutant.diff
72fa2297657fa88cf1537a622eba2ebaa8550487904fd348cedc3c1e758c5696	mutations/M036/restored-execution.json
6350a27565c8d25bf6cac5544b09aaeb0ea2b33f50b4247d28dbc09bd4f10ce1	mutations/M036/restored.jsonl
a000c9ed99069ec86aea968c86441ceb8afd973ee33daa4063bda59699072792	mutations/M037/PLAN.json
f56cbf407124f11fea1fa34766af0ac68d264550f1c968242d715ed0dfaea87c	mutations/M037/RESULT.json
c17e3255752c3f61f74d3ad8e078f054fc22e1968adae1f8adc04f1759a6c08a	mutations/M037/broken-execution.json
70db8f25e6fa7e4552ecd126bab7317f46ddc27477570b4afbc9b21f73dd4d0d	mutations/M037/broken.jsonl
b7cbac41a73c3a5419ba283259e29cd8fa7e204b320cd3df9f09dcfe00c5403e	mutations/M037/clean-execution.json
7c78652a111908df6e7184624e795d86966863fb5eae3d213caceeaef17b16db	mutations/M037/clean.jsonl
ae418e93e9e79c54119e17748b11d8a21ea4ec2801a9495f0a089aa18a0b6afc	mutations/M037/mutant.diff
a5793e1355c425060f4b4598c78d4142183a7f05a4d31dc86bbb71787e9e964f	mutations/M037/restored-execution.json
553c30cb2ada42aae36f6913ed9c6cd10d681cd6bfb3454cb03d71e242ba846f	mutations/M037/restored.jsonl
07ca5df76e16aeb8c870dbcad20b854cb95b9483a6bb46a523322d331c7ba6d9	mutations/M038/PLAN.json
ff3e34fb2201de37732c7c00f76ab582587c21a99fffc2c0a7435b66da30aa9e	mutations/M038/RESULT.json
ca0d13826d99497a5e0f79cf321491483cddf56d38a083aa4feb6662b01125b5	mutations/M038/broken-execution.json
1a281eb187be886c3f697eda3138fef40a97cbe9a4a525e1e2b385f620c97de1	mutations/M038/broken.jsonl
1a15d25cc58bccfdd94afe501f9952385a04cb52dae2b93e978a6d5999c496ed	mutations/M038/clean-execution.json
759a79e51de58a76ecd93ef347d7ce3519f134ca6992271a1d2854d29e9cd697	mutations/M038/clean.jsonl
b7d8de2f689240594dc532c78a95247ee7d20f882ae491f4115b6df5adbf98a2	mutations/M038/mutant.diff
0cdd42b58b325bd5f7420f3cee7c907a6d7a4bf43b9f0350df5f189cda425a92	mutations/M038/restored-execution.json
39c8eefaa9d2b009de77ba6eb2269fa74866f83c094211f12a4bec29977675bd	mutations/M038/restored.jsonl
412aaaf6d855c98b88ddebf3a1be6516da992fd3713b888b03add43c44fb5fe6	mutations/M039/PLAN.json
22ffb1c9300586c65e65540a8438b181e5f89dfde480a76c005878b011a4f826	mutations/M039/RESULT.json
c2f43622ee1d778238d093673a5283498f7fff6d11c26752d538e66e9bf30c7a	mutations/M039/broken-execution.json
802235602183c8ff2a5aba8c848db92824d83c75ce1c000932f873fff678d1c5	mutations/M039/broken.jsonl
347bc5950bd046552e6bdd80172158833adc644778ccc827ac0f506c99f56be3	mutations/M039/clean-execution.json
b0d869e14e084d98322a90ae6597250b3502f1373a87f0679f3c8b5fab34a332	mutations/M039/clean.jsonl
d97cbcb2b1b0dac56d30a90a55855eb53d82d527a370cd4045a0a3b08eeb224d	mutations/M039/mutant.diff
0b3fb02173561df484dc46262a8dada11a8af861d52855d391374fad6312bec1	mutations/M039/restored-execution.json
76806997c318da07301aafff21ebc2ae6a35b13939e1c10df6ca1dec0da4f098	mutations/M039/restored.jsonl
ccfbd7c92dc7af4238509714b59979a8e1b00236d9c4a00ab266b61d01a9e5c7	mutations/M040/PLAN.json
bf0ab3ce973ef454336ebd529f6ec10c0ad184aa2f7b0b07a023e8d37016fda8	mutations/M040/RESULT.json
e01a3160d786d9cb82625d2e95c9de130f54c0557d2de8a6d6223e94029bec0f	mutations/M040/broken-execution.json
d051f48b0954966e34da4eb89c50150cd2354b775dcddd8dda59d59145f9de7c	mutations/M040/broken.jsonl
3f562c6034c5296f7f811904e139fd94690180641e01ba5bbc7e3bc3a613563b	mutations/M040/clean-execution.json
49ba69a32a2a1e85ce4d9f164ec94d452d0bab23fedb82447fec9857590ad678	mutations/M040/clean.jsonl
e9820f81f9fbb7c5d99047569728c745ec626ce81ee959cb91fc42e4eb76c8bc	mutations/M040/mutant.diff
b8a1dd9876d19c63e039fa5b46eb3963c2965e4b41df79f5e6dc7474903c329b	mutations/M040/restored-execution.json
e4707a45647b15c3a0ce8c1c0da01a67a7a78e1a65518e5dda00521786f0cbba	mutations/M040/restored.jsonl
5d7d00188830e1bdd17736ef3ded9a468db0d080ab80ddcb80faa3066b1bbb1b	mutations/M041/PLAN.json
b4a40d5441e90721c1657a3f5b6a5439489f6b9bb53870215f5dc7a081cea3ca	mutations/M041/RESULT.json
2bd6ffed68210392d4431d9e6aa9707ba22bef89169e75e67c7769a9abbad7b1	mutations/M041/broken-execution.json
12a1d6401870a0cfd2306e4f0f2d9f3866652a4009be9d9a9fbbcf41235029e3	mutations/M041/broken.jsonl
92606e11a19cb081a870560553981d629ca34ae8613c7367d5599594bb7f55f3	mutations/M041/clean-execution.json
bd4edbb957a40e77d6bb57486f7223616967d1b867bc65ee08d6eb56f49d9b42	mutations/M041/clean.jsonl
db7dc161367710c3429c23fccd05fb70f297161204736d0e38ea24270d5b8f14	mutations/M041/mutant.diff
6346811f8b4665ab4f267916091d3969c050e79d3477f3093bd27c1005b21286	mutations/M041/restored-execution.json
dc95cec8080df789df8bca4d633e126e5505af2aabc20e34f58d7d06639450f1	mutations/M041/restored.jsonl
1778df032ea559157a36b0dc8bb4ceed32f2dea4ece2e8a3660dff3e80fa440d	mutations/M042/PLAN.json
5d7f12240c7560c3eb649dd4e015048b80eeebc00125f82213ee63303a311a52	mutations/M042/RESULT.json
da54d9aee453c82ad4bd56de6ee7b29194086d4ece461a97121b41f2ccb23139	mutations/M042/broken-execution.json
dca42ad953f3358cebb1e705c54fd094a351bd49a25a7c682b04f6a1b986a126	mutations/M042/broken.jsonl
072763ec2b54aac2d49bbee7928fa45a0182b3fbaa6912b2179fa72a12fd5f65	mutations/M042/clean-execution.json
3855156bc9ca5fd094d08733f5afda23826988c9bd1632af90b7f4f632310dec	mutations/M042/clean.jsonl
21ac159f04803901cd295f8814e0d70702652a4cf9ebbda504680bf90e193088	mutations/M042/mutant.diff
22028db1b1f68ca7a57093f1c53242a931aea5eef997354869b4ee45c47ec497	mutations/M042/restored-execution.json
c1d27193669513ac4c00a99db8666d4a70ce0a04517d96c4f633f5d3dab4a8f6	mutations/M042/restored.jsonl
bc1f74681f6a47dd9bb2fd3d2d73868cb136fa94efd467f5d56ef4be37183c04	mutations/M043/PLAN.json
1923d1586142ff0ab262317e86219ba5a213ec4450d87409955f42c3cb095f8f	mutations/M043/RESULT.json
c8ad111cfe96a1f79abf6e70c3ea755f9a43466bf3790d91807ce7bf7909abfc	mutations/M043/broken-execution.json
fc1f0305f06d87a3212ac0f5ac2158aafddc2ae704860c1d33f79acd62db1e54	mutations/M043/broken.jsonl
f35d2198bf64c69b2a25fbb4139d4e0d9a1ed12f2c5e599518a7684d03263f7f	mutations/M043/clean-execution.json
25044983d62fe453c103584e923f7697132e6f7ed828b20e16150398f9b984dc	mutations/M043/clean.jsonl
5ce8b6714fac544d311dd71b1e62f9b365ae50227e0a16ea15c1f29491e94638	mutations/M043/mutant.diff
18eb67c42b4c89f4b359a16dc376e0789817d2610fc1120b6bb91944260f562a	mutations/M043/restored-execution.json
2509620dbc29764a01fa93532630e2450841e839cf1d5efffbad52e109db0572	mutations/M043/restored.jsonl
91fad382ec5069827c818b2ee30d16a162df6d36e6857024159462b51df777b3	mutations/M044/PLAN.json
c404efe1520e18b9923ea5930961835070f969a2c86a025f724ec8534ec45f02	mutations/M044/RESULT.json
54fc2ae906e5e3643ac84bdfc1f0fcaba913c1122a89e5308343cca6a5e473a5	mutations/M044/broken-execution.json
7e14aa5f6bbc531231b4e499e96122b5103e131df73b9002c62c3e80774a17f3	mutations/M044/broken.jsonl
5fada4d737458e572ecb34d32fb5480f8f3c4a5a01aba35abf99db96d9c96114	mutations/M044/clean-execution.json
610d180162e298f7069461a150deb8583051724fa08e52c8d3be8b3a26494704	mutations/M044/clean.jsonl
35dfa049f495916d47750faa646a9d5ccfe085ec63dfa525a8db70d77cb8e337	mutations/M044/mutant.diff
d127254d69d457582c68a28d049b735d15f53c87eaf994e428674d998052dc76	mutations/M044/restored-execution.json
35be0328679cb96d25d336ada69b92cff19aaed2195b5fcd4d64576706eafa8f	mutations/M044/restored.jsonl
3207d40f2caaeb41116d1438553fe5d6964ada3237fc22f55d5a2ea3e87ffd82	mutations/M045/PLAN.json
bbd367587c5fab0a03e0ea608f2e5e44b93a7c3246f447868862f86ac13385bf	mutations/M045/RESULT.json
b6c08e1b776f60d8710baf190b22fe37e1f72afa0436f39407ee87bc075b923c	mutations/M045/broken-execution.json
52d4367d11b86235fdc14c6b2071c5bd1139f88cc92fd7ca76b03eb0d57fd780	mutations/M045/broken.jsonl
81db015b6776f006b6415a9ab76583064e31ffc6f6786da79ec1f93a5d7c0bfa	mutations/M045/clean-execution.json
a2dd0d4d32980e6a3075c548d2370efe55872b75e22302d041d3898ab108ea78	mutations/M045/clean.jsonl
45d7d696d5e5b545fe8a4811484627ec75f35a930bbfd4900d2721bc2bb779c6	mutations/M045/mutant.diff
3319b975a2307747b6ce481c7deb703e5f1ba0e3751b4a98e35fca0ed18dac31	mutations/M045/restored-execution.json
d3618fe4ce82a3e49114ef59a7f606fc2d03e243481001915f68964d2fa88ea9	mutations/M045/restored.jsonl
a560a6c0e3eef55a9afa7b8f553313d4af31da3418525efabe4ab6cb8caa0871	mutations/M046/PLAN.json
097f7d7c48139d9792e9c08acee1889fc261abf2bed8c565a531d2d2c94f60a4	mutations/M046/RESULT.json
fd657d8b55189e1fb3372f2bda191e1b751f900f1d247fbd6658dbb26c112757	mutations/M046/broken-execution.json
17a16eda451ebbc2c664ae958df5ad57d5e58c5f6a0aa3c3fc23f1c1c2a91bfb	mutations/M046/broken.jsonl
4635096aca7ae0cf2c7c5ba4b8a06dde3ec059aac35233bb7019a15c116c019f	mutations/M046/clean-execution.json
0e26753e6913cede0862687d5dbc27cf278bbb7476c25db556b46c02a03ea8fc	mutations/M046/clean.jsonl
0af50094c8ea6ff499fca937e877ad6c54254f77a4c45ed16947373418fac3e9	mutations/M046/mutant.diff
2721df1d31024e82459ffa36ae380af875e4bc9a1e5bae712cea908550071d02	mutations/M046/restored-execution.json
8cf726382d875b56acf393b33c8a4004afc89cdc87966f2fef76a4be62e5861a	mutations/M046/restored.jsonl
152c71042a241dd354c6e193366afec56cf64836d8ff5c165d41bbea4663965b	mutations/M047/PLAN.json
0a003d8426c34e9d5874d57919974982328d5e636cdbb4046210b33fae80da4e	mutations/M047/RESULT.json
36f2a775fdee9c4617ba857046cd6e40b9106ce1f5cd0a9f447f0f2e5c74b4b5	mutations/M047/broken-execution.json
bdf2c46b320a304467b99997bef7fd58eb8d1d73a555f2e8c94b00602e947670	mutations/M047/broken.jsonl
eab41703f21268d67e8bf4dd26523ed7a8bf21609f0bc7f0bbe4856f176ce768	mutations/M047/clean-execution.json
b599967166c5da04c4a0fb7df9fcb5d4236348a8852955274cebf88af99c54af	mutations/M047/clean.jsonl
9bbd92a253d037e91e14d1cba122a0f4227a0e0c7404ff18cca3a266062ebb95	mutations/M047/mutant.diff
e6b3eb6678b89d463df4e6dc6efcd0f1b5804ea95df083e20f51fe9d72f9ff05	mutations/M047/restored-execution.json
1a2f87b55692627bd6bf7a24b22e9faac07b55c86cf7997c13e10484ccb2c32c	mutations/M047/restored.jsonl
90619b1360799e5f3148b9b23c006e3dd286435ad78fd85ec3e2b91f7d7f56f6	mutations/M048/PLAN.json
a674c405cfa7779d5e92657eee1a0672d027369c2267e25992063371e7e4eac9	mutations/M048/RESULT.json
d94b0c232b9f8c5bf0a6dca612761eba0837ef214e371bfbdd25952024108868	mutations/M048/broken-execution.json
9f4bd6a616deef3137eb3a6541670509b8e4e081c1240ffda7d9dafc66c00796	mutations/M048/broken.jsonl
2d493f4b23ba913a7db47b0569a8593f59943568a410fd10b9a8e2f3c1a8276e	mutations/M048/clean-execution.json
9e87daf4beb1dcacddc696bdce0057b9705cbb50030252f9b47da107c9b02c52	mutations/M048/clean.jsonl
a555ad5641606870e048ba6fa138019915578c265b06d544841c62d32f605cd8	mutations/M048/mutant.diff
444200f233ee0183f8f8ce5c79d88bb73fd3eaf53201b1fff397ca0ddfb27016	mutations/M048/restored-execution.json
f5fe36348dbf6b58500a49fb7db22cb67e288e0029d8549b5dae252d97c36098	mutations/M048/restored.jsonl
dc73f2521fae2a98975d548d203347634ac0a2a5948560110d3942d69c18eef2	mutations/M049/PLAN.json
0ab11b9a985830e3b2b949d904df16228be59b4b87fa799750cf5a6ca107d4fc	mutations/M049/RESULT.json
86c5f91ba6b57828b3b31f3e2d1712014dfd24bfd0a147455715f8f5e6960c19	mutations/M049/broken-execution.json
de60b098565f352a71fa225775e60a1609affe4790bbbff0a7831ace41f11566	mutations/M049/broken.jsonl
fb9af81ff7b9a12eb7012d2d2878836f7dd15c2dcce083dc3e66cfba143e9b08	mutations/M049/clean-execution.json
41754aa23436e2dcdb85b23bb6be0d190a500f35bf0adba9d0a20f35fab14409	mutations/M049/clean.jsonl
af2caeb9f42155c0fb1068b39baa4d0cfa2a0fb83184c84aacad801acee804b3	mutations/M049/mutant.diff
02b68dba96cb50bdf502a1ac93fbf2d2ab50bb53368bd1ee18a97a953c372352	mutations/M049/restored-execution.json
197f846abe524dfb3cda400359ce490df543711aa49c2bac85b16c747a519b6a	mutations/M049/restored.jsonl
df195187625bbc8ec930641fd3a8094d21b026141f18810aef83406ac360d63d	mutations/M050/PLAN.json
4643f7b101f0355565e04ac3c8c62dcabcc2e9651c0af1bf548dab2878664054	mutations/M050/RESULT.json
4af2671b07f18ad280e43079cdafd2c613a0929a4aebe946dccfd2c75e646419	mutations/M050/broken-execution.json
82494ffdbc4a8eefc0e33087879e16a40b1e8dd6fe41ae9c604bd5a85011f700	mutations/M050/broken.jsonl
a5e2847d3f52589522a6c0cd462bb61ec09148b831809a6267312f0fadc515aa	mutations/M050/clean-execution.json
c4ed08343226f7983fdae26e8bd07795bd6e54a742484f38a5ffdfd0f9c3279c	mutations/M050/clean.jsonl
38f3ce042e153812bf177f2b96d6c21e802da3dc7b106b0f999278479aca1148	mutations/M050/mutant.diff
a9fea78a82670f5dbec3762e402b25d61030cf8fc021fb4203f6e1df67a675fb	mutations/M050/restored-execution.json
659b6bf9be9c740206814d96cc1fbe102ce56fa8e8c2de607eea376a0fb97447	mutations/M050/restored.jsonl
536a3a3d2743229f44cf9916a076776e0d8d58ce666e6b6b8eb5dd12ef309492	mutations/M051/PLAN.json
09ce591ba4ec4027b31c1c7587f1923a236684a2ee67767d7a62a67c0d0607af	mutations/M051/RESULT.json
ec9bd196f6e12694da1952fd3a31169eafbc5d0e75dcefba2f8683d4b9691795	mutations/M051/broken-execution.json
44f5c9724578ce81d2f4d1520827cd55847770d5391cf4559306c5afc44b91bd	mutations/M051/broken.jsonl
053f1d84e20fc00ad4f51633e70bdd04d21961c1ddf033bc092b6b5414c8a61e	mutations/M051/clean-execution.json
6e1225a286ca18d0b15f408cbf03084526da50c19152dc5035a644fb2e2881f8	mutations/M051/clean.jsonl
952ad612f87aa380e817e076388a410cd109a9b6fd210d00455901735ac35787	mutations/M051/mutant.diff
199ca7d0b7c15efdaef64336175090b09e5764789330f0e7cf22d9a5ce2f3db1	mutations/M051/restored-execution.json
2167024f55620c3ed6a79d3174d3034c0c0105922ae92559d1bd60411d641bec	mutations/M051/restored.jsonl
8fd28744a7bba5742308971aaaf15b6579d09b928bb208619aaca6ce34982a28	mutations/M052/PLAN.json
adc7fcec7b088193b30a1ceab8dedae2d4d762b3f24e6ebd8c305df383d7e227	mutations/M052/RESULT.json
8d51a271f447eab438dfe1b63076195264dcd4328e6adbbd6c265ce8b3db2434	mutations/M052/broken-execution.json
aada5fc1c9eff1932ff78a1762ff1c54e86455628df55a56deaa11beb2640faf	mutations/M052/broken.jsonl
0597c88f3ee92598257159f03573fdde87677ba5227869ccbcddef1073b135a2	mutations/M052/clean-execution.json
2093501cb950eec798b26bd004c9eda1f0c76ef28cf8627d31a518117f27e1a8	mutations/M052/clean.jsonl
419f962563fefb0379c5bc17c988ddfbcbd6bd604769be554bfb786cbcbb78a3	mutations/M052/mutant.diff
d9b9eadf64ed92d91bdf6b61180fabfc4a0ab03157179910c83fc7458e9a0b3d	mutations/M052/restored-execution.json
4e975a4b7c94c075623d02cc80033ad68f2e2d4bd32756a32fa780dcf5fa8c7b	mutations/M052/restored.jsonl
9085911c12a4adc612b61a7950485107166ecd5781c7a4bd3102019f0d385c2d	mutations/M053/PLAN.json
2ca050f16405bbf87dc2f2f7faaf821b1fe35f2c8a4683f80b40c3d90b8a833e	mutations/M053/RESULT.json
c7ccf7d90718b501835972025d3bce4cdd7e78708ae50043441f8c7dfefff6d9	mutations/M053/broken-execution.json
79d118f3cddbd884a9ba6f605c95574a1af4529c6f6e7f0367661d2dae53f5b7	mutations/M053/broken.jsonl
b53478569f9cc3804332111e2b34c66e42d93211c47e57af2b7e6a769a79f543	mutations/M053/clean-execution.json
717c6744f8a401036f184afd01d2907b055c865fe6a056ff21a59cd3bb7628f3	mutations/M053/clean.jsonl
e423744d776f950c634b05a3b9beee21a73440b8f5d2080801cbd9d61b89d6a8	mutations/M053/mutant.diff
ba76bc944df8cab0882b81d4c1271e0859ea463be72979ee72361b6598240feb	mutations/M053/restored-execution.json
c1e161ed775eb76c33560125d0cbb8466f68e29889331f87a94ed5e22bf855b0	mutations/M053/restored.jsonl
6915df5e13d91c2e7f1c9d6192b9344586ccfb5f6b13ada1866ab8d0e8a01661	mutations/M054/PLAN.json
bc0f39bb89900b6aa231f270f6df6d701e540cd489f3767abf78f13703e6a3f9	mutations/M054/RESULT.json
8ac7d80cea2b26fb7f3d51ed9dcf5869548c047f307b923e516305cf410a5964	mutations/M054/broken-execution.json
cf2e676a2df106d65c3510ef39fc5000eec417e2bbb500d12fec090f3a096b50	mutations/M054/broken.jsonl
1b9d37686c17aa803110496b9586167bdb0c772812c8a49cc44017fc0ea373f6	mutations/M054/clean-execution.json
1b9a5be1dfbd089ae326974fe6a34283d9ec503d8e5407d17a010db92f231fe6	mutations/M054/clean.jsonl
c1e8a7999ea62f7023ad3f34fa81b51c7bbfd1ba4b05866db6b670163300ed66	mutations/M054/mutant.diff
6ab4c2a572daa87c4396fe128bede2dfe543a64c55a9761260d119dd172765c5	mutations/M054/restored-execution.json
47d33850a20c7002a859233aafe5fa9f14750b4cb6f25269cc5b44b5ee2c3d3c	mutations/M054/restored.jsonl
d00de291b2b46179ae6f5280bd5ad911b7d5ae4eafb74139d9e23b91fa43bdd3	mutations/M055/PLAN.json
25f4825a3ba076910bb7c21e5bee2247fc1b2268baa8c8c6583267ff131ca341	mutations/M055/RESULT.json
805b37d7691b45fc603518fed93d4bc8b5fd8293d4aa13fceab0cc4166adf8a1	mutations/M055/broken-execution.json
b487ebb91099413c60cd22ad59d80eadf367a55a60fef03eebc9e11a2fd6296e	mutations/M055/broken.jsonl
6e7c9a9d4243df60961ff60a27df7ff8badd78f960156afc651ec50ce7afac10	mutations/M055/clean-execution.json
570746be8dd30e20b15d646c63cf4fb35ce1d51d400b2781f3f27df5bb7ef51f	mutations/M055/clean.jsonl
106f6aa891fca4371d50e7881980a465a740171a4b2e0dceb4b4846f869ba2d8	mutations/M055/mutant.diff
a51bc558145f38ce2ae458768947e3c4c5a09a22a493c035501d3a3791d9469e	mutations/M055/restored-execution.json
0623a2d5956d0d29bda9b2a00823c0bcf5a8571dd31b0733cc2f6134e85ea899	mutations/M055/restored.jsonl
ed495b07b3883201862ca0c80d7332c6a27b944516bd4b083f33395173e45033	mutations/M056/PLAN.json
5486efb651e035c8cf92d38b7779edfabc50a36011e94c113007a92a2219a183	mutations/M056/RESULT.json
8254d39845decc30c91834421e92eb53f0411278363e321894c081c5be814414	mutations/M056/broken-execution.json
4f68f9398944f3137882c6292dd615941e4d0d7b46d8940685da2278b751e707	mutations/M056/broken.jsonl
6fe6cf5f74cb656db36831e885ab444ddde18cc1cfd9c4afabf0eba95c88770f	mutations/M056/clean-execution.json
8682229c58b4a0fe5a0d1a71d9e6687af75e6e0fb9da10bece7bd184e253e48f	mutations/M056/clean.jsonl
26b151762bdbdabd42a4ce580e74eb48a6a65bcc608598f5f463119b351bdab4	mutations/M056/mutant.diff
79f5e797b0e990d9b7035b066c6e4257e91889d3c24270b3285fdb7ab888f052	mutations/M056/restored-execution.json
97a417bd85bd36250ee59847d1eb1319a3c349b9770b5616dc047f51fb1a2f75	mutations/M056/restored.jsonl
5821944f9351b70085a4a34085a9e62bd369eca806fd79171ae599af6e3baa72	mutations/M057/PLAN.json
258e235a39a2b7fdd964cbe0060fb7b320c47b3541cec68c6c7f6fb696c67ab6	mutations/M057/RESULT.json
cf7610cc7dd5981ce7e1ec586d2711f686db2f96c6b7b8e63c0848da2e09d551	mutations/M057/broken-execution.json
8f085cf675e701d069724c05024a84da2e4661154d27e10c9db5ed331bb6431c	mutations/M057/broken.jsonl
c9d7e16f96ffa5114c856a54084252052aabb2cc83b09e8854b3a50a6f507140	mutations/M057/clean-execution.json
4b88cfc57a5e0c6e82a79cba6b481b5c3e19d8dd8794f96b66a411ce223e8832	mutations/M057/clean.jsonl
f0c9ac83f902aa7c4ec24e7716dd99c5098e39d578d0fa01707fbd2139a5e4dc	mutations/M057/mutant.diff
f8f60e5dfe2efb8f1d85d9f1b25a18abc8daf1c20015b9e5ada43df16abdeb19	mutations/M057/restored-execution.json
aead5b8e5a944c4339d64d5c74377fca27f2e9cd986c3af5cdc1455517e6ff87	mutations/M057/restored.jsonl
ca685ec2d98ffe0e1506c5c512f1e4c6a58e3feae5c9d7dd064544cc9610116b	mutations/M058/PLAN.json
aac6c38c5fb5ebe2fe654bf9c8b809fbf97cc937953313e800997f776136373a	mutations/M058/RESULT.json
c6f7c2257bd4064bc9fed837bbe38ca6bc9dbb9ba1bd999f978ddcc9249468a8	mutations/M058/broken-execution.json
febc2718126938677d38345e3b3219a9b5b7af63d51e19c4348bc89dcb6eef69	mutations/M058/broken.jsonl
08c2939c50b8280942a010fd4b94addf4294746c94caeda5a608d6096b98ed42	mutations/M058/clean-execution.json
568f1557610f5797a35fa70ad34548b552abd969ab5f9b5f4d46b3316a912bae	mutations/M058/clean.jsonl
a6eb086f8ef84660b7fd4c5adbcd79887b712eadade09f02e7d4362bec08a72a	mutations/M058/mutant.diff
6ed125b5f6a361b48e27f061ea8957be64a373a444a5c6e9845480163500816a	mutations/M058/restored-execution.json
24191a2d396a2097c97c9de8a7507573be725a48e8367b2a523ead92efc6bfd4	mutations/M058/restored.jsonl
582aff9deeca566b299f8516c775e5f23ac7a44c96b1e6f79790357e54f8d706	mutations/M059/PLAN.json
894c4c10134bec617524249c8f7314eae60364e0b3a0ed6059358a56ee6021c9	mutations/M059/RESULT.json
738aaf72d6bff59582336811b24287d31b1791a927111a2a9467961b3be42c9a	mutations/M059/broken-execution.json
5a59f6c418aedee604444a5f85ccefb1806696c433fc03d459134705ff8e933a	mutations/M059/broken.jsonl
144dfe3d450a681ac1f963bc8c6cd210efdda0394fc28a034aaeaf0fdc6fea37	mutations/M059/clean-execution.json
73a22d8fcf10cf5618a6d7c7b670e7e50bd04feed920a03004277db76a524c97	mutations/M059/clean.jsonl
8b9d384df4a5a15860c8d026d50917945e19990bfd97f9d082f41e70c9f7d33c	mutations/M059/mutant.diff
b0255702d1c6098304a696151f0b85f9215a09119edba55c0b1e7e46a64e80cb	mutations/M059/restored-execution.json
c8cc0299c140c49980d899644fed014586b64812bccb296caa30de20ecc8c631	mutations/M059/restored.jsonl
76859bdecab26f3a14c48aa21a7480b538201a668ef72ca11a481f4eaf6db977	mutations/M060/PLAN.json
8cdb7a216196c6d5572b763a11396ec6162a21e66612603608679c22dfbe381a	mutations/M060/RESULT.json
e19b4319899784e2ac4663fa06583d350b08649640338e33b6e55bdde19c78bb	mutations/M060/broken-execution.json
63dce48bca9d46cddb9a5be9b26ffc258dbb11a25193c4c415288809e39f56df	mutations/M060/broken.jsonl
bcba462bf118546ced44ecf45685f902f2141000e428d92873ed0198d0c5dcf4	mutations/M060/clean-execution.json
7493f1571c9bdd5d0bf0893cdd2cf21ec28d2e60d2ca9395e48c64434c4bbd3f	mutations/M060/clean.jsonl
2197d4c0f2d8f2d86934060859c7cea06e8df57b6acb82bff1676a7bb231a4a4	mutations/M060/mutant.diff
3cf3240f00724a3a2c242b617a1ae295b4212cc14b2805f6a093e12f5a3cd7a1	mutations/M060/restored-execution.json
ec0f83e14a35c8402bd53c7784d19f7907a588e81a44efa85bef511a3f52ccec	mutations/M060/restored.jsonl
d7a5c0c45b2f941eb1aa4e3c9c402038420edd034db937990267f17249c6bd2d	mutations/M061/PLAN.json
71913855343b9b87c84bc52e5f3d12f704aea871dd3a4ad882243be4ad2c41a3	mutations/M061/RESULT.json
251d875c5add50d3d5c5db5a145c220e175cbface71311dfff42f613372b3ded	mutations/M061/broken-execution.json
b493034534a6d95b5a53882c88d3be99ccd62e2194159f0842434230c89c186c	mutations/M061/broken.jsonl
38563d5626e847af0ff5b29164d9d8c799ad06e0616cbf683533fa2cb1c9892d	mutations/M061/clean-execution.json
d1cee41f0c0db2ad50d8291aa03e0f010431984689bc658133366bdc469ee647	mutations/M061/clean.jsonl
095d762f0c6fbadaf9b65cd039abd6a5a92300b997339f57966084ee6142ee6e	mutations/M061/mutant.diff
005ece2181c3f39ae9611fbbd08dc664d50314a5d9d53f0129b24dfd12d44686	mutations/M061/restored-execution.json
7227aea7610be02127563742eb27531400e7b208bf34ac2d635c4b39fdb86a72	mutations/M061/restored.jsonl
5e4e9ae5101d2b669006472b1988d1f874546550c232386825ce021a8d65899d	mutations/M062/PLAN.json
43534a55d2cbd26f409a92a6875dde872d601e22618fb402ca296e68281ab4ea	mutations/M062/RESULT.json
df453a34c9be0b8d8a961b8ed85e5ec7a63fb2341c8fd8927937416c77c99a5b	mutations/M062/broken-execution.json
0fe72cbb3a89aa321b82fd46347bd500688bc981713401f7250c4f3ba8825e25	mutations/M062/broken.jsonl
2facf6f9ed8506e2aaf09c1328bab33f0089a8c0095dfac722e61ba3a1445a7e	mutations/M062/clean-execution.json
d1dc90aaba7d78ce66ac9ea20b0f30a7b5ce2184ab6ce7c1bfbb9d78b20d753b	mutations/M062/clean.jsonl
e3567a8d8c24a3182fe36ec8c9d58c2e08530e14351e1c7ee0c22070b0629d02	mutations/M062/mutant.diff
a23c1d6f4363b8f227164a7df128a01f057058b5a80b77ed4de43574d7059abf	mutations/M062/restored-execution.json
2abcbe195593919b2d9ab7b783a0f558425cb2c107f28d0798a55ebd6dee1b33	mutations/M062/restored.jsonl
5f877dd0f40ab25c2c9fe9925cd7648ca21d2858d31dd8ba7714406314c21b83	mutations/M063/PLAN.json
4e94ae76ee51511b2cabf4f7e09ea97e2019e6e343a91f96d962ff2f299217a3	mutations/M063/RESULT.json
6cf8c5711d111ec80080a3ec3973e15c664549a14125f32e5a2b9a5eeb8ca7fe	mutations/M063/broken-execution.json
35ea1c046a19d70591ceb9aed5ca20ea80d2f561c22569ac2fa1133aa247bee0	mutations/M063/broken.jsonl
6812338fd4f11d1ad46b31177675bae8c164ec4c8cad1cf1ce24318fd17c5b00	mutations/M063/clean-execution.json
5ae8392a51ceea76c2a62e03123d21cfb19296b28c93cbfb2d4384e2d36ec62e	mutations/M063/clean.jsonl
5d5e7b7cf3612916d38a82ec4e6eda34bec8beffa79e41935707979fe68500fc	mutations/M063/mutant.diff
fe96621d304d043840102db77ae70b5ab655f5292460ad20002724447c8679cf	mutations/M063/restored-execution.json
b03010bc8e8327d2440661b42e7b81e46fd9594a35a901fc1c5f316bb704e300	mutations/M063/restored.jsonl
6aa35ed54935911c8290e8c54bdbeaad662dd445c53fbec2fb0c5f115fa4376b	mutations/M064/PLAN.json
a6924e5a9d37775e507c675c8c7748177ceafaf1e8a45e55de4fd2bb4ad7eb98	mutations/M064/RESULT.json
c051632be3dcdf650a162f3ccb202050bcc581aaca9d6e2a3c2be21d21c02834	mutations/M064/broken-execution.json
002191bb2f2c5b56303702b27e1a861d152c953f7c056700e689aa730d83c7bb	mutations/M064/broken.jsonl
b1dc9da0f811bdccb21f9c55fb74d67352be27556e38ae04fe915cb9d0b94af8	mutations/M064/clean-execution.json
6dfc92e3c1a236dc3a1bc2bb3d662a95ff65e399c8ab5e62398e22ce101d2f77	mutations/M064/clean.jsonl
57257c2a6e051b7de610876bc01eade03fe3aa822289816e0b00189afc2261e3	mutations/M064/mutant.diff
1f839d2cce8ea2d3783860bd67e22826293f859fe328494f2d925282597d6706	mutations/M064/restored-execution.json
15db10c9e7e6e9a59280d021c5087059642f75c6a55d6b2c4e57151952c14e05	mutations/M064/restored.jsonl
5b0c1c6a9dc554a2dab71b9fe341e2d9ca880391acd7a60650b328dc2ae8ed83	mutations/M065/PLAN.json
0a1722a35fb3427bee3cf8820e7acb55fbf2f55ebae39d122732a9c06322d101	mutations/M065/RESULT.json
48c300a58b22f1fe9471168b6eede28288f94ab7788114b8425374726d48547e	mutations/M065/broken-execution.json
ea744da8d90c9e3bdb09a4ab1d7ebef13988dcdf552b010a2308592dee78e5fc	mutations/M065/broken.jsonl
d33a2fdf046c072ed8384cbac35777e3f28b3c1d8a7b9e201b47059d5dbe9096	mutations/M065/clean-execution.json
276c3893ce36e74160935769a551aa4dca8528b89fd6cc5a0c1c5dcf8dd2777a	mutations/M065/clean.jsonl
c6f9bc3f4588bb3afb53e0648620788105578e27e103796c37482791ec225ddd	mutations/M065/mutant.diff
e0c985dcb59c93ea80ce5b646fe432031e73f786ac23d802a8768177bab2acab	mutations/M065/restored-execution.json
a420d24feb0f443efc2644399e4cedafd477e960d07346c80cf0f9873e8a1b95	mutations/M065/restored.jsonl
399f770926f506ca335c44f14cfcf8bbf64f52abc00e1270f24f6d7aead90196	mutations/M066/PLAN.json
eac208b6d029e5e5d0f2679837cfca0f778bf5ecf81f1494f8acff9564e79ded	mutations/M066/RESULT.json
4ecf22b34fdf5316e75db6340e499f8c7c1a008f69ca5a69bcfe6c8073d1f547	mutations/M066/broken-execution.json
13c48cb257411af6fdefa2d9ff821d3b52bf1a071b7537d493bcaa8a9eb16d6f	mutations/M066/broken.jsonl
41760c49bf811f432a6b5a3810d3f595b95744f8ff043becd9ff7af851b5c686	mutations/M066/clean-execution.json
565f0ca62be3fb7eeb4785dd4408c257bd6e741326350861d3daea9bc5eece45	mutations/M066/clean.jsonl
85d1476a62a4a537d4edfa3ac0ff0b536776a497df329f7ea91de9b43aa0ca8f	mutations/M066/mutant.diff
670baab508fc8cb7d1a7f03f51e1f1f1929a1fdad660a4d0f9c7651c2109017c	mutations/M066/restored-execution.json
9e7e1054f5dc5e2b53d58bc165deebc4a1c1bedbc2fe389bdbd7e2ad348f1657	mutations/M066/restored.jsonl
377743190df0d215c7596238fdc06afb92053e7a563b0e06311865c9cff8ce5e	mutations/M067/PLAN.json
03317a011b7975ccba57d0342e30ed10e5b5c6f4f8028167084406dbb55085db	mutations/M067/RESULT.json
fd8a72270c3c6e7ab0f1f5a7c5c0f968dc1e340cf609c55a0ae8fffa29569553	mutations/M067/broken-execution.json
6386163b242719fcb9ce6610f9aa4a505b249842fe8c2e3450cbb998ecd8a47a	mutations/M067/broken.jsonl
e30ce3deeb9755212769a78728014305998a4229a9e2bf801c41f2fd0653bee6	mutations/M067/clean-execution.json
435f70124abb9e138c2cbdd5e28a2031106090d6b6d7776b7c99eba61a31987f	mutations/M067/clean.jsonl
70444026dae06ea2d357b27d4404bf71576a77afa4823cb039988e50f7dbe2fc	mutations/M067/mutant.diff
993450a561c2a6f0388e3633ae1127305c576221a9ecd9c2660226802ef131b4	mutations/M067/restored-execution.json
c7dbd0f49f5fbe451d626a4e98c16fadae15b6b6286cb67561678619c33336e1	mutations/M067/restored.jsonl
3c929b0a33ba4152f145fe219991d6799da0026f1549950a0302a1297ad12857	mutations/M068/PLAN.json
6df4fe37819cfb023d43fc0cb9d9e3020c170abfa400f6086cdbc0e0372d110c	mutations/M068/RESULT.json
de2692d528b367fe3d9d15afda686fd217ce21cc8a6803230e73155695bf730a	mutations/M068/broken-execution.json
bd00773b3b1cf8b3e207f9064b41fad0f1d22c78935559dbd569ff0618561034	mutations/M068/broken.jsonl
1486219373c0094cf3f62ad68f98ec89edc15545e676c068a7d578f8ebbff48f	mutations/M068/clean-execution.json
983879ec24bd4531510d5b5dbf930b8034265e404c7ad42798fd92371d8cf352	mutations/M068/clean.jsonl
05b6f98fb5cafebbe135047cd24635516efd7668baa38bd340fd1add45ed819f	mutations/M068/mutant.diff
3e98f5238911a1324786154b61b114f5cc2b2d25d2f7533daf4d5122eccc7f4c	mutations/M068/restored-execution.json
9ea3936b9e7ffd47a6f86af8502cb213606d7c3fb93eae5d166ff06fc9db018d	mutations/M068/restored.jsonl
853f7d2ba2c72b86b76aa3a36b10790c58d3964df72fab8b6c23cd5dc990126e	mutations/M069/PLAN.json
8eb537ee2f6095d3d79480823c310f4bdaa483a7fbf18333850557b5cdbfc61a	mutations/M069/RESULT.json
206228749e08b98894604e76b434acdc4ed611a3e063201df152fded517df1f1	mutations/M069/broken-execution.json
ddbffc7a7fce14eca159b8d8e245905b72635183a39d8ba8dc210e2b9b348c66	mutations/M069/broken.jsonl
60a49a81ad820362cba5ab65ea7a46ccee0c43b3046da801c5d8ca315017e4fe	mutations/M069/clean-execution.json
adce2823fdf4aa4c941cfe4117de00a276077b365c2797e95227baf58daa8465	mutations/M069/clean.jsonl
11b23e88e18dd51f6817d7f3afc566be165c65fa903c50479d4b766d9639ed55	mutations/M069/mutant.diff
f8caab0723fdd4f99c4133de77588b2828ccf1034b77841d90859f0aea70f2c7	mutations/M069/restored-execution.json
e828a82edc34acca1fe75ade87c6a56a39ed210ee9047784b6ba2a636d7576e3	mutations/M069/restored.jsonl
dae504c6f03e5d6bff170834f7ec834aaebd02ceb2345a875702fc3be838f202	mutations/M070/PLAN.json
758a9b204c08264c82e23f80903b96ca428eb8762410e18cf1e97c75e63f44d5	mutations/M070/RESULT.json
6f9e6277d6368b1dbfa872023b8a29e7a9485c5df3b44c4b4be5e1db053211fe	mutations/M070/broken-execution.json
7692a55989a407a2c0647da52d81e37a6cab1567bab960bf78af9338a75bd0de	mutations/M070/broken.jsonl
dff473bccf4fbd2c1e985509eed46f9e5a6f5fd40ee02e17c0f6fd387c3302a9	mutations/M070/clean-execution.json
70dda6d529c1126ce8e9cf2a7a3eb5757086314cee8fd99665b2450ebeaa7ac2	mutations/M070/clean.jsonl
295faf4bf68e4ef11cfe2e62d3b8eb19aa5fca2fe83a6f38a5cbc414028d78f7	mutations/M070/mutant.diff
c8f6f43a1834bfd3ef7356659f4a3be44f76b288069c2a98795cb299494ff1d9	mutations/M070/restored-execution.json
24b9630e39d71d34067010682460724eefa9f6f7aaf4800d28ec5d74dce78c6d	mutations/M070/restored.jsonl
a3cee9458250114110dc6192b4968022175859b02a6306919f063788bf47af1b	mutations/M071/PLAN.json
aff78e6e36d43f12c9cf23b5b4ac2b7703d57bf0a8f24f3080a51816e65b1c5a	mutations/M071/RESULT.json
c636e0c4c7b8da3b08bb750759b393ff5968caa138d1e781e462eacf7059934a	mutations/M071/broken-execution.json
cd88bd8353b3f58cc7fe0d11cf99258a578daeae75d09fc3166a7cde74ace9ef	mutations/M071/broken.jsonl
77fc6b6b706ea3ff44f4852b85f4d937e17cc03f94834afc73876b37643c3c41	mutations/M071/clean-execution.json
be9aca8165c0c6ffaa53cf3bd6375cf7bcc4ca33adea2f51c4640d47863a337b	mutations/M071/clean.jsonl
5ef1fd80992ac56ff3b4cd4d2945b5425473001f0e4b224355dea18118170be6	mutations/M071/mutant.diff
8b7eca524797042ed3a9e3829b8008dff4978a6da464e6fd14b358c17f6281a6	mutations/M071/restored-execution.json
7dfd4e9fc32a49e9fac2fc7cd83cc0cc953f6231454492516935536d3efae0dc	mutations/M071/restored.jsonl
67aaaabc97d068d9481aa3f59bb5a9770e87cd76a3c8512553ee7577a25ee28f	mutations/M072/PLAN.json
d5424ceef7956f1292ce95a66303aef43b0f8a1831b3b05ea6fe867d60aea084	mutations/M072/RESULT.json
d6ec9bc67c8ad612bee4fc364bbd910a35d68623124957ac6fda66ce03d8ea7d	mutations/M072/broken-execution.json
d626a9102b3f0d3101d070cc76a2de158ba944558593d1f249c90570edb4031f	mutations/M072/broken.jsonl
aa412e3b22993190f27f32bb982b20619b738807eaeb3ea9a264e70680eac702	mutations/M072/clean-execution.json
ac6a4c74b9c2a9c823421debee1724ba3ae914119dd070a05a17f76500706bb9	mutations/M072/clean.jsonl
5e584f6965f47ee4082755dca96f9656d64f718836bf62ac07547703ae1c32cc	mutations/M072/mutant.diff
e499e1d67af44a76fde858464d9852213a2e5b4d455ca24d0b468dc128218016	mutations/M072/restored-execution.json
4dbbef697c4e2453a4a592b2896dc734244309b783f391e419a857f08997058b	mutations/M072/restored.jsonl
acf086c777b57a60b22e8ada9be311b38054e2eb113615a9ffd94f933ab6a272	mutations/M073/PLAN.json
77624273929c5b6951a53775f0629d45ff50a54a49a9d2551f00dce35e8ebf66	mutations/M073/RESULT.json
0f81ee8d570c40c5d2a3ff6783ce3f6c70cb51a9adff158c58a118ce3cc61b80	mutations/M073/broken-execution.json
1827278a35de4b2d3affe66830907d65f6c03f27225b7f2f3a53c20608e0afe0	mutations/M073/broken.jsonl
12fb8569b5b1fa998d4374d8a34da718b60f5e12a4a3d22faf783a7119d2491e	mutations/M073/clean-execution.json
d8abfe35bbdf73c35496caaf1a4eaa9a9e7c2beffa25c0c4c614e27e5dedef8a	mutations/M073/clean.jsonl
a7e40e22b83971366338c35aac4634e137836723b27f4ec2f6fe32f72069ae4e	mutations/M073/mutant.diff
f47208ace31dccdc547f302cce071a1dfa2f49315772507367adf1321d6f1b1a	mutations/M073/restored-execution.json
c09400e22660ac3ac7d32f8b6d45761643d72ee1ea9678d123714ede040b012b	mutations/M073/restored.jsonl
654d134c31f81c5f89fa984184fe6fa11e5613ebf18a11aa69583ac05e87df2b	mutations/M074/PLAN.json
0cf90cbe349d74f8639f415586536cbae28a7d1ae9ba9e7ca3a76c9573a07e79	mutations/M074/RESULT.json
85f47d3bab89090aff6542906bcdd8b274e4efcd24868b603fc7dda108312493	mutations/M074/broken-execution.json
4e6f40f3f56457c74f228932cdbd69ddaa55d461fd942ed530d8c6f5def0f385	mutations/M074/broken.jsonl
44564168a9c3629337f84a13f170b667fe4d774adc5db22786a7d2884b46942e	mutations/M074/clean-execution.json
bf72b761aed9814b08f95c838a73b6a0db32883f72f512f9b02f12a1788567a6	mutations/M074/clean.jsonl
3368486ab9a145491c4953c141caa110950815d2a5569783e66959d129308381	mutations/M074/mutant.diff
a1698d241865e9ffebbaa9fbec34916a5ef2efca76b4a2d801a5d30421e9ee6d	mutations/M074/restored-execution.json
e55619aa9bc7d3c03328ad5e1295dad9036353496bfff2c7b09bb46632cdc7fd	mutations/M074/restored.jsonl
39b23dc4464945803bf93d5d330cd1781d08a9c953544931cd767ab20376b711	mutations/M075/PLAN.json
53c8221a209bb191a74fcc46070c97d6aa61ddd66b2b2d5f1ac15602a859dc98	mutations/M075/RESULT.json
545b1bbf260f8b59316954f0a66f1102baf51678f44a8e839a9aa926c6959853	mutations/M075/broken-execution.json
786fbeb3b4d2a3a1f38a97617123a638efdc5d0f7d03a53594b6dfc6926a63ee	mutations/M075/broken.jsonl
e40fd3c3557f1fb79619a5a7bc639829c096bb1584b8bfcda8544c9502b9e858	mutations/M075/clean-execution.json
739f5b35a59687b75dc1853ea5ed5e6877522bcd6d829225669fca39b86d2266	mutations/M075/clean.jsonl
1f7c6b7bbf2f8b7458dbf48d3a9d40543c34daf70e628c9b76806ac5f692a2cb	mutations/M075/mutant.diff
27a52ef0b047bc84fee6c5b73ae373eef3bede38f8d03fc11993238e85293bee	mutations/M075/restored-execution.json
fca2b16235cab895cfb6a544c7e19f2e809a5ee4ba7611165aa69ae1327514fd	mutations/M075/restored.jsonl
559821fba19d8d7f4b081e5a017542fd935a7040a9958fb611f7fde9d2be4230	mutations/M076/PLAN.json
4043fb3913ed66590279df9c8a125a27acdbf4e55b0a4137d9770f6cf36b3028	mutations/M076/RESULT.json
79d0294296ca1089f49d39b24cd509ac3cdbebb75204a4444d742fbd63f4acba	mutations/M076/broken-execution.json
42191901891cc22c3a68ac809504ea1926d4b6ba505a1d70b1e73754271c5c9c	mutations/M076/broken.jsonl
06e515742cf0fd1dff7fee05d79cc24d81db09b77e8a27c5f67d43528b7dff24	mutations/M076/clean-execution.json
381d7ba5e111cc6f100d8e8faa36246d742d2b82003f9bbcfc1693f10b029d1d	mutations/M076/clean.jsonl
b0c06f61f339669b558a49989a637fe794e0dd4ee620761320ba493e6e6c9abd	mutations/M076/mutant.diff
dd15a11fcefc6f7746d4a2ca6d13c1a82a701fe88a9365bb43f4f6f6b394b6bd	mutations/M076/restored-execution.json
f246127c28abd22e1b3c5d8bf0a463e9540bf5ce48d162c15ce433478c76277a	mutations/M076/restored.jsonl
7bede2442c4cab6ba789e666bd95dbbc5010f459fe9bcd26058f971c29f66d94	mutations/M077/PLAN.json
cfc92850ce167698d39f12162db99b0cffb29a80bd68b224fc811d988a579cc6	mutations/M077/RESULT.json
b6f8c92551fecd26bb382b05464da974f5a1bba183424bda71fa770e4abe60b4	mutations/M077/broken-execution.json
3dbc569f5d63d092e0012e88bb0f43ec6aa7d74c3a0102fb9f90a2fb3c30c400	mutations/M077/broken.jsonl
2439b11540fe9b088897a68cb22907980ecf5ffbf9ee2bb060721eee1c41f79d	mutations/M077/clean-execution.json
f62ff38fc43ebb8564f991c6cb838395ae0f8971a4318af03d15579294e564fe	mutations/M077/clean.jsonl
00dadcc25cb2890630f3a9e97a2193ff1b88a7819792835c9be10fc6d52a7f15	mutations/M077/mutant.diff
091a0c0dac5c7babf7905062cee55432fcafa9f95ed822f6b739ecef5ef30264	mutations/M077/restored-execution.json
2a9723f1c453b95473dfb9951e3747b44164b55834bf2436b03969b21d6c4220	mutations/M077/restored.jsonl
2483e16e6cb8856713de046eb5ef8ca05e55c2370500e1a0299412bc3c4941a4	mutations/M078/PLAN.json
98f882979680934d318c1d867cd85669d25940387eeb6dd094ca450c0a41e4ce	mutations/M078/RESULT.json
771c0099b55fb29913291e8a4066203b9d98943116733046e0965d1bfe592bc1	mutations/M078/broken-execution.json
d5b2dfb5cb9d1815858c17d8e77910fc973bb56ec9a931b40b4c9cf0232596ab	mutations/M078/broken.jsonl
c26e9a8639a4e0ea1984f629915efa8be439d528ce685b2166ed909fee0d0556	mutations/M078/clean-execution.json
966db17758735fcc8b135869a145e0d45eec2155076d104416fbe05135c5a642	mutations/M078/clean.jsonl
eea4d0615c1a0fae3ea2adf2a5a2b95c47291a4e543329c79ce9a76bb4ea348f	mutations/M078/mutant.diff
352b9b7056b6947224bb2307366f98b687580deb0b884f7c3b2e170a8aaf93d5	mutations/M078/restored-execution.json
83eaf72fe8b982d8c1ca38ed8f95419ee6e5cdfd6bbe3632a33d7a9cf7214509	mutations/M078/restored.jsonl
aa7e78be7338194840d5583aae2a7e4c45a8314509d8c99e8ecbeb229508ee78	mutations/M079/PLAN.json
ef313f6a4065971cf82a6f0379e74440173e2fcde04fe3bc2e641992a70d49ff	mutations/M079/RESULT.json
d98fc24f8fa7dae1ee593bd9bf9130a1ee1f9879706ad0dae82e4738104ef70c	mutations/M079/broken-execution.json
fa440221b29564dbdf54cfea0935cfb9a3a929e9d3ab85783fee6eae06262b8d	mutations/M079/broken.jsonl
4e7ea8031ed68b6853b7456fb24c1ab064757f5a4de658a5c363952a08198f08	mutations/M079/clean-execution.json
f9a40b6198ac970ccf0ff7ae6f5be2e0bad22f411406c344e60b8a26be2bc244	mutations/M079/clean.jsonl
5c044899bb656e9d60173e3d85d4ebef517a0988b076132f9fff8bb7ccaf6773	mutations/M079/mutant.diff
44377ccaa075a1437c7982cf59099b32b847b14442dd07ac13d5c9bc1e04a195	mutations/M079/restored-execution.json
adaeef976f76b04674444ef4ca0a3a78da38055dbc76ebfcaa29c107fae288c3	mutations/M079/restored.jsonl
70446b7ed1f3d8b14287d5ceca67ba36a38433e1fc171db3ffa42fa3f3193a05	mutations/M080/PLAN.json
659bf5a236827049f8203866b73bce823821ed4ab6b14327014f595a3d55de68	mutations/M080/RESULT.json
bc7839e4e04a2f5880b7948f35e53190a780e4dbf75ec2c44377dac94d57bd54	mutations/M080/broken-execution.json
8f6686452fbd13d492d34b7ed7c519a91bd3c9d6b393bf5cfde0853fb81ca981	mutations/M080/broken.jsonl
4154f588df53e4e10d46f1a3789d0b732298624b6571cd50c2fff6f4f4d81f84	mutations/M080/clean-execution.json
7e728a3037adcca99913a0ad4212216763067c17966e187c37f94d69811360f1	mutations/M080/clean.jsonl
752bf6b6ff3aaeff166efa5a873b7ea869fab4ee48dd9324c7dabbdd2ac6009b	mutations/M080/mutant.diff
27b0d2f03eb579cb5d40cd1c3e2f5d13654535589dfdd5962af263744a0c25c5	mutations/M080/restored-execution.json
136c741309bdf189ea1b57bd11e58483363838b34690c570f97ff0d83b85519c	mutations/M080/restored.jsonl
f6eab0ff07b47f2a842bc5eae268cbbe43f196ed26cb308bc74b7e7b6c774829	mutations/M081/PLAN.json
98a9b8f8a3ebcd9a7885e6abcb14c303c0df9ce10d7f9892ef4160f94a6c8a18	mutations/M081/RESULT.json
61ac44c58d19a349591593ca6522ff3618fb4b3c66c0812ec3682eaead31b1a5	mutations/M081/broken-execution.json
652a4c2918f530996f3fd1992fe9ae038c3fadd061b4a183c57310a11dd974ad	mutations/M081/broken.jsonl
d55d62e9528c6555ea7cbc78b0b99b8a5c33c385fc8eaab6cb42e9757bfe2b80	mutations/M081/clean-execution.json
88d0862fb4bbeddcdfa4f562830ffa983aed81b33dfbff6e52b08f2fc465fe82	mutations/M081/clean.jsonl
9ba72eb0c9d345be5b236af3267c63b8c5e1ced2869752d4b2d6a32d286da877	mutations/M081/mutant.diff
ab9561ae7eafe0df1373754df62daaea7c973eaf896d9606741709d63a643801	mutations/M081/restored-execution.json
798913947f7212a2fbaefb67fa484944a0dfaf9191d34f0190febbf894c9f6b4	mutations/M081/restored.jsonl
920ad16657679c4995e3015a7200690df2401694d7c89e645546a13c9b33f2ed	mutations/M082/PLAN.json
03660c09434dfa05fd29d5d9494d1907065d9d6c486af63ef6dc2d8f763d6a43	mutations/M082/RESULT.json
0ee3f913eb0a254e59c1cdd172bdc89ddd46d6939ec87a2ff3dc9d9e748097b4	mutations/M082/broken-execution.json
0d65281ebed934e7e44504055dc76d06e95cd3447179a99ceb15cf6a3a93f79d	mutations/M082/broken.jsonl
ff2f3b6bcb13b61d9cf6099a2155c11b4c8091ea2d2184bc4cb13487d38af95b	mutations/M082/clean-execution.json
0d89f227fd000046b4b27647ae92f03ba646cd2506651d4468c43b7e475957f2	mutations/M082/clean.jsonl
e0ed87f256e0a0c802d4709de0db54681ae5fea2db14cd5917cf7e820c68e42a	mutations/M082/mutant.diff
7ff911e0d47d0d5dae6ce0a7fcc2b3c247d6de5772d2845074e012eecc4d91ab	mutations/M082/restored-execution.json
4ae82f2e46be1e53d60d0f374200a0f9421322f267ca863dbf7c17306be21503	mutations/M082/restored.jsonl
689f84f6cad7efe3690bc570d37fdd4c0705794d970fe58930ae9e99ab465598	mutations/M083/PLAN.json
0d1da966e54af2e2d16ee3bf1e3b2df3c56e737b5bf0ff695b67883ee4cc48aa	mutations/M083/RESULT.json
f977016fbdc7025a85b6fed8efa5e1754503f2bf8447fb5612b526252c036aac	mutations/M083/broken-execution.json
997a81a67f959916f7d11a370bd43214513dcf649f34328bd02c04254b84184b	mutations/M083/broken.jsonl
37498b3424ba9d91a2b6aaa4ba88a2bc2ef7d776be0d588e428c1c07a829a17e	mutations/M083/clean-execution.json
2a447318231c9b72ecf536cc2f08896b70483ff860f31656881457273ace4363	mutations/M083/clean.jsonl
dd5e52f2f37bd3f3cc0409d390b40aa57d6f0f1153e777863d96f52af153582f	mutations/M083/mutant.diff
c8d4b73ab5bd4785c7dc16d662dc56bcb35784b5fe8446f2ec6ea6ea6232cba0	mutations/M083/restored-execution.json
5fe5f5acc18873b8bdd5171bdba076719b16a93218090782cc0221d0067cd402	mutations/M083/restored.jsonl
ebcbe8b8cec9ecea4c99fe45101a6f6f4dcb3f4190359d6c89094c0de2e720bc	mutations/M084/PLAN.json
d96415a5a8f327ec24d3e4807beb99dfbf6c671bc1922c777266a9163f1d7b57	mutations/M084/RESULT.json
8d2d8b59f0eb713375c42c7e75f0b5cc9f735e21ff642d220826a68d576ed3a9	mutations/M084/broken-execution.json
5ff13321c0709535a0ba72352f651005e104d908fa51190e2b755e81069ba8f3	mutations/M084/broken.jsonl
53e32611400711141ae565614934b47300619d21be8e362dc862878d61ee2698	mutations/M084/clean-execution.json
e1ca13eaf92d9381996a9f51b0feb6e399edd7c006e704320fcc955d12464e5f	mutations/M084/clean.jsonl
451cc8f6368292078b1a3ecf800651be28f49281f3939c13f48953414cc75774	mutations/M084/mutant.diff
68834f86b2f5e4a12cb2bdb6a4095b1fb4c0fc8389e675a516c9f9ecc9f953a7	mutations/M084/restored-execution.json
61ca30794ea6b3d86e9234f7c56aae58772ccfe78ef4145cd7ef345bbd79d135	mutations/M084/restored.jsonl
397dd2446769107861ea6f4b0814c6886ee6d32b1e387157cdb71ec90e0a88aa	mutations/M085/PLAN.json
7c53428375d89f2975e73890b75aa6b634368f396dc47bedbed505ac680ca46f	mutations/M085/RESULT.json
556b30270af3e25bf93c62fa503abf881b16393eb04755e0106c970ea5f0e2d2	mutations/M085/broken-execution.json
a5179813f522d81d6114a7acdf6099f625fcd64b32fd27b0756f9121398ce493	mutations/M085/broken.jsonl
1143e49fc1229bebbd31f3e9487575a8479906531ab74e186f158c90dc0693eb	mutations/M085/clean-execution.json
ec131686f695c59022fcc3a9ab0381a72132ba803176c77419363a0d09099317	mutations/M085/clean.jsonl
8488f283a419056c45cdc4a1509e1f0971f840a22f022e7824d048e3cf222330	mutations/M085/mutant.diff
d95ee8a55a4552d2b01fe42d6b4fed656e58e0f8daebb29871c0da10f80a585d	mutations/M085/restored-execution.json
8b626d80d483016defbf12833f6e21c8a8a727e64f51a00abc24e089a9da8727	mutations/M085/restored.jsonl
5e279df3b8bb5b2f0d23c6609ed28db3a95450ca9e4f5da8ce4f0d98a3d775a7	mutations/M086/PLAN.json
a3e607f8fa4a247390f6b51be79da51925ef43cc44c7a7b4e372d82a7e604c1a	mutations/M086/RESULT.json
6c616edced7cab501c374c2003fd1aef6b0a2ce57efbe29a99fe143987b887ef	mutations/M086/broken-execution.json
c74956118526995ba54eb79799d2bebd715558ef7dc1d4b13990b5f6f46776e1	mutations/M086/broken.jsonl
6f3ac599d8d14973c50e34e6d108ab6b6cc034fe46e0eb017f16fccfeac55cac	mutations/M086/clean-execution.json
d3816a4ddbcd2ef8d45620bdcff56d619c032266680ee281606658529b58f09b	mutations/M086/clean.jsonl
ed8b92f5984f3583b426eae60cbcbdc992654c79b09ad96a9444cc18545d12d6	mutations/M086/mutant.diff
2b8669545ae57a3de06eee090c14a0c1b59995953338b4a8160476dcb96e4c92	mutations/M086/restored-execution.json
043d66a00db83c5e6b3cb08023bc3747b0eb335113dfabbec6ae385145df02df	mutations/M086/restored.jsonl
c82eb7bd644024af549fefbaa7047c1aa22923e8bdf5a001f76567f82a689bd5	mutations/M087/PLAN.json
997f1cd8329205a3cfa9f38228d50d062c15face89df8975f231efad557e4fb0	mutations/M087/RESULT.json
81ae374dffac880a2e9d429c82975f18531a17814059c417778ae38a4f0ce491	mutations/M087/broken-execution.json
07cfb832503d614f0957c2f5a092adee86fb151551921a65b2c1ab36423a715d	mutations/M087/broken.jsonl
4dd5eb25537bb649199089b62a55f7cf7678ecafd03ecb08ff2f8a5dc6825923	mutations/M087/clean-execution.json
0169dcd5b8837061a6ed5810aa47a48933db07229beadae6c80f70b4d44a8d85	mutations/M087/clean.jsonl
bfbfad2623253c3c3eed90cc42f4359ec7c7781fb590aa599247f73c0649b238	mutations/M087/mutant.diff
08bd6efd12973b0dfbaa5778b00ca38f281d43c78ab1e9da9272705bc49aa6e3	mutations/M087/restored-execution.json
34bcc5ca3b9d96ce3f10e23401b8f403d33bf430c8e8f63762d99b6bc5291e99	mutations/M087/restored.jsonl
ae509d541cd1e305f5c44edd849d572254bce40ed387bdfaf60dce08cf0c5cd1	mutations/M088/PLAN.json
778e4bbf031b0fe4fe83ca34f14c90b6aa5513f9732e7af7d1665aa45a507222	mutations/M088/RESULT.json
20d49ff79b2eb2f0fb4227d70ab96833a8cd1f2cca28a1276377823951aea8c9	mutations/M088/broken-execution.json
64a4772df951cb789611c713c9ad8843837eb4e91cfb45c59d6eddb9a63af737	mutations/M088/broken.jsonl
1389ad86b11fcbbd416e283a34e38d4ed3cbeba620094910e4291fa6370e7e5e	mutations/M088/clean-execution.json
c9c78c579adcac34fbf75fb80e8530c4bb44b833e6df596f0050b24f537f6d4e	mutations/M088/clean.jsonl
dcb7d0857f57d2dabd8467b4d282c8707efa8f7b4d8eea82ba367e35e83667a4	mutations/M088/mutant.diff
1fb36ceba4ed2bd302174897653139d2815c5cdc4dc132078483196be46e702f	mutations/M088/restored-execution.json
72e900bbc62bb5d8c631e0fdb5f70ba3531c7b5c303ceccff8865d2d2ee7b043	mutations/M088/restored.jsonl
a034714eef828ff4bb207735a29c5a52e9923bf66b6a764a671d4d357612ac7f	mutations/M089/PLAN.json
f2e58ef7485747211f24250db65742ac51cde1d334b0cb75a37ba7c2a2f8204b	mutations/M089/RESULT.json
6c77d1290f44756af724b7e46f2960e24a1339e4308775ef123a7a7e7d9ea872	mutations/M089/broken-execution.json
84981ee115dc34d5fbe137b6e059e762b5f273af79da76cac4c94e4c17b4b524	mutations/M089/broken.jsonl
03a82185f298be5251e3249dbc4080a9fa2644e93fd21070a38e54dba8cd755a	mutations/M089/clean-execution.json
8ddb865dc0f22c2c672bf1e3c676f475ec628f6e75b7c7dce88783a7540713b7	mutations/M089/clean.jsonl
e9aac3c13d4e869f483d090e9eb9559562e1418c40ac3648a7a4cb2dfc9ced9b	mutations/M089/mutant.diff
20e79363793efdeb04cafa50aece0a16cdb62334aae918338f8ebb375bea311c	mutations/M089/restored-execution.json
d08959f9b1e257d02896e9f0438be83420d31e0684a0a7fcf43f487975f2bd1f	mutations/M089/restored.jsonl
c9df8ffc5840e37b692e00ac869a301004e0100604a26992b334848a9fb7086b	mutations/M090/PLAN.json
db6b2e1777fbc2839f3f38273d146bf7e456e7cbdd70641186b5349f875b2aca	mutations/M090/RESULT.json
d80e103d1405af98f8a9e49a51390f47d0c0c5c7c0064efb7add052573863aef	mutations/M090/broken-execution.json
1ce6d19a66fc875544577600f06d5bdbde8c6ea694e713442ab4156f06b84b37	mutations/M090/broken.jsonl
80a76b91d891c5ff60a557c5ac5e3243743aee931be2bcfa9bf375b199e3b69a	mutations/M090/clean-execution.json
54a4473ec38095641ffaad786b39e42e4cf74cef81efac3aee2b32fa8d0241c8	mutations/M090/clean.jsonl
f54284abe491fa98d9f6544ee695fc1fd7a2ae71b2212a52013e83e423933c4e	mutations/M090/mutant.diff
ac2eaf3c1dad644b8065a5d50265f9928a44eee6d268c0661febc801538dd0fc	mutations/M090/restored-execution.json
09c2e5311b7c78dd47d724c145634abc2a9cdfe1aa63da2ccae3da139a2ea698	mutations/M090/restored.jsonl
b7b04ebe4d79f209925fb70fa756c470bb574b885924d8ab370961016e1ebc67	mutations/M091/PLAN.json
6011a6faa6915e94d56986a35d5f7b4eccc3b070cf5e26733969f97adcc16e7f	mutations/M091/RESULT.json
322eb6e0dcda4eaee2b6d095b039c03894f2158d2137468c750a4447b9b65d45	mutations/M091/broken-execution.json
ea045aeabd61470bd2ec6118bb70e6afcd7226a964ccdf05b4340cac81e7e1f5	mutations/M091/broken.jsonl
29c675fcdcab93edcab9fa291ef8b2d14a031f7c77a301614160927ccd8ac621	mutations/M091/clean-execution.json
8924b86dd7d295f88d0aa1509f04dd7bea88a8edcfbacb4aacb1c1aecfd8bd64	mutations/M091/clean.jsonl
b7df58cbbb2b4febf5c8acabb4a39781f2e4440aad17d6d4b54d6a9f45bca42b	mutations/M091/mutant.diff
c603bdc894eb34d18eb9a667b46847155d8f48daef8e72c899c18fd18b7e39d8	mutations/M091/restored-execution.json
6133cb287137ffe9a0b39e6b558ecabe2f04c8fd6fc7dcbaff7129d394ad1644	mutations/M091/restored.jsonl
efcd202f601511155d6bb978ab8f9ba9550c37e3e2f4343cdf52bc603b8c0967	mutations/M092/PLAN.json
e9f08672e2090df7fa26b6f12efa49b98c3a6a6502287bb0c52c10ccc0fd73c3	mutations/M092/RESULT.json
0953d0e7f359a8c040c8b049336f6f4eda77e8b495b134db46782bdc7bdfdb60	mutations/M092/broken-execution.json
354e19f910559cef5c18d86225f1b8684638ba858db5672b7d22adbc0cbbdfb0	mutations/M092/broken.jsonl
29884dd50cd22ab46d92f5482b35ab470bf51f5dc9da56b80189fd2778a8995c	mutations/M092/clean-execution.json
a21086aeb4c919eb29e86dce2b3ed713d6d651eb5ce341ffffd19ce8ce85b687	mutations/M092/clean.jsonl
74c579cbdade6724b5d902dd5d3ee45257980bcb6417c47a781122b6e9c19bfa	mutations/M092/mutant.diff
61acdb31be6c63cd03bcb037d9bd104d4f5df740dbc9c89611deefb2486820eb	mutations/M092/restored-execution.json
1538701becb852158f149f872dd6c8c971910f034cdac7077339eeccce5da5c8	mutations/M092/restored.jsonl
2a8f7f52bb1e5536b8be9fd0555cbe6394af88a778848c1e4346d988db005260	mutations/M093/PLAN.json
a07c06bc5f7c41bca4ae951b10349b69eebfba4007324c7fdb14c1209a46d500	mutations/M093/RESULT.json
54fff42a828c2b66af8876ae9607a653fb34b2783fee2b1d4a8ddf0784ed04ec	mutations/M093/broken-execution.json
6a46289898035a5f9ff51e99c0e6c34267d0d03b33b3ffa8711aa9db9e8d0153	mutations/M093/broken.jsonl
73a0ae7aa7034b35efe7a82c397ef7745113cc900e3e973731a60e4c6394cab3	mutations/M093/clean-execution.json
04f5336d27db6df372ecff02c0603511684f72b21d34c573a9edfb935559dfe5	mutations/M093/clean.jsonl
2dec3f8c5caad067c4f7e6d1e8f146b27e2231b9998e1845b34c5b409bba6d5a	mutations/M093/mutant.diff
a4e424008b4bf96807fb3000e7f81fbc9ec5502b6fae78dae9f8452c4529077a	mutations/M093/restored-execution.json
ad4504780e8cae807b7367482a8c6a7239ecf34085e261a334ac7b7c85d4ade4	mutations/M093/restored.jsonl
835c64e540523f28d702f2808067b8789a31b7167b0a98b58cc5b4ac6b9fc498	mutations/M094/PLAN.json
34da0d46b75b97d98ce7523a87b32cecb9efced6ddbdc127ec971e76c306001c	mutations/M094/RESULT.json
b155bd4571c4f2f213438fe5d247aae916af848cc06727289a0cb206c591b40f	mutations/M094/broken-execution.json
bff892b0607855b6bb7e2bb4163e6f7cabf3e65dc7424dc66117e23bfa89d33c	mutations/M094/broken.jsonl
ecea06a6eedf0a2d64f5cda0ebea63a0841a2976055595fff1afba89f8a71ce3	mutations/M094/clean-execution.json
55e42f20bebfdfa1ac78d23a2ab0bcf27ca44abc12c4c6c7dcdb596027fbd9b1	mutations/M094/clean.jsonl
74eb65a20f2d6d0743ebfcb827cb281244f9834a19b701f5946632fcd970fd2d	mutations/M094/mutant.diff
b1c2c95e6384c6b05257cb5d2247282c9ce39c7b99d022bf4b469cc285cdfae2	mutations/M094/restored-execution.json
2e7b02a6b40c30d7bfdc9d86846f42aced7b479934dc1e80ae2144fe67238828	mutations/M094/restored.jsonl
9de6cd8a6c6fc1240555f348b0ae2303a1542ba16bad9f3ae354d582025398b7	mutations/M095/PLAN.json
c01d4f9d319d84a7d451c0ff7eaa50ae8c2a0b80d910428ce79846906d375ab3	mutations/M095/RESULT.json
2a29567076e9e66e31c00fb75100eb5b63dcdb74b9123fa245f681fa0a6e179a	mutations/M095/broken-execution.json
71b99e3826bc92a01238a61b9a92fa08ba8a515592691fe88f3a9f03ded062ef	mutations/M095/broken.jsonl
0c41ffa0744e794ae2e86d37a9529cb678313a431b8a41707cb87aaccdbbde6b	mutations/M095/clean-execution.json
e59149b0e08103cf05045183fc77af38290cf94e0cc5a3b93f8335c670f07c6a	mutations/M095/clean.jsonl
0cbf96783c7755e71bdd31774b4fc344dd36e8252c9c9ea5c4366fec89f740a0	mutations/M095/mutant.diff
fe01cd974ff2a2aab809126ad0510ff003477e0b3c9879a5a731d2b082105f99	mutations/M095/restored-execution.json
39181aa0d1d6ef6a31832c80aca062bdbd211054758bc8af13f422ec2ea76f2e	mutations/M095/restored.jsonl
e3cb3f49a29a31773f40eca18041ea0ed16d8a24328c6f62c9cbfd29c9d75a93	mutations/M096/PLAN.json
69b04ddd479064a912a2e862ac0c166698b69178131a22cbb8773d892e37d8f6	mutations/M096/RESULT.json
8ada7916623ab4d7d2b2f5359e22f4e649efe3385111e9cad5f1668d7446bd95	mutations/M096/broken-execution.json
a97b749e0da0a06c6ed56d44341ce550bacb36b33ef9c6a873ab0c6de613d12d	mutations/M096/broken.jsonl
8e9199d696b7f58cce2c8ab186a9fff0963bad755ebc023306e8e7c146e52ee3	mutations/M096/clean-execution.json
2b57ad3bfa12c233ca89a09527a667a3c43080509192a812e3947acef5661d32	mutations/M096/clean.jsonl
c414317d11c92f6f4daacf8304d6c5d3398945bd594656aee72a50740b7c097d	mutations/M096/mutant.diff
e662286f070c495045ddcc66147b7ba72a4e3af70bc9323dc990853fbd8c849c	mutations/M096/restored-execution.json
750db7556278ded5e5d67a2ad0b9bdcf5a9565c31db813a3d58e48ada33e0ac0	mutations/M096/restored.jsonl
2be8bfbaa58b2f357a28d14c1ceb102eceb22270482812fe56b31e6c869ee136	mutations/M097/PLAN.json
27818e8c5768486c1054433e18a95bec78feb474d4b71694d9138365a49ff77b	mutations/M097/RESULT.json
2c9a56b28f56397c48e8392ee29a3b0262d2297d25b1c253c73e78d8cfef38d6	mutations/M097/broken-execution.json
f2b774f0fd317bb4f0c35cefe1fcf54a25bad481b0bbb68b0a2021083ef2b6db	mutations/M097/broken.jsonl
0408c4c79f76c6d971ded2b4bb56c67644f7297a3d9a5a46d5cf452c25e5dc99	mutations/M097/clean-execution.json
98f891ec49a3f563e66f7fbcee425c20fdf6ccf65cc38ff0d41539b72c36d45c	mutations/M097/clean.jsonl
0c43e9521799a8d9cb5577cbaa6f4bad9b426d88a5f43e263f9de4b3254165c3	mutations/M097/mutant.diff
8808f0c004b49a817747845790ec32e5a05fb8e2d1ab97f445d2fcf47bf756fa	mutations/M097/restored-execution.json
8bc6cc5675c514e9339cb6454415a15b606c2acd51becc6f96ebb872896e4c69	mutations/M097/restored.jsonl
74bb8d1f817e3686283850e4da710f56289a961bc9dce7d33fcbbb288d2ae223	mutations/M098/PLAN.json
d32681b212d8814652330d10ea79033687617be2ac3aa9374ffc33d6d5a198f4	mutations/M098/RESULT.json
c11eb2b43a60367a341b22025bf28840c7a4e138058018200acabe3d54ebf638	mutations/M098/broken-execution.json
4d728260a2919ca40476991cb4ab1ad00e81d1df373af86b5427407e3bde9bb7	mutations/M098/broken.jsonl
10814cec6f501e19ea17573f1cd78ee0c6319f8a02b93bfd29a1092e2eb19176	mutations/M098/clean-execution.json
60fff930003ca9c6fcda37394fde1916becedce28fa23bfa75e1efe4cbb2b15b	mutations/M098/clean.jsonl
7aeff7daed67ea8c2634ad4bcaf610a47883eac2bf6381125251c1a2e7e5c49a	mutations/M098/mutant.diff
170edb9ee4bf349517da25dacf36e9632e0ae2f6455de0b417dc7c34545b6da8	mutations/M098/restored-execution.json
2ddb35dd20b3ce433dddfa1235921eee6dcf2a701bf06262d82b5757ce1da186	mutations/M098/restored.jsonl
8467d5484679789791aa45ef1d33d798905216b2104e91a9db570d0c3f2fbbdb	mutations/M099/PLAN.json
f22354ab111ec486adcabedfbe7b0d384c0a4a0f4633d608b43ff5177f1fcb02	mutations/M099/RESULT.json
13ec40048c08232f833ce42a298c06d44f4d842e78a931bc1fcd8dd57807add0	mutations/M099/broken-execution.json
789b29ea7e6c7faa8ac03b511c73bd6a4e6121b7ddfede19d5fb1e05b235273e	mutations/M099/broken.jsonl
c43f842a27f61c0b7c3e0eed8c88e0a22da9a46f92d01f612d7d16cb483ef186	mutations/M099/clean-execution.json
f8a80c9ed76302f8ce88e2913270748f25b08d622f08d04a24123e62772db4ec	mutations/M099/clean.jsonl
04d75add542cd6e953d216b530973cee9cbb5b9ad29ce02b4f303bf5123c7da6	mutations/M099/mutant.diff
dbab96f2164906d7e4dea45f569dc974cb7f27e0bfeef57c9691c49c7e7624d7	mutations/M099/restored-execution.json
af2116459b856a06bdfba4a042e59fb52c244ac6dffe68df59804f40b9169ce3	mutations/M099/restored.jsonl
7998f33b8edc949507d67ddc20efc07388f2fa663a4b57e7f99599146303d7b6	mutations/M100/PLAN.json
487ec30fba8a0972f21ba6e68073061380fff525810a66779b1bc6a8071d79a0	mutations/M100/RESULT.json
a34c42192ca485c9ed6f2b537e9eaf0b2eaee48ebcb31b584d2a1d27e92011c7	mutations/M100/broken-execution.json
11f57b83f1288d2967b6ff87d32dc9d3d9a6d3a968fa1c3fe0a6f580971b12bf	mutations/M100/broken.jsonl
d3f47c3e3d550b18e763860b4f090a6488f607bbf7b41dc49316bff5ac114481	mutations/M100/clean-execution.json
4a4cce0f6300ba1d03ee34c9cfd4157cc6dd0bfa682acbc3c9a852f4bdcbc2cc	mutations/M100/clean.jsonl
fcd179abb1ba7c028cc48faff23a3a878885bf741a5dba811660475017df0831	mutations/M100/mutant.diff
b519b8ce8cdd97ce5136daa3940a9c5b251dff1433c2eae3b199380ac6044286	mutations/M100/restored-execution.json
7c7f4007929907c054310815272c79115ea7c5cb175b7e6d405bb70e8a524008	mutations/M100/restored.jsonl
135a9595b12763e25d89610c67f7eb36567b98140841bd0efa310d6292905615	python-tests-final.log
fcff60b9f7218fa05ee67125abf7a81d3d680957b67dcc14c548e96aed5066f5	python-tests.log
fe1389fe442458cc979c30669b87b521ab794c0993a19ad1e6e13eeaa5d083e8	rejected-attempts/M030-type-error/PLAN.json
b6b1f5d9913ecf5adb9da4a701a64df62d711e6db3a374a71b7570118b0d0104	rejected-attempts/M030-type-error/RESULT.json
8354a176862f9b5f235c3b9093747e0c97bbe56a1604a175c854650cf766120f	rejected-attempts/M030-type-error/broken-execution.json
64e6d568f3161987bb6970f2bd0f8b79ef2ad4e01e6afb548e7e69c292303143	rejected-attempts/M030-type-error/broken.jsonl
56491d4a5e37c954907480057a745c53b93858e7571647912bed7992ddb1a818	rejected-attempts/M030-type-error/clean-execution.json
1cb67b3bedad4cb4d716937c38322061a1a094fee18a6173fe96a9432385cddb	rejected-attempts/M030-type-error/clean.jsonl
2967aba64a8025397a25dccf8cef7572b0ba37b9448c874e6099e82afd940943	rejected-attempts/M030-type-error/mutant.diff
dcf7dcee88a1de4b0a31f41c2dfe290c02ad03496356920e06d2ae5565fa38f3	rejected-attempts/M030-type-error/restored-execution.json
b2edd59c6f7117ce0baf9fefa77f355d626bab656f0cc89b292b89d41ac3eca1	rejected-attempts/M030-type-error/restored.jsonl
514d0d8850acf4fb5903376471b8c65e7985c60d4dd11615514879899d6fed10	rejected-attempts/tooling-v1/assertion-map/broken.log
fb184ea57734512b1f088f9181209901b9cd46df3eb7eaa2500ea9e48dde20b5	rejected-attempts/tooling-v1/assertion-map/clean.log
015541197a2b881837f44451a0b2904aaf22314dc4a8ae2e5ca55cf2ac540a53	rejected-attempts/tooling-v1/assertion-map/mutation.json
fb184ea57734512b1f088f9181209901b9cd46df3eb7eaa2500ea9e48dde20b5	rejected-attempts/tooling-v1/assertion-map/restored.log
67ab6f34344eb27fa543ccfded0623000e34102acb2c700c00db9672d76735d3	rejected-attempts/tooling-v1/hamilton/broken.log
fb184ea57734512b1f088f9181209901b9cd46df3eb7eaa2500ea9e48dde20b5	rejected-attempts/tooling-v1/hamilton/clean.log
4227f463ff50172e6232cea4c0df41523cb37283db20844e349e0311542dbd60	rejected-attempts/tooling-v1/hamilton/mutation.json
fb184ea57734512b1f088f9181209901b9cd46df3eb7eaa2500ea9e48dde20b5	rejected-attempts/tooling-v1/hamilton/restored.log
fb184ea57734512b1f088f9181209901b9cd46df3eb7eaa2500ea9e48dde20b5	rejected-attempts/tooling-v1/skip/broken.log
fb184ea57734512b1f088f9181209901b9cd46df3eb7eaa2500ea9e48dde20b5	rejected-attempts/tooling-v1/skip/clean.log
6201b9397edac391ee8f6f2d46b6c8e0a9186141e48207228391d46e4c3d7cba	rejected-attempts/tooling-v1/skip/mutation.json
fb184ea57734512b1f088f9181209901b9cd46df3eb7eaa2500ea9e48dde20b5	rejected-attempts/tooling-v1/skip/restored.log
1a1fc514d3885bd74e2c21853eb653b5f61d81246cd7b38032227b16344497e1	rejected-attempts/tooling-v1/source/fidelity_manifest.py
ab7b471d2cbc2094d652ca3611cbfdeecc4bf6bf6a5fa61ca900a4b687d03881	rejected-attempts/tooling-v1/source/fidelity_mutation_sample.py
53ed8c3e2d612450a0fbc69926449387f0028fa3c4f52d0d18ca51b619306c46	rejected-attempts/tooling-v1/source/fidelity_mutations/run.py
8d4bcbeae99868a34ee1cf1ead47d67510a25fd1494c9ea5f1e9724095f77bf1	rejected-attempts/tooling-v1/source/fidelity_mutations/sample.json
22e2c3a3b0b226a8fb95245d6ba720a5e3887a739b19388a645b3f9845859c2a	rejected-attempts/tooling-v1/source/test_fidelity_mutations.py
1af785a6f6947c4762fe54e321d818cd4bbc8ae00841cb2b960c11796ef858b3	rejected-attempts/tooling-v2/assertion-map/broken.log
fb184ea57734512b1f088f9181209901b9cd46df3eb7eaa2500ea9e48dde20b5	rejected-attempts/tooling-v2/assertion-map/clean.log
015541197a2b881837f44451a0b2904aaf22314dc4a8ae2e5ca55cf2ac540a53	rejected-attempts/tooling-v2/assertion-map/mutation.json
fb184ea57734512b1f088f9181209901b9cd46df3eb7eaa2500ea9e48dde20b5	rejected-attempts/tooling-v2/assertion-map/restored.log
14a52b98390d7b0eb3969791290f2f83cc69caf7bfc54710b4d62195c5afb204	rejected-attempts/tooling-v2/break-restore.json
93631a59d8e413346139d70bc8a3ef1be84308c49f671deb4d56598c91b37838	rejected-attempts/tooling-v2/crash/broken.log
fb184ea57734512b1f088f9181209901b9cd46df3eb7eaa2500ea9e48dde20b5	rejected-attempts/tooling-v2/crash/clean.log
7bac94e4d8facd27a00227dd91b998aa0c5b5d1d76c62c3153ed33e21d5bc3af	rejected-attempts/tooling-v2/crash/mutation.json
fb184ea57734512b1f088f9181209901b9cd46df3eb7eaa2500ea9e48dde20b5	rejected-attempts/tooling-v2/crash/restored.log
67ab6f34344eb27fa543ccfded0623000e34102acb2c700c00db9672d76735d3	rejected-attempts/tooling-v2/hamilton/broken.log
fb184ea57734512b1f088f9181209901b9cd46df3eb7eaa2500ea9e48dde20b5	rejected-attempts/tooling-v2/hamilton/clean.log
4227f463ff50172e6232cea4c0df41523cb37283db20844e349e0311542dbd60	rejected-attempts/tooling-v2/hamilton/mutation.json
fb184ea57734512b1f088f9181209901b9cd46df3eb7eaa2500ea9e48dde20b5	rejected-attempts/tooling-v2/hamilton/restored.log
0ac2eab60f6136e954d756f13fed97ed59ab78abf29c56e6dfb64586f0b7e302	rejected-attempts/tooling-v2/restore/broken.log
1635a6194f78c5e89329e41ae3b95909ced52dd425f9291840b91d6deaa41ba0	rejected-attempts/tooling-v2/restore/clean.log
f28703648b141e58395c855a2ad81d408992a3ce80668cce712d27b889c49f38	rejected-attempts/tooling-v2/restore/mutation.json
1635a6194f78c5e89329e41ae3b95909ced52dd425f9291840b91d6deaa41ba0	rejected-attempts/tooling-v2/restore/restored.log
2f9f3416fed2c3197a7ce0fe7823dbe583b2e5a2b0dbf22935c9d7d1c31e7e8d	rejected-attempts/tooling-v2/skip/broken.log
fb184ea57734512b1f088f9181209901b9cd46df3eb7eaa2500ea9e48dde20b5	rejected-attempts/tooling-v2/skip/clean.log
24190734de3e6d130900d7500f5df3ee43fa1e37d55f2b049510c84f448fcaa4	rejected-attempts/tooling-v2/skip/mutation.json
fb184ea57734512b1f088f9181209901b9cd46df3eb7eaa2500ea9e48dde20b5	rejected-attempts/tooling-v2/skip/restored.log
1a1fc514d3885bd74e2c21853eb653b5f61d81246cd7b38032227b16344497e1	rejected-attempts/tooling-v2/source/fidelity_manifest.py
ab7b471d2cbc2094d652ca3611cbfdeecc4bf6bf6a5fa61ca900a4b687d03881	rejected-attempts/tooling-v2/source/fidelity_mutation_sample.py
53ed8c3e2d612450a0fbc69926449387f0028fa3c4f52d0d18ca51b619306c46	rejected-attempts/tooling-v2/source/fidelity_mutations/run.py
8d4bcbeae99868a34ee1cf1ead47d67510a25fd1494c9ea5f1e9724095f77bf1	rejected-attempts/tooling-v2/source/fidelity_mutations/sample.json
eeead7a2b042ea92a93c4cb490632f5c1fb01918af9b5b800a0a8a0769769adb	rejected-attempts/tooling-v2/source/test_fidelity_mutations.py
b0ea46221516e17d171471a6fa1ac5faed7575119fdfe52a4f1ce9f6857f7f53	rejected-attempts/tooling-v2/timeout/broken.log
fb184ea57734512b1f088f9181209901b9cd46df3eb7eaa2500ea9e48dde20b5	rejected-attempts/tooling-v2/timeout/clean.log
b515a31653995a58e61c74b13ec23c970c2c37be7096b000e48596bca97c5a25	rejected-attempts/tooling-v2/timeout/mutation.json
fb184ea57734512b1f088f9181209901b9cd46df3eb7eaa2500ea9e48dde20b5	rejected-attempts/tooling-v2/timeout/restored.log
1af785a6f6947c4762fe54e321d818cd4bbc8ae00841cb2b960c11796ef858b3	rejected-attempts/tooling-v3-prereport/assertion-map/broken.log
fb184ea57734512b1f088f9181209901b9cd46df3eb7eaa2500ea9e48dde20b5	rejected-attempts/tooling-v3-prereport/assertion-map/clean.log
015541197a2b881837f44451a0b2904aaf22314dc4a8ae2e5ca55cf2ac540a53	rejected-attempts/tooling-v3-prereport/assertion-map/mutation.json
fb184ea57734512b1f088f9181209901b9cd46df3eb7eaa2500ea9e48dde20b5	rejected-attempts/tooling-v3-prereport/assertion-map/restored.log
a2b03f06ccfede664011f784f692160c2be93fb586a4ce5281e99c86b802cac7	rejected-attempts/tooling-v3-prereport/break-restore.json
7e236e527c14a20e1ab65a00e92553206ce2acd48ab18ae490013d55febf5d6b	rejected-attempts/tooling-v3-prereport/crash/broken.log
fb184ea57734512b1f088f9181209901b9cd46df3eb7eaa2500ea9e48dde20b5	rejected-attempts/tooling-v3-prereport/crash/clean.log
7bac94e4d8facd27a00227dd91b998aa0c5b5d1d76c62c3153ed33e21d5bc3af	rejected-attempts/tooling-v3-prereport/crash/mutation.json
fb184ea57734512b1f088f9181209901b9cd46df3eb7eaa2500ea9e48dde20b5	rejected-attempts/tooling-v3-prereport/crash/restored.log
67ab6f34344eb27fa543ccfded0623000e34102acb2c700c00db9672d76735d3	rejected-attempts/tooling-v3-prereport/hamilton/broken.log
fb184ea57734512b1f088f9181209901b9cd46df3eb7eaa2500ea9e48dde20b5	rejected-attempts/tooling-v3-prereport/hamilton/clean.log
4227f463ff50172e6232cea4c0df41523cb37283db20844e349e0311542dbd60	rejected-attempts/tooling-v3-prereport/hamilton/mutation.json
d10ffbd9f0faa72cd6837063279524e199b59fbc3d035051302a1e8dbc4b36ad	rejected-attempts/tooling-v3-prereport/hamilton/restored.log
7cc7889b2bd19ad0aab9629291ced83eb202b781477981a7f1d651fd2087e774	rejected-attempts/tooling-v3-prereport/restore/broken.log
1635a6194f78c5e89329e41ae3b95909ced52dd425f9291840b91d6deaa41ba0	rejected-attempts/tooling-v3-prereport/restore/clean.log
f28703648b141e58395c855a2ad81d408992a3ce80668cce712d27b889c49f38	rejected-attempts/tooling-v3-prereport/restore/mutation.json
1635a6194f78c5e89329e41ae3b95909ced52dd425f9291840b91d6deaa41ba0	rejected-attempts/tooling-v3-prereport/restore/restored.log
fcb52f737f2fe5e6c827ba4fead248f637bc95d7da909c81a4d2299669f9873b	rejected-attempts/tooling-v3-prereport/skip/broken.log
fb184ea57734512b1f088f9181209901b9cd46df3eb7eaa2500ea9e48dde20b5	rejected-attempts/tooling-v3-prereport/skip/clean.log
24190734de3e6d130900d7500f5df3ee43fa1e37d55f2b049510c84f448fcaa4	rejected-attempts/tooling-v3-prereport/skip/mutation.json
fb184ea57734512b1f088f9181209901b9cd46df3eb7eaa2500ea9e48dde20b5	rejected-attempts/tooling-v3-prereport/skip/restored.log
1a1fc514d3885bd74e2c21853eb653b5f61d81246cd7b38032227b16344497e1	rejected-attempts/tooling-v3-prereport/source/fidelity_manifest.py
ab7b471d2cbc2094d652ca3611cbfdeecc4bf6bf6a5fa61ca900a4b687d03881	rejected-attempts/tooling-v3-prereport/source/fidelity_mutation_sample.py
71992799a535cbca818b591a996dc494ffa15362dacffc7f81c315cbd9144da1	rejected-attempts/tooling-v3-prereport/source/fidelity_mutations/run.py
8d4bcbeae99868a34ee1cf1ead47d67510a25fd1494c9ea5f1e9724095f77bf1	rejected-attempts/tooling-v3-prereport/source/fidelity_mutations/sample.json
bd68200edb9ada452b03c6dfedf60c17f8931c42e6f46fa2b0b695b20d6646e0	rejected-attempts/tooling-v3-prereport/source/test_fidelity_mutations.py
04283b58f807f9e106f2693558bb5de03c1847f163620a666d47dc6425bcf5ab	rejected-attempts/tooling-v3-prereport/timeout/broken.log
fb184ea57734512b1f088f9181209901b9cd46df3eb7eaa2500ea9e48dde20b5	rejected-attempts/tooling-v3-prereport/timeout/clean.log
b515a31653995a58e61c74b13ec23c970c2c37be7096b000e48596bca97c5a25	rejected-attempts/tooling-v3-prereport/timeout/mutation.json
fb184ea57734512b1f088f9181209901b9cd46df3eb7eaa2500ea9e48dde20b5	rejected-attempts/tooling-v3-prereport/timeout/restored.log
a1abdd116e59e85711c256bffc64c97b4bf9d87eb75a34cc519a3b3fe8435355	sampling-design-note.txt
8d4bcbeae99868a34ee1cf1ead47d67510a25fd1494c9ea5f1e9724095f77bf1	sampling-locked.json
68f1ff37fc7d0598a3979067eb5ce3a85c4d31a939b666459322c05c667c6859	sampling-v1-before-test-inspection.json
7182f5830bdbd57292171ec64018b712290eb9c549f61ef2e5a14d1cc0732d60	source-restoration-audit.json
1118585d722021879cd186463c38188c7a5e2eb0fa81973f37f50e94f1fcaa96	tooling-break-restore-driver.py
08acce7fc217099fb32c668abf3a29aa62b75dafde4fe9711c772b13809774ec	tooling-final/fidelity_mutation_sample.py
5e8043b531126e2971f62deb504d72982b9935ce05bc314a11325bbf0ee9c40b	tooling-final/fidelity_mutations/plans.json
c25511ad2b6850a86d8478bfeef011f6d6c9bcf9f1b21e935ff605187e4bb412	tooling-final/fidelity_mutations/report.py
71992799a535cbca818b591a996dc494ffa15362dacffc7f81c315cbd9144da1	tooling-final/fidelity_mutations/run.py
8d4bcbeae99868a34ee1cf1ead47d67510a25fd1494c9ea5f1e9724095f77bf1	tooling-final/fidelity_mutations/sample.json
7a7de4fe73467aa515730243fe56d4d9afa001c7e367c3e000a83501b77595e2	tooling-final/test_fidelity_mutations.py
575c538a758f0934cd8aaa1222dc508e4d338aa2964f2af678dc92da9678a905	tooling-proofs/assertion-map/broken.log
fb184ea57734512b1f088f9181209901b9cd46df3eb7eaa2500ea9e48dde20b5	tooling-proofs/assertion-map/clean.log
015541197a2b881837f44451a0b2904aaf22314dc4a8ae2e5ca55cf2ac540a53	tooling-proofs/assertion-map/mutation.json
fb184ea57734512b1f088f9181209901b9cd46df3eb7eaa2500ea9e48dde20b5	tooling-proofs/assertion-map/restored.log
a91fc8bd1af6a070ac885e01bdde056c8b2daa06915e848cf2c527faec9c53b0	tooling-proofs/break-restore.json
1d7bb9d848c34c6c5b51b0da4a427adc5e7295dcd087b1ce059e95e8c2720e98	tooling-proofs/crash/broken.log
fb184ea57734512b1f088f9181209901b9cd46df3eb7eaa2500ea9e48dde20b5	tooling-proofs/crash/clean.log
7bac94e4d8facd27a00227dd91b998aa0c5b5d1d76c62c3153ed33e21d5bc3af	tooling-proofs/crash/mutation.json
fb184ea57734512b1f088f9181209901b9cd46df3eb7eaa2500ea9e48dde20b5	tooling-proofs/crash/restored.log
0ef2f148e2a3b9ce83391149ae836284686dd01405e6e670376226ad5fb60872	tooling-proofs/hamilton/broken.log
fb184ea57734512b1f088f9181209901b9cd46df3eb7eaa2500ea9e48dde20b5	tooling-proofs/hamilton/clean.log
4227f463ff50172e6232cea4c0df41523cb37283db20844e349e0311542dbd60	tooling-proofs/hamilton/mutation.json
fb184ea57734512b1f088f9181209901b9cd46df3eb7eaa2500ea9e48dde20b5	tooling-proofs/hamilton/restored.log
01b4c6ffffce4306cde8024024121d0eeee4d389fffeff19e589da0d9bfb4d60	tooling-proofs/report-verdict/broken.log
1634aa068e72aecdd48609164599c9754f5d36ad8131e4dae834a920f6245b6c	tooling-proofs/report-verdict/clean.log
bed10568859206c7ff6b0aef58185c8eb41f4476dd590071f29c2f3636b92a44	tooling-proofs/report-verdict/mutation.json
5724e7975473fe1fbec264d4064883e87ebe00e6513bd3c9aadb459632bfa4fc	tooling-proofs/report-verdict/restored.log
98b76f059fa95cc9f469a7f530b178954561e337a14dc7e9d8573aa3588dd2d0	tooling-proofs/restore/broken.log
1635a6194f78c5e89329e41ae3b95909ced52dd425f9291840b91d6deaa41ba0	tooling-proofs/restore/clean.log
f28703648b141e58395c855a2ad81d408992a3ce80668cce712d27b889c49f38	tooling-proofs/restore/mutation.json
1635a6194f78c5e89329e41ae3b95909ced52dd425f9291840b91d6deaa41ba0	tooling-proofs/restore/restored.log
a66f6d10e593eaf836d29160c9f60767eb7042cbd3c59dd78c7d0e991c5c555f	tooling-proofs/skip/broken.log
fb184ea57734512b1f088f9181209901b9cd46df3eb7eaa2500ea9e48dde20b5	tooling-proofs/skip/clean.log
24190734de3e6d130900d7500f5df3ee43fa1e37d55f2b049510c84f448fcaa4	tooling-proofs/skip/mutation.json
fb184ea57734512b1f088f9181209901b9cd46df3eb7eaa2500ea9e48dde20b5	tooling-proofs/skip/restored.log
1a1fc514d3885bd74e2c21853eb653b5f61d81246cd7b38032227b16344497e1	tooling-proofs/source/fidelity_manifest.py
ab7b471d2cbc2094d652ca3611cbfdeecc4bf6bf6a5fa61ca900a4b687d03881	tooling-proofs/source/fidelity_mutation_sample.py
4bce4ad1fd001c0d01de40278c21d598c93e591d01794359a15e56a55fd691bf	tooling-proofs/source/fidelity_mutations/report.py
71992799a535cbca818b591a996dc494ffa15362dacffc7f81c315cbd9144da1	tooling-proofs/source/fidelity_mutations/run.py
8d4bcbeae99868a34ee1cf1ead47d67510a25fd1494c9ea5f1e9724095f77bf1	tooling-proofs/source/fidelity_mutations/sample.json
676f66e9e58a1c3a7670c44cc6f43c29ab0675e614c03a058476d4cfc0ff4fa6	tooling-proofs/source/test_fidelity_mutations.py
16bebf290701f449641f121111425a7d562f8516053c3ae07041d3bc64b482b2	tooling-proofs/timeout/broken.log
fb184ea57734512b1f088f9181209901b9cd46df3eb7eaa2500ea9e48dde20b5	tooling-proofs/timeout/clean.log
b515a31653995a58e61c74b13ec23c970c2c37be7096b000e48596bca97c5a25	tooling-proofs/timeout/mutation.json
fb184ea57734512b1f088f9181209901b9cd46df3eb7eaa2500ea9e48dde20b5	tooling-proofs/timeout/restored.log
